study_id,study_role,analysis_id,analysis_summary,source_metabolite_id,analysis_feature_id,source_reported_name,refmet_name,refmet_id,super_class,main_class,sub_class,mapping_status,mapping_confidence,mapping_evidence,isotope_internal_standard_row,standard_detection_evidence,row_decision
ST001521,diet,AN002533,HILIC POSITIVE ION MODE,ME367555,ST001521|AN002533|ME367555,"1,7-Dimethyluric acid","1,7-Dimethyluric acid",RM0033507,Nucleic acids,Purines,Xanthines,mapped_by_repository_refmet_field,repository-provided; exact class-name lookup; not independently verified,MW /data refmet_name; RefMet classification cache exact-name match,False,No explicit stable-isotope suffix detected,Retain as biological candidate; preserve analysis identity
ST001521,diet,AN002533,HILIC POSITIVE ION MODE,ME367488,ST001521|AN002533|ME367488,1-Methyl nicotinamide,1-Methyl nicotinamide,RM0030166,Alkaloids,Pyridine alkaloids,Nicotinic acid alkaloids,mapped_by_repository_refmet_field,repository-provided; exact class-name lookup; not independently verified,MW /data refmet_name; RefMet classification cache exact-name match,False,No explicit stable-isotope suffix detected,Retain as biological candidate; preserve analysis identity
ST001521,diet,AN002533,HILIC POSITIVE ION MODE,ME367549,ST001521|AN002533|ME367549,1-Methyladenosine,1-Methyladenosine,RM0156409,Nucleic acids,Purines,Purine ribonucleosides,mapped_by_repository_refmet_field,repository-provided; exact class-name lookup; not independently verified,MW /data refmet_name; RefMet classification cache exact-name match,False,No explicit stable-isotope suffix detected,Retain as biological candidate; preserve analysis identity
ST001521,diet,AN002533,HILIC POSITIVE ION MODE,ME367553,ST001521|AN002533|ME367553,1-Methylguanine,1-Methylguanine,RM0171509,Nucleic acids,Purines,Hypoxanthines,mapped_by_repository_refmet_field,repository-provided; exact class-name lookup; not independently verified,MW /data refmet_name; RefMet classification cache exact-name match,False,No explicit stable-isotope suffix detected,Retain as biological candidate; preserve analysis identity
ST001521,diet,AN002533,HILIC POSITIVE ION MODE,ME367471,ST001521|AN002533|ME367471,1-Methylhistamine,1-Methylhistamine,RM0028125,Alkaloids,Histidine alkaloids,Imidazole alkaloids,mapped_by_repository_refmet_field,repository-provided; exact class-name lookup; not independently verified,MW /data refmet_name; RefMet classification cache exact-name match,False,No explicit stable-isotope suffix detected,Retain as biological candidate; preserve analysis identity
ST001521,diet,AN002533,HILIC POSITIVE ION MODE,ME367571,ST001521|AN002533|ME367571,2-Aminooctanoic acid,2-Aminocaprylic acid,RM0140624,Fatty Acyls,Fatty acids,Amino FA,mapped_by_repository_refmet_field,repository-provided; exact class-name lookup; not independently verified,MW /data refmet_name; RefMet classification cache exact-name match,False,No explicit stable-isotope suffix detected,Retain as biological candidate; preserve analysis identity
ST001521,diet,AN002533,HILIC POSITIVE ION MODE,ME367550,ST001521|AN002533|ME367550,2-Methylguanosine,2-Methylguanosine,RM0156402,Nucleic acids,Purines,Purine ribonucleosides,mapped_by_repository_refmet_field,repository-provided; exact class-name lookup; not independently verified,MW /data refmet_name; RefMet classification cache exact-name match,False,No explicit stable-isotope suffix detected,Retain as biological candidate; preserve analysis identity
ST001521,diet,AN002533,HILIC POSITIVE ION MODE,ME367556,ST001521|AN002533|ME367556,3-(N-Acetyl-L-cystein-S-yl) acetaminophen,3-(N-Acetyl-L-cystein-S-yl) acetaminophen,RM0156397,Benzenoids,Phenols,Aminophenols,mapped_by_repository_refmet_field,repository-provided; exact class-name lookup; not independently verified,MW /data refmet_name; RefMet classification cache exact-name match,False,No explicit stable-isotope suffix detected,Retain as biological candidate; preserve analysis identity
ST001521,diet,AN002533,HILIC POSITIVE ION MODE,ME367461,ST001521|AN002533|ME367461,3-Amino-isobutanoic acid,3-Aminoisobutanoic acid,RM0153208,Fatty Acyls,Fatty acids,Amino FA,mapped_by_repository_refmet_field,repository-provided; exact class-name lookup; not independently verified,MW /data refmet_name; RefMet classification cache exact-name match,False,No explicit stable-isotope suffix detected,Retain as biological candidate; preserve analysis identity
ST001521,diet,AN002533,HILIC POSITIVE ION MODE,ME367489,ST001521|AN002533|ME367489,3-Dehydroxycarnitine,3-Dehydroxycarnitine,RM0136342,Fatty Acyls,Fatty esters,Acyl carnitines,mapped_by_repository_refmet_field,repository-provided; exact class-name lookup; not independently verified,MW /data refmet_name; RefMet classification cache exact-name match,False,No explicit stable-isotope suffix detected,Retain as biological candidate; preserve analysis identity
ST001521,diet,AN002533,HILIC POSITIVE ION MODE,ME367472,ST001521|AN002533|ME367472,3-Hydroxyanthranilic acid,3-Hydroxyanthranilic acid,RM0136103,Benzenoids,Benzoic acids,Hydroxybenzoic acids,mapped_by_repository_refmet_field,repository-provided; exact class-name lookup; not independently verified,MW /data refmet_name; RefMet classification cache exact-name match,False,No explicit stable-isotope suffix detected,Retain as biological candidate; preserve analysis identity
ST001521,diet,AN002533,HILIC POSITIVE ION MODE,ME367551,ST001521|AN002533|ME367551,3-Methylhistidine,3-Methylhistidine,RM0135956,Organic acids,Amino acids and peptides,Amino acids,mapped_by_repository_refmet_field,repository-provided; exact class-name lookup; not independently verified,MW /data refmet_name; RefMet classification cache exact-name match,False,No explicit stable-isotope suffix detected,Retain as biological candidate; preserve analysis identity
ST001521,diet,AN002533,HILIC POSITIVE ION MODE,ME367559,ST001521|AN002533|ME367559,4-Acetamidobutanoic acid,4-Acetamidobutanoic acid,RM0042346,Organic acids,Amino acids and peptides,Amino acids,mapped_by_repository_refmet_field,repository-provided; exact class-name lookup; not independently verified,MW /data refmet_name; RefMet classification cache exact-name match,False,No explicit stable-isotope suffix detected,Retain as biological candidate; preserve analysis identity
ST001521,diet,AN002533,HILIC POSITIVE ION MODE,ME367557,ST001521|AN002533|ME367557,4-Aminohippuric acid,4-Aminohippuric acid,RM0136122,Benzenoids,Benzamides,Hippuric acids,mapped_by_repository_refmet_field,repository-provided; exact class-name lookup; not independently verified,MW /data refmet_name; RefMet classification cache exact-name match,False,No explicit stable-isotope suffix detected,Retain as biological candidate; preserve analysis identity
ST001521,diet,AN002533,HILIC POSITIVE ION MODE,ME367558,ST001521|AN002533|ME367558,4-Hydroxy-3-methylacetophenone,4-Hydroxy-3-methylacetophenone,RM0021451,Benzenoids,Benzenes,Acetophenones,mapped_by_repository_refmet_field,repository-provided; exact class-name lookup; not independently verified,MW /data refmet_name; RefMet classification cache exact-name match,False,No explicit stable-isotope suffix detected,Retain as biological candidate; preserve analysis identity
ST001521,diet,AN002533,HILIC POSITIVE ION MODE,ME367564,ST001521|AN002533|ME367564,5-Acetylamino-6-amino-3-methyluracil,5-Acetylamino-6-amino-3-methyluracil,RM0136284,Organic nitrogen compounds,Organonitrogen compounds,N-arylamides,mapped_by_repository_refmet_field,repository-provided; exact class-name lookup; not independently verified,MW /data refmet_name; RefMet classification cache exact-name match,False,No explicit stable-isotope suffix detected,Retain as biological candidate; preserve analysis identity
ST001521,diet,AN002533,HILIC POSITIVE ION MODE,ME367561,ST001521|AN002533|ME367561,5-Hydroxymethyl-4-methyluracil,5-Hydroxymethyl-4-methyluracil,RM0135965,Nucleic acids,Pyrimidines,Pyrimidones,mapped_by_repository_refmet_field,repository-provided; exact class-name lookup; not independently verified,MW /data refmet_name; RefMet classification cache exact-name match,False,No explicit stable-isotope suffix detected,Retain as biological candidate; preserve analysis identity
ST001521,diet,AN002533,HILIC POSITIVE ION MODE,ME367562,ST001521|AN002533|ME367562,5-Hydroxytryptophol,5-Hydroxytryptophol,RM0006649,Alkaloids,Tryptophan alkaloids,Simple indole alkaloids,mapped_by_repository_refmet_field,repository-provided; exact class-name lookup; not independently verified,MW /data refmet_name; RefMet classification cache exact-name match,False,No explicit stable-isotope suffix detected,Retain as biological candidate; preserve analysis identity
ST001521,diet,AN002533,HILIC POSITIVE ION MODE,ME367563,ST001521|AN002533|ME367563,5-Methylcytidine,5-Methylcytidine,RM0033028,Nucleic acids,Pyrimidines,Pyrimidine ribonucleosides,mapped_by_repository_refmet_field,repository-provided; exact class-name lookup; not independently verified,MW /data refmet_name; RefMet classification cache exact-name match,False,No explicit stable-isotope suffix detected,Retain as biological candidate; preserve analysis identity
ST001521,diet,AN002533,HILIC POSITIVE ION MODE,ME367565,ST001521|AN002533|ME367565,"6,8-Dihydroxypurine","6,8-Dihydroxypurine",RM0136068,Nucleic acids,Purines,Hypoxanthines,mapped_by_repository_refmet_field,repository-provided; exact class-name lookup; not independently verified,MW /data refmet_name; RefMet classification cache exact-name match,False,No explicit stable-isotope suffix detected,Retain as biological candidate; preserve analysis identity
ST001521,diet,AN002533,HILIC POSITIVE ION MODE,ME367566,ST001521|AN002533|ME367566,7-Methylguanine,7-Methylguanine,RM0156417,Nucleic acids,Purines,Hypoxanthines,mapped_by_repository_refmet_field,repository-provided; exact class-name lookup; not independently verified,MW /data refmet_name; RefMet classification cache exact-name match,False,No explicit stable-isotope suffix detected,Retain as biological candidate; preserve analysis identity
ST001521,diet,AN002533,HILIC POSITIVE ION MODE,ME367567,ST001521|AN002533|ME367567,7-Methylxanthine,7-Methylxanthine,RM0033054,Nucleic acids,Purines,Xanthines,mapped_by_repository_refmet_field,repository-provided; exact class-name lookup; not independently verified,MW /data refmet_name; RefMet classification cache exact-name match,False,No explicit stable-isotope suffix detected,Retain as biological candidate; preserve analysis identity
ST001521,diet,AN002533,HILIC POSITIVE ION MODE,ME367568,ST001521|AN002533|ME367568,Acetaminophen,Acetaminophen,RM0042351,Benzenoids,Phenols,Aminophenols,mapped_by_repository_refmet_field,repository-provided; exact class-name lookup; not independently verified,MW /data refmet_name; RefMet classification cache exact-name match,False,No explicit stable-isotope suffix detected,Retain as biological candidate; preserve analysis identity
ST001521,diet,AN002533,HILIC POSITIVE ION MODE,ME367483,ST001521|AN002533|ME367483,Adenosine,Adenosine,RM0135870,Nucleic acids,Purines,Purine ribonucleosides,mapped_by_repository_refmet_field,repository-provided; exact class-name lookup; not independently verified,MW /data refmet_name; RefMet classification cache exact-name match,False,No explicit stable-isotope suffix detected,Retain as biological candidate; preserve analysis identity
ST001521,diet,AN002533,HILIC POSITIVE ION MODE,ME367569,ST001521|AN002533|ME367569,Adrenochrome,Adrenochrome,RM0136387,Alkaloids,Tryptophan alkaloids,Simple indole alkaloids,mapped_by_repository_refmet_field,repository-provided; exact class-name lookup; not independently verified,MW /data refmet_name; RefMet classification cache exact-name match,False,No explicit stable-isotope suffix detected,Retain as biological candidate; preserve analysis identity
ST001521,diet,AN002533,HILIC POSITIVE ION MODE,ME367439,ST001521|AN002533|ME367439,Alanine,Alanine,RM0135898,Organic acids,Amino acids and peptides,Amino acids,mapped_by_repository_refmet_field,repository-provided; exact class-name lookup; not independently verified,MW /data refmet_name; RefMet classification cache exact-name match,False,No explicit stable-isotope suffix detected,Retain as biological candidate; preserve analysis identity
ST001521,diet,AN002533,HILIC POSITIVE ION MODE,ME367468,ST001521|AN002533|ME367468,Allantoin,Allantoin,RM0118303,Organoheterocyclic compounds,Cyclic ureas,Ureides,mapped_by_repository_refmet_field,repository-provided; exact class-name lookup; not independently verified,MW /data refmet_name; RefMet classification cache exact-name match,False,No explicit stable-isotope suffix detected,Retain as biological candidate; preserve analysis identity
ST001521,diet,AN002533,HILIC POSITIVE ION MODE,ME367447,ST001521|AN002533|ME367447,Arginine,Arginine,RM0135963,Organic acids,Amino acids and peptides,Amino acids,mapped_by_repository_refmet_field,repository-provided; exact class-name lookup; not independently verified,MW /data refmet_name; RefMet classification cache exact-name match,False,No explicit stable-isotope suffix detected,Retain as biological candidate; preserve analysis identity
ST001521,diet,AN002533,HILIC POSITIVE ION MODE,ME367444,ST001521|AN002533|ME367444,Asparagine,Asparagine,RM0135724,Organic acids,Amino acids and peptides,Amino acids,mapped_by_repository_refmet_field,repository-provided; exact class-name lookup; not independently verified,MW /data refmet_name; RefMet classification cache exact-name match,False,No explicit stable-isotope suffix detected,Retain as biological candidate; preserve analysis identity
ST001521,diet,AN002533,HILIC POSITIVE ION MODE,ME367475,ST001521|AN002533|ME367475,Betaine,Betaine,RM0135869,Organic acids,Amino acids and peptides,Amino acids,mapped_by_repository_refmet_field,repository-provided; exact class-name lookup; not independently verified,MW /data refmet_name; RefMet classification cache exact-name match,False,No explicit stable-isotope suffix detected,Retain as biological candidate; preserve analysis identity
ST001521,diet,AN002533,HILIC POSITIVE ION MODE,ME367570,ST001521|AN002533|ME367570,Bilirubin,Bilirubin,RM0135872,Organoheterocyclic compounds,Bilirubins,Bilirubins,mapped_by_repository_refmet_field,repository-provided; exact class-name lookup; not independently verified,MW /data refmet_name; RefMet classification cache exact-name match,False,No explicit stable-isotope suffix detected,Retain as biological candidate; preserve analysis identity
ST001521,diet,AN002533,HILIC POSITIVE ION MODE,ME367607,ST001521|AN002533|ME367607,Biliverdin,Biliverdin,RM0136810,Organoheterocyclic compounds,Bilirubins,Bilirubins,mapped_by_repository_refmet_field,repository-provided; exact class-name lookup; not independently verified,MW /data refmet_name; RefMet classification cache exact-name match,False,No explicit stable-isotope suffix detected,Retain as biological candidate; preserve analysis identity
ST001521,diet,AN002533,HILIC POSITIVE ION MODE,ME367505,ST001521|AN002533|ME367505,CAR(10:0),CAR 10:0,RM0153849,Fatty Acyls,Fatty esters,Acyl carnitines,mapped_by_repository_refmet_field,repository-provided; exact class-name lookup; not independently verified,MW /data refmet_name; RefMet classification cache exact-name match,False,No explicit stable-isotope suffix detected,Retain as biological candidate; preserve analysis identity
ST001521,diet,AN002533,HILIC POSITIVE ION MODE,ME367506,ST001521|AN002533|ME367506,CAR(10:2),CAR 10:2,RM0154065,Fatty Acyls,Fatty esters,Acyl carnitines,mapped_by_repository_refmet_field,repository-provided; exact class-name lookup; not independently verified,MW /data refmet_name; RefMet classification cache exact-name match,False,No explicit stable-isotope suffix detected,Retain as biological candidate; preserve analysis identity
ST001521,diet,AN002533,HILIC POSITIVE ION MODE,ME367507,ST001521|AN002533|ME367507,CAR(12:0),CAR 12:0,RM0154012,Fatty Acyls,Fatty esters,Acyl carnitines,mapped_by_repository_refmet_field,repository-provided; exact class-name lookup; not independently verified,MW /data refmet_name; RefMet classification cache exact-name match,False,No explicit stable-isotope suffix detected,Retain as biological candidate; preserve analysis identity
ST001521,diet,AN002533,HILIC POSITIVE ION MODE,ME367508,ST001521|AN002533|ME367508,CAR(12:1),CAR 12:1,RM0154155,Fatty Acyls,Fatty esters,Acyl carnitines,mapped_by_repository_refmet_field,repository-provided; exact class-name lookup; not independently verified,MW /data refmet_name; RefMet classification cache exact-name match,False,No explicit stable-isotope suffix detected,Retain as biological candidate; preserve analysis identity
ST001521,diet,AN002533,HILIC POSITIVE ION MODE,ME367509,ST001521|AN002533|ME367509,CAR(14:0),CAR 14:0,RM0154013,Fatty Acyls,Fatty esters,Acyl carnitines,mapped_by_repository_refmet_field,repository-provided; exact class-name lookup; not independently verified,MW /data refmet_name; RefMet classification cache exact-name match,False,No explicit stable-isotope suffix detected,Retain as biological candidate; preserve analysis identity
ST001521,diet,AN002533,HILIC POSITIVE ION MODE,ME367510,ST001521|AN002533|ME367510,CAR(14:1),CAR 14:1,RM0154190,Fatty Acyls,Fatty esters,Acyl carnitines,mapped_by_repository_refmet_field,repository-provided; exact class-name lookup; not independently verified,MW /data refmet_name; RefMet classification cache exact-name match,False,No explicit stable-isotope suffix detected,Retain as biological candidate; preserve analysis identity
ST001521,diet,AN002533,HILIC POSITIVE ION MODE,ME367511,ST001521|AN002533|ME367511,CAR(14:2),CAR 14:2,RM0154069,Fatty Acyls,Fatty esters,Acyl carnitines,mapped_by_repository_refmet_field,repository-provided; exact class-name lookup; not independently verified,MW /data refmet_name; RefMet classification cache exact-name match,False,No explicit stable-isotope suffix detected,Retain as biological candidate; preserve analysis identity
ST001521,diet,AN002533,HILIC POSITIVE ION MODE,ME367512,ST001521|AN002533|ME367512,CAR(16:0),CAR 16:0,RM0153848,Fatty Acyls,Fatty esters,Acyl carnitines,mapped_by_repository_refmet_field,repository-provided; exact class-name lookup; not independently verified,MW /data refmet_name; RefMet classification cache exact-name match,False,No explicit stable-isotope suffix detected,Retain as biological candidate; preserve analysis identity
ST001521,diet,AN002533,HILIC POSITIVE ION MODE,ME367513,ST001521|AN002533|ME367513,CAR(18:0),CAR 18:0,RM0153850,Fatty Acyls,Fatty esters,Acyl carnitines,mapped_by_repository_refmet_field,repository-provided; exact class-name lookup; not independently verified,MW /data refmet_name; RefMet classification cache exact-name match,False,No explicit stable-isotope suffix detected,Retain as biological candidate; preserve analysis identity
ST001521,diet,AN002533,HILIC POSITIVE ION MODE,ME367514,ST001521|AN002533|ME367514,CAR(18:1),CAR 18:1,RM0153915,Fatty Acyls,Fatty esters,Acyl carnitines,mapped_by_repository_refmet_field,repository-provided; exact class-name lookup; not independently verified,MW /data refmet_name; RefMet classification cache exact-name match,False,No explicit stable-isotope suffix detected,Retain as biological candidate; preserve analysis identity
ST001521,diet,AN002533,HILIC POSITIVE ION MODE,ME367515,ST001521|AN002533|ME367515,CAR(18:2),CAR 18:2,RM0154158,Fatty Acyls,Fatty esters,Acyl carnitines,mapped_by_repository_refmet_field,repository-provided; exact class-name lookup; not independently verified,MW /data refmet_name; RefMet classification cache exact-name match,False,No explicit stable-isotope suffix detected,Retain as biological candidate; preserve analysis identity
ST001521,diet,AN002533,HILIC POSITIVE ION MODE,ME367516,ST001521|AN002533|ME367516,CAR(26:0),CAR 26:0,RM0154153,Fatty Acyls,Fatty esters,Acyl carnitines,mapped_by_repository_refmet_field,repository-provided; exact class-name lookup; not independently verified,MW /data refmet_name; RefMet classification cache exact-name match,False,No explicit stable-isotope suffix detected,Retain as biological candidate; preserve analysis identity
ST001521,diet,AN002533,HILIC POSITIVE ION MODE,ME367493,ST001521|AN002533|ME367493,CAR(2:0),CAR 2:0,RM0154009,Fatty Acyls,Fatty esters,Acyl carnitines,mapped_by_repository_refmet_field,repository-provided; exact class-name lookup; not independently verified,MW /data refmet_name; RefMet classification cache exact-name match,False,No explicit stable-isotope suffix detected,Retain as biological candidate; preserve analysis identity
ST001521,diet,AN002533,HILIC POSITIVE ION MODE,ME367494,ST001521|AN002533|ME367494,CAR(3:0),CAR 3:0,RM0154041,Fatty Acyls,Fatty esters,Acyl carnitines,mapped_by_repository_refmet_field,repository-provided; exact class-name lookup; not independently verified,MW /data refmet_name; RefMet classification cache exact-name match,False,No explicit stable-isotope suffix detected,Retain as biological candidate; preserve analysis identity
ST001521,diet,AN002533,HILIC POSITIVE ION MODE,ME367497,ST001521|AN002533|ME367497,CAR(4:0(OH)),CAR 4:0;OH,RM0154193,Fatty Acyls,Fatty esters,Acyl carnitines,mapped_by_repository_refmet_field,repository-provided; exact class-name lookup; not independently verified,MW /data refmet_name; RefMet classification cache exact-name match,False,No explicit stable-isotope suffix detected,Retain as biological candidate; preserve analysis identity
ST001521,diet,AN002533,HILIC POSITIVE ION MODE,ME367496,ST001521|AN002533|ME367496,CAR(4:0),CAR 4:0,RM0153847,Fatty Acyls,Fatty esters,Acyl carnitines,mapped_by_repository_refmet_field,repository-provided; exact class-name lookup; not independently verified,MW /data refmet_name; RefMet classification cache exact-name match,False,No explicit stable-isotope suffix detected,Retain as biological candidate; preserve analysis identity
ST001521,diet,AN002533,HILIC POSITIVE ION MODE,ME367498,ST001521|AN002533|ME367498,CAR(5:0),CAR 5:0,RM0154185,Fatty Acyls,Fatty esters,Acyl carnitines,mapped_by_repository_refmet_field,repository-provided; exact class-name lookup; not independently verified,MW /data refmet_name; RefMet classification cache exact-name match,False,No explicit stable-isotope suffix detected,Retain as biological candidate; preserve analysis identity
ST001521,diet,AN002533,HILIC POSITIVE ION MODE,ME367499,ST001521|AN002533|ME367499,CAR(5:1),CAR 5:1,RM0156347,Fatty Acyls,Fatty esters,Acyl carnitines,mapped_by_repository_refmet_field,repository-provided; exact class-name lookup; not independently verified,MW /data refmet_name; RefMet classification cache exact-name match,False,No explicit stable-isotope suffix detected,Retain as biological candidate; preserve analysis identity
ST001521,diet,AN002533,HILIC POSITIVE ION MODE,ME367501,ST001521|AN002533|ME367501,CAR(6:0),CAR 6:0,RM0153846,Fatty Acyls,Fatty esters,Acyl carnitines,mapped_by_repository_refmet_field,repository-provided; exact class-name lookup; not independently verified,MW /data refmet_name; RefMet classification cache exact-name match,False,No explicit stable-isotope suffix detected,Retain as biological candidate; preserve analysis identity
ST001521,diet,AN002533,HILIC POSITIVE ION MODE,ME367502,ST001521|AN002533|ME367502,CAR(7:0),CAR 7:0,RM0154207,Fatty Acyls,Fatty esters,Acyl carnitines,mapped_by_repository_refmet_field,repository-provided; exact class-name lookup; not independently verified,MW /data refmet_name; RefMet classification cache exact-name match,False,No explicit stable-isotope suffix detected,Retain as biological candidate; preserve analysis identity
ST001521,diet,AN002533,HILIC POSITIVE ION MODE,ME367503,ST001521|AN002533|ME367503,CAR(8:0),CAR 8:0,RM0154093,Fatty Acyls,Fatty esters,Acyl carnitines,mapped_by_repository_refmet_field,repository-provided; exact class-name lookup; not independently verified,MW /data refmet_name; RefMet classification cache exact-name match,False,No explicit stable-isotope suffix detected,Retain as biological candidate; preserve analysis identity
ST001521,diet,AN002533,HILIC POSITIVE ION MODE,ME367504,ST001521|AN002533|ME367504,CAR(9:0),CAR 9:0,RM0153881,Fatty Acyls,Fatty esters,Acyl carnitines,mapped_by_repository_refmet_field,repository-provided; exact class-name lookup; not independently verified,MW /data refmet_name; RefMet classification cache exact-name match,False,No explicit stable-isotope suffix detected,Retain as biological candidate; preserve analysis identity
ST001521,diet,AN002533,HILIC POSITIVE ION MODE,ME367495,ST001521|AN002533|ME367495,CAR(DC3:0(2Me)),CAR DC3:0;2Me,RM0154015,Fatty Acyls,Fatty esters,Acyl carnitines,mapped_by_repository_refmet_field,repository-provided; exact class-name lookup; not independently verified,MW /data refmet_name; RefMet classification cache exact-name match,False,No explicit stable-isotope suffix detected,Retain as biological candidate; preserve analysis identity
ST001521,diet,AN002533,HILIC POSITIVE ION MODE,ME367500,ST001521|AN002533|ME367500,CAR(DC5:0),CAR DC5:0,RM0153962,Fatty Acyls,Fatty esters,Acyl carnitines,mapped_by_repository_refmet_field,repository-provided; exact class-name lookup; not independently verified,MW /data refmet_name; RefMet classification cache exact-name match,False,No explicit stable-isotope suffix detected,Retain as biological candidate; preserve analysis identity
ST001521,diet,AN002533,HILIC POSITIVE ION MODE,ME367608,ST001521|AN002533|ME367608,Caffeine,Caffeine,RM0032992,Nucleic acids,Purines,Xanthines,mapped_by_repository_refmet_field,repository-provided; exact class-name lookup; not independently verified,MW /data refmet_name; RefMet classification cache exact-name match,False,No explicit stable-isotope suffix detected,Retain as biological candidate; preserve analysis identity
ST001521,diet,AN002533,HILIC POSITIVE ION MODE,ME367492,ST001521|AN002533|ME367492,Carnitine,Carnitine,RM0008606,Organic nitrogen compounds,Carnitines,Carnitines,mapped_by_repository_refmet_field,repository-provided; exact class-name lookup; not independently verified,MW /data refmet_name; RefMet classification cache exact-name match,False,No explicit stable-isotope suffix detected,Retain as biological candidate; preserve analysis identity
ST001521,diet,AN002533,HILIC POSITIVE ION MODE,ME367476,ST001521|AN002533|ME367476,Choline,Choline,RM0028739,Organic nitrogen compounds,Cholines,Cholines,mapped_by_repository_refmet_field,repository-provided; exact class-name lookup; not independently verified,MW /data refmet_name; RefMet classification cache exact-name match,False,No explicit stable-isotope suffix detected,Retain as biological candidate; preserve analysis identity
ST001521,diet,AN002533,HILIC POSITIVE ION MODE,ME367477,ST001521|AN002533|ME367477,Choline phosphate,Choline phosphate,RM0007522,Organic nitrogen compounds,Cholines,Cholines,mapped_by_repository_refmet_field,repository-provided; exact class-name lookup; not independently verified,MW /data refmet_name; RefMet classification cache exact-name match,False,No explicit stable-isotope suffix detected,Retain as biological candidate; preserve analysis identity
ST001521,diet,AN002533,HILIC POSITIVE ION MODE,ME367458,ST001521|AN002533|ME367458,Citrulline,Citrulline,RM0136022,Organic acids,Amino acids and peptides,Amino acids,mapped_by_repository_refmet_field,repository-provided; exact class-name lookup; not independently verified,MW /data refmet_name; RefMet classification cache exact-name match,False,No explicit stable-isotope suffix detected,Retain as biological candidate; preserve analysis identity
ST001521,diet,AN002533,HILIC POSITIVE ION MODE,ME367486,ST001521|AN002533|ME367486,Cotinine,Cotinine,RM0040469,Alkaloids,Pyridine alkaloids,Nicotinic acid alkaloids,mapped_by_repository_refmet_field,repository-provided; exact class-name lookup; not independently verified,MW /data refmet_name; RefMet classification cache exact-name match,False,No explicit stable-isotope suffix detected,Retain as biological candidate; preserve analysis identity
ST001521,diet,AN002533,HILIC POSITIVE ION MODE,ME367479,ST001521|AN002533|ME367479,Creatine,Creatine,RM0135876,Organic acids,Amino acids and peptides,Amino acids,mapped_by_repository_refmet_field,repository-provided; exact class-name lookup; not independently verified,MW /data refmet_name; RefMet classification cache exact-name match,False,No explicit stable-isotope suffix detected,Retain as biological candidate; preserve analysis identity
ST001521,diet,AN002533,HILIC POSITIVE ION MODE,ME367480,ST001521|AN002533|ME367480,Creatinine,Creatinine,RM0028430,Organoheterocyclic compounds,Azoles,Imidazolines,mapped_by_repository_refmet_field,repository-provided; exact class-name lookup; not independently verified,MW /data refmet_name; RefMet classification cache exact-name match,False,No explicit stable-isotope suffix detected,Retain as biological candidate; preserve analysis identity
ST001521,diet,AN002533,HILIC POSITIVE ION MODE,ME367484,ST001521|AN002533|ME367484,Cytosine,Cytosine,RM0050550,Nucleic acids,Pyrimidines,Pyrimidones,mapped_by_repository_refmet_field,repository-provided; exact class-name lookup; not independently verified,MW /data refmet_name; RefMet classification cache exact-name match,False,No explicit stable-isotope suffix detected,Retain as biological candidate; preserve analysis identity
ST001521,diet,AN002533,HILIC POSITIVE ION MODE,ME367572,ST001521|AN002533|ME367572,DMGV,DMGV,RM0028710,Organic acids,Keto acids,Short-chain keto acids,mapped_by_repository_refmet_field,repository-provided; exact class-name lookup; not independently verified,MW /data refmet_name; RefMet classification cache exact-name match,False,No explicit stable-isotope suffix detected,Retain as biological candidate; preserve analysis identity
ST001521,diet,AN002533,HILIC POSITIVE ION MODE,ME367465,ST001521|AN002533|ME367465,Dimethylarginine,Dimethylarginine,RM0131870,Organic acids,Amino acids and peptides,Amino acids,mapped_by_repository_refmet_field,repository-provided; exact class-name lookup; not independently verified,MW /data refmet_name; RefMet classification cache exact-name match,False,No explicit stable-isotope suffix detected,Retain as biological candidate; preserve analysis identity
ST001521,diet,AN002533,HILIC POSITIVE ION MODE,ME367464,ST001521|AN002533|ME367464,Dimethylglycine,Dimethylglycine,RM0135883,Organic acids,Amino acids and peptides,Amino acids,mapped_by_repository_refmet_field,repository-provided; exact class-name lookup; not independently verified,MW /data refmet_name; RefMet classification cache exact-name match,False,No explicit stable-isotope suffix detected,Retain as biological candidate; preserve analysis identity
ST001521,diet,AN002533,HILIC POSITIVE ION MODE,ME367573,ST001521|AN002533|ME367573,Ectoine,Ectoine,RM0033341,Nucleic acids,Pyrimidines,Hydropyrimidines,mapped_by_repository_refmet_field,repository-provided; exact class-name lookup; not independently verified,MW /data refmet_name; RefMet classification cache exact-name match,False,No explicit stable-isotope suffix detected,Retain as biological candidate; preserve analysis identity
ST001521,diet,AN002533,HILIC POSITIVE ION MODE,ME367443,ST001521|AN002533|ME367443,Glutamic acid,Glutamic acid,RM0135893,Organic acids,Amino acids and peptides,Amino acids,mapped_by_repository_refmet_field,repository-provided; exact class-name lookup; not independently verified,MW /data refmet_name; RefMet classification cache exact-name match,False,No explicit stable-isotope suffix detected,Retain as biological candidate; preserve analysis identity
ST001521,diet,AN002533,HILIC POSITIVE ION MODE,ME367445,ST001521|AN002533|ME367445,Glutamine,Glutamine,RM0012560,Organic acids,Amino acids and peptides,Amino acids,mapped_by_repository_refmet_field,repository-provided; exact class-name lookup; not independently verified,MW /data refmet_name; RefMet classification cache exact-name match,False,No explicit stable-isotope suffix detected,Retain as biological candidate; preserve analysis identity
ST001521,diet,AN002533,HILIC POSITIVE ION MODE,ME367438,ST001521|AN002533|ME367438,Glycine,Glycine,RM0135888,Organic acids,Amino acids and peptides,Amino acids,mapped_by_repository_refmet_field,repository-provided; exact class-name lookup; not independently verified,MW /data refmet_name; RefMet classification cache exact-name match,False,No explicit stable-isotope suffix detected,Retain as biological candidate; preserve analysis identity
ST001521,diet,AN002533,HILIC POSITIVE ION MODE,ME367574,ST001521|AN002533|ME367574,Guanidoacetic acid,Guanidoacetic acid,RM0040234,Organic acids,Amino acids and peptides,Amino acids,mapped_by_repository_refmet_field,repository-provided; exact class-name lookup; not independently verified,MW /data refmet_name; RefMet classification cache exact-name match,False,No explicit stable-isotope suffix detected,Retain as biological candidate; preserve analysis identity
ST001521,diet,AN002533,HILIC POSITIVE ION MODE,ME367575,ST001521|AN002533|ME367575,Guanine,Guanine,RM0018303,Nucleic acids,Purines,Hypoxanthines,mapped_by_repository_refmet_field,repository-provided; exact class-name lookup; not independently verified,MW /data refmet_name; RefMet classification cache exact-name match,False,No explicit stable-isotope suffix detected,Retain as biological candidate; preserve analysis identity
ST001521,diet,AN002533,HILIC POSITIVE ION MODE,ME367470,ST001521|AN002533|ME367470,Histamine,Histamine,RM0042526,Alkaloids,Histidine alkaloids,Imidazole alkaloids,mapped_by_repository_refmet_field,repository-provided; exact class-name lookup; not independently verified,MW /data refmet_name; RefMet classification cache exact-name match,False,No explicit stable-isotope suffix detected,Retain as biological candidate; preserve analysis identity
ST001521,diet,AN002533,HILIC POSITIVE ION MODE,ME367446,ST001521|AN002533|ME367446,Histidine,Histidine,RM0129894,Organic acids,Amino acids and peptides,Amino acids,mapped_by_repository_refmet_field,repository-provided; exact class-name lookup; not independently verified,MW /data refmet_name; RefMet classification cache exact-name match,False,No explicit stable-isotope suffix detected,Retain as biological candidate; preserve analysis identity
ST001521,diet,AN002533,HILIC POSITIVE ION MODE,ME367609,ST001521|AN002533|ME367609,Homocitrulline,Homocitrulline,RM0138931,Organic acids,Amino acids and peptides,Amino acids,mapped_by_repository_refmet_field,repository-provided; exact class-name lookup; not independently verified,MW /data refmet_name; RefMet classification cache exact-name match,False,No explicit stable-isotope suffix detected,Retain as biological candidate; preserve analysis identity
ST001521,diet,AN002533,HILIC POSITIVE ION MODE,ME367456,ST001521|AN002533|ME367456,Hydroxyproline,Hydroxyproline,RM0028010,Organic acids,Amino acids and peptides,Amino acids,mapped_by_repository_refmet_field,repository-provided; exact class-name lookup; not independently verified,MW /data refmet_name; RefMet classification cache exact-name match,False,No explicit stable-isotope suffix detected,Retain as biological candidate; preserve analysis identity
ST001521,diet,AN002533,HILIC POSITIVE ION MODE,ME367611,ST001521|AN002533|ME367611,Hypotaurine,Hypotaurine,RM0136027,Organic acids,Sulfinic acids,Sulfinic acids,mapped_by_repository_refmet_field,repository-provided; exact class-name lookup; not independently verified,MW /data refmet_name; RefMet classification cache exact-name match,False,No explicit stable-isotope suffix detected,Retain as biological candidate; preserve analysis identity
ST001521,diet,AN002533,HILIC POSITIVE ION MODE,ME367576,ST001521|AN002533|ME367576,Hypoxanthine,Hypoxanthine,RM0135895,Nucleic acids,Purines,Hypoxanthines,mapped_by_repository_refmet_field,repository-provided; exact class-name lookup; not independently verified,MW /data refmet_name; RefMet classification cache exact-name match,False,No explicit stable-isotope suffix detected,Retain as biological candidate; preserve analysis identity
ST001521,diet,AN002533,HILIC POSITIVE ION MODE,ME367577,ST001521|AN002533|ME367577,Imidazoleacetic acid,Imidazoleacetic acid,RM0009104,Alkaloids,Histidine alkaloids,Imidazole alkaloids,mapped_by_repository_refmet_field,repository-provided; exact class-name lookup; not independently verified,MW /data refmet_name; RefMet classification cache exact-name match,False,No explicit stable-isotope suffix detected,Retain as biological candidate; preserve analysis identity
ST001521,diet,AN002533,HILIC POSITIVE ION MODE,ME367612,ST001521|AN002533|ME367612,Imidazolepropionic acid,Imidazolepropionic acid,RM0136178,Alkaloids,Histidine alkaloids,Imidazole alkaloids,mapped_by_repository_refmet_field,repository-provided; exact class-name lookup; not independently verified,MW /data refmet_name; RefMet classification cache exact-name match,False,No explicit stable-isotope suffix detected,Retain as biological candidate; preserve analysis identity
ST001521,diet,AN002533,HILIC POSITIVE ION MODE,ME367578,ST001521|AN002533|ME367578,Indole,Indole,RM0135985,Alkaloids,Tryptophan alkaloids,Simple indole alkaloids,mapped_by_repository_refmet_field,repository-provided; exact class-name lookup; not independently verified,MW /data refmet_name; RefMet classification cache exact-name match,False,No explicit stable-isotope suffix detected,Retain as biological candidate; preserve analysis identity
ST001521,diet,AN002533,HILIC POSITIVE ION MODE,ME367579,ST001521|AN002533|ME367579,Indoleacetic acid,Indoleacetic acid,RM0135909,Alkaloids,Tryptophan alkaloids,Indoleacetic acids,mapped_by_repository_refmet_field,repository-provided; exact class-name lookup; not independently verified,MW /data refmet_name; RefMet classification cache exact-name match,False,No explicit stable-isotope suffix detected,Retain as biological candidate; preserve analysis identity
ST001521,diet,AN002533,HILIC POSITIVE ION MODE,ME367580,ST001521|AN002533|ME367580,Inosine,Inosine,RM0135908,Nucleic acids,Purines,Purine ribonucleosides,mapped_by_repository_refmet_field,repository-provided; exact class-name lookup; not independently verified,MW /data refmet_name; RefMet classification cache exact-name match,False,No explicit stable-isotope suffix detected,Retain as biological candidate; preserve analysis identity
ST001521,diet,AN002533,HILIC POSITIVE ION MODE,ME367451,ST001521|AN002533|ME367451,Isoleucine,Isoleucine,RM0134975,Organic acids,Amino acids and peptides,Amino acids,mapped_by_repository_refmet_field,repository-provided; exact class-name lookup; not independently verified,MW /data refmet_name; RefMet classification cache exact-name match,False,No explicit stable-isotope suffix detected,Retain as biological candidate; preserve analysis identity
ST001521,diet,AN002533,HILIC POSITIVE ION MODE,ME367469,ST001521|AN002533|ME367469,Kynurenic acid,Kynurenic acid,RM0032431,Alkaloids,Anthranilic acid alkaloids,Acridone alkaloids,mapped_by_repository_refmet_field,repository-provided; exact class-name lookup; not independently verified,MW /data refmet_name; RefMet classification cache exact-name match,False,No explicit stable-isotope suffix detected,Retain as biological candidate; preserve analysis identity
ST001521,diet,AN002533,HILIC POSITIVE ION MODE,ME367518,ST001521|AN002533|ME367518,LPC(0:0/16:0),LPC 0:0/16:0,RM0134494,Glycerophospholipids,Glycerophosphocholines,LPC,mapped_by_repository_refmet_field,repository-provided; exact class-name lookup; not independently verified,MW /data refmet_name; RefMet classification cache exact-name match,False,No explicit stable-isotope suffix detected,Retain as biological candidate; preserve analysis identity
ST001521,diet,AN002533,HILIC POSITIVE ION MODE,ME367526,ST001521|AN002533|ME367526,LPC(0:0/18:2),LPC 0:0/18:2,RM0103832,Glycerophospholipids,Glycerophosphocholines,LPC,mapped_by_repository_refmet_field,repository-provided; exact class-name lookup; not independently verified,MW /data refmet_name; RefMet classification cache exact-name match,False,No explicit stable-isotope suffix detected,Retain as biological candidate; preserve analysis identity
ST001521,diet,AN002533,HILIC POSITIVE ION MODE,ME367517,ST001521|AN002533|ME367517,LPC(14:0),LPC 14:0,RM0135070,Glycerophospholipids,Glycerophosphocholines,LPC,mapped_by_repository_refmet_field,repository-provided; exact class-name lookup; not independently verified,MW /data refmet_name; RefMet classification cache exact-name match,False,No explicit stable-isotope suffix detected,Retain as biological candidate; preserve analysis identity
ST001521,diet,AN002533,HILIC POSITIVE ION MODE,ME367519,ST001521|AN002533|ME367519,LPC(16:1),LPC 16:1,RM0048603,Glycerophospholipids,Glycerophosphocholines,LPC,mapped_by_repository_refmet_field,repository-provided; exact class-name lookup; not independently verified,MW /data refmet_name; RefMet classification cache exact-name match,False,No explicit stable-isotope suffix detected,Retain as biological candidate; preserve analysis identity
ST001521,diet,AN002533,HILIC POSITIVE ION MODE,ME367521,ST001521|AN002533|ME367521,LPC(18:0),LPC 18:0,RM0106163,Glycerophospholipids,Glycerophosphocholines,LPC,mapped_by_repository_refmet_field,repository-provided; exact class-name lookup; not independently verified,MW /data refmet_name; RefMet classification cache exact-name match,False,No explicit stable-isotope suffix detected,Retain as biological candidate; preserve analysis identity
ST001521,diet,AN002533,HILIC POSITIVE ION MODE,ME367522,ST001521|AN002533|ME367522,LPC(18:1),LPC 18:1,RM0042845,Glycerophospholipids,Glycerophosphocholines,LPC,mapped_by_repository_refmet_field,repository-provided; exact class-name lookup; not independently verified,MW /data refmet_name; RefMet classification cache exact-name match,False,No explicit stable-isotope suffix detected,Retain as biological candidate; preserve analysis identity
ST001521,diet,AN002533,HILIC POSITIVE ION MODE,ME367525,ST001521|AN002533|ME367525,LPC(18:3),LPC 18:3,RM0134471,Glycerophospholipids,Glycerophosphocholines,LPC,mapped_by_repository_refmet_field,repository-provided; exact class-name lookup; not independently verified,MW /data refmet_name; RefMet classification cache exact-name match,False,No explicit stable-isotope suffix detected,Retain as biological candidate; preserve analysis identity
ST001521,diet,AN002533,HILIC POSITIVE ION MODE,ME367527,ST001521|AN002533|ME367527,LPC(20:1),LPC 20:1,RM0048599,Glycerophospholipids,Glycerophosphocholines,LPC,mapped_by_repository_refmet_field,repository-provided; exact class-name lookup; not independently verified,MW /data refmet_name; RefMet classification cache exact-name match,False,No explicit stable-isotope suffix detected,Retain as biological candidate; preserve analysis identity
ST001521,diet,AN002533,HILIC POSITIVE ION MODE,ME367528,ST001521|AN002533|ME367528,LPC(20:3),LPC 20:3,RM0134469,Glycerophospholipids,Glycerophosphocholines,LPC,mapped_by_repository_refmet_field,repository-provided; exact class-name lookup; not independently verified,MW /data refmet_name; RefMet classification cache exact-name match,False,No explicit stable-isotope suffix detected,Retain as biological candidate; preserve analysis identity
ST001521,diet,AN002533,HILIC POSITIVE ION MODE,ME367529,ST001521|AN002533|ME367529,LPC(20:4),LPC 20:4,RM0048636,Glycerophospholipids,Glycerophosphocholines,LPC,mapped_by_repository_refmet_field,repository-provided; exact class-name lookup; not independently verified,MW /data refmet_name; RefMet classification cache exact-name match,False,No explicit stable-isotope suffix detected,Retain as biological candidate; preserve analysis identity
ST001521,diet,AN002533,HILIC POSITIVE ION MODE,ME367530,ST001521|AN002533|ME367530,LPC(22:4),LPC 22:4,RM0048630,Glycerophospholipids,Glycerophosphocholines,LPC,mapped_by_repository_refmet_field,repository-provided; exact class-name lookup; not independently verified,MW /data refmet_name; RefMet classification cache exact-name match,False,No explicit stable-isotope suffix detected,Retain as biological candidate; preserve analysis identity
ST001521,diet,AN002533,HILIC POSITIVE ION MODE,ME367531,ST001521|AN002533|ME367531,LPC(22:5),LPC 22:5,RM0048600,Glycerophospholipids,Glycerophosphocholines,LPC,mapped_by_repository_refmet_field,repository-provided; exact class-name lookup; not independently verified,MW /data refmet_name; RefMet classification cache exact-name match,False,No explicit stable-isotope suffix detected,Retain as biological candidate; preserve analysis identity
ST001521,diet,AN002533,HILIC POSITIVE ION MODE,ME367532,ST001521|AN002533|ME367532,LPC(22:6),LPC 22:6,RM0134493,Glycerophospholipids,Glycerophosphocholines,LPC,mapped_by_repository_refmet_field,repository-provided; exact class-name lookup; not independently verified,MW /data refmet_name; RefMet classification cache exact-name match,False,No explicit stable-isotope suffix detected,Retain as biological candidate; preserve analysis identity
ST001521,diet,AN002533,HILIC POSITIVE ION MODE,ME367533,ST001521|AN002533|ME367533,LPC(24:0),LPC 24:0,RM0097691,Glycerophospholipids,Glycerophosphocholines,LPC,mapped_by_repository_refmet_field,repository-provided; exact class-name lookup; not independently verified,MW /data refmet_name; RefMet classification cache exact-name match,False,No explicit stable-isotope suffix detected,Retain as biological candidate; preserve analysis identity
ST001521,diet,AN002533,HILIC POSITIVE ION MODE,ME367520,ST001521|AN002533|ME367520,LPC(P-16:0)/LPC(O-16:1),LPC P-16:0 or LPC O-16:1,RM0134476,Glycerophospholipids,Glycerophosphocholines,O-LPC,mapped_by_repository_refmet_field,repository-provided; exact class-name lookup; not independently verified,MW /data refmet_name; RefMet classification cache exact-name match,False,No explicit stable-isotope suffix detected,Retain as biological candidate; preserve analysis identity
ST001521,diet,AN002533,HILIC POSITIVE ION MODE,ME367523,ST001521|AN002533|ME367523,LPC(P-18:0)/LPC(O-18:1)_A,LPC P-18:0 or LPC O-18:1,RM0021093,Glycerophospholipids,Glycerophosphocholines,O-LPC,mapped_by_repository_refmet_field,repository-provided; exact class-name lookup; not independently verified,MW /data refmet_name; RefMet classification cache exact-name match,False,No explicit stable-isotope suffix detected,Retain as biological candidate; preserve analysis identity
ST001521,diet,AN002533,HILIC POSITIVE ION MODE,ME367524,ST001521|AN002533|ME367524,LPC(P-18:0)/LPC(O-18:1)_B,LPC P-18:0 or LPC O-18:1,RM0021093,Glycerophospholipids,Glycerophosphocholines,O-LPC,mapped_by_repository_refmet_field,repository-provided; exact class-name lookup; not independently verified,MW /data refmet_name; RefMet classification cache exact-name match,False,No explicit stable-isotope suffix detected,Retain as biological candidate; preserve analysis identity
ST001521,diet,AN002533,HILIC POSITIVE ION MODE,ME367534,ST001521|AN002533|ME367534,LPE(16:0),LPE 16:0,RM0134456,Glycerophospholipids,Glycerophosphoethanolamines,LPE,mapped_by_repository_refmet_field,repository-provided; exact class-name lookup; not independently verified,MW /data refmet_name; RefMet classification cache exact-name match,False,No explicit stable-isotope suffix detected,Retain as biological candidate; preserve analysis identity
ST001521,diet,AN002533,HILIC POSITIVE ION MODE,ME367535,ST001521|AN002533|ME367535,LPE(18:0)_A,LPE 18:0,RM0017276,Glycerophospholipids,Glycerophosphoethanolamines,LPE,mapped_by_repository_refmet_field,repository-provided; exact class-name lookup; not independently verified,MW /data refmet_name; RefMet classification cache exact-name match,False,No explicit stable-isotope suffix detected,Retain as biological candidate; preserve analysis identity
ST001521,diet,AN002533,HILIC POSITIVE ION MODE,ME367536,ST001521|AN002533|ME367536,LPE(18:0)_B,LPE 18:0,RM0017276,Glycerophospholipids,Glycerophosphoethanolamines,LPE,mapped_by_repository_refmet_field,repository-provided; exact class-name lookup; not independently verified,MW /data refmet_name; RefMet classification cache exact-name match,False,No explicit stable-isotope suffix detected,Retain as biological candidate; preserve analysis identity
ST001521,diet,AN002533,HILIC POSITIVE ION MODE,ME367537,ST001521|AN002533|ME367537,LPE(18:1),LPE 18:1,RM0104274,Glycerophospholipids,Glycerophosphoethanolamines,LPE,mapped_by_repository_refmet_field,repository-provided; exact class-name lookup; not independently verified,MW /data refmet_name; RefMet classification cache exact-name match,False,No explicit stable-isotope suffix detected,Retain as biological candidate; preserve analysis identity
ST001521,diet,AN002533,HILIC POSITIVE ION MODE,ME367538,ST001521|AN002533|ME367538,LPE(18:2),LPE 18:2,RM0048672,Glycerophospholipids,Glycerophosphoethanolamines,LPE,mapped_by_repository_refmet_field,repository-provided; exact class-name lookup; not independently verified,MW /data refmet_name; RefMet classification cache exact-name match,False,No explicit stable-isotope suffix detected,Retain as biological candidate; preserve analysis identity
ST001521,diet,AN002533,HILIC POSITIVE ION MODE,ME367539,ST001521|AN002533|ME367539,LPE(18:3),LPE 18:3,RM0134465,Glycerophospholipids,Glycerophosphoethanolamines,LPE,mapped_by_repository_refmet_field,repository-provided; exact class-name lookup; not independently verified,MW /data refmet_name; RefMet classification cache exact-name match,False,No explicit stable-isotope suffix detected,Retain as biological candidate; preserve analysis identity
ST001521,diet,AN002533,HILIC POSITIVE ION MODE,ME367540,ST001521|AN002533|ME367540,LPE(20:1),LPE 20:1,RM0104269,Glycerophospholipids,Glycerophosphoethanolamines,LPE,mapped_by_repository_refmet_field,repository-provided; exact class-name lookup; not independently verified,MW /data refmet_name; RefMet classification cache exact-name match,False,No explicit stable-isotope suffix detected,Retain as biological candidate; preserve analysis identity
ST001521,diet,AN002533,HILIC POSITIVE ION MODE,ME367541,ST001521|AN002533|ME367541,LPE(20:4),LPE 20:4,RM0097815,Glycerophospholipids,Glycerophosphoethanolamines,LPE,mapped_by_repository_refmet_field,repository-provided; exact class-name lookup; not independently verified,MW /data refmet_name; RefMet classification cache exact-name match,False,No explicit stable-isotope suffix detected,Retain as biological candidate; preserve analysis identity
ST001521,diet,AN002533,HILIC POSITIVE ION MODE,ME367450,ST001521|AN002533|ME367450,Leucine,Leucine,RM0136379,Organic acids,Amino acids and peptides,Amino acids,mapped_by_repository_refmet_field,repository-provided; exact class-name lookup; not independently verified,MW /data refmet_name; RefMet classification cache exact-name match,False,No explicit stable-isotope suffix detected,Retain as biological candidate; preserve analysis identity
ST001521,diet,AN002533,HILIC POSITIVE ION MODE,ME367581,ST001521|AN002533|ME367581,Linoleoyl-EA,Linoleoyl-EA,RM0140131,Fatty Acyls,Fatty amides,NAE,mapped_by_repository_refmet_field,repository-provided; exact class-name lookup; not independently verified,MW /data refmet_name; RefMet classification cache exact-name match,False,No explicit stable-isotope suffix detected,Retain as biological candidate; preserve analysis identity
ST001521,diet,AN002533,HILIC POSITIVE ION MODE,ME367448,ST001521|AN002533|ME367448,Lysine,Lysine,RM0135903,Organic acids,Amino acids and peptides,Amino acids,mapped_by_repository_refmet_field,repository-provided; exact class-name lookup; not independently verified,MW /data refmet_name; RefMet classification cache exact-name match,False,No explicit stable-isotope suffix detected,Retain as biological candidate; preserve analysis identity
ST001521,diet,AN002533,HILIC POSITIVE ION MODE,ME367442,ST001521|AN002533|ME367442,Methionine,Methionine,RM0161726,Organic acids,Amino acids and peptides,Amino acids,mapped_by_repository_refmet_field,repository-provided; exact class-name lookup; not independently verified,MW /data refmet_name; RefMet classification cache exact-name match,False,No explicit stable-isotope suffix detected,Retain as biological candidate; preserve analysis identity
ST001521,diet,AN002533,HILIC POSITIVE ION MODE,ME367490,ST001521|AN002533|ME367490,Methionine sulfoxide,Methionine sulfoxide,RM0050489,Organic acids,Amino acids and peptides,Amino acids,mapped_by_repository_refmet_field,repository-provided; exact class-name lookup; not independently verified,MW /data refmet_name; RefMet classification cache exact-name match,False,No explicit stable-isotope suffix detected,Retain as biological candidate; preserve analysis identity
ST001521,diet,AN002533,HILIC POSITIVE ION MODE,ME367582,ST001521|AN002533|ME367582,Methyl N-methylanthranilate,Methyl N-methylanthranilate,RM0021445,Benzenoids,Benzoic acids,Benzoic acid esters,mapped_by_repository_refmet_field,repository-provided; exact class-name lookup; not independently verified,MW /data refmet_name; RefMet classification cache exact-name match,False,No explicit stable-isotope suffix detected,Retain as biological candidate; preserve analysis identity
ST001521,diet,AN002533,HILIC POSITIVE ION MODE,ME367552,ST001521|AN002533|ME367552,Methylguanidine,Methylguanidine,RM0156067,Organic nitrogen compounds,Guanidines,Guanidines,mapped_by_repository_refmet_field,repository-provided; exact class-name lookup; not independently verified,MW /data refmet_name; RefMet classification cache exact-name match,False,No explicit stable-isotope suffix detected,Retain as biological candidate; preserve analysis identity
ST001521,diet,AN002533,HILIC POSITIVE ION MODE,ME367613,ST001521|AN002533|ME367613,Methylimidazoleacetic acid,Methylimidazoleacetic acid,RM0138952,Alkaloids,Histidine alkaloids,Imidazole alkaloids,mapped_by_repository_refmet_field,repository-provided; exact class-name lookup; not independently verified,MW /data refmet_name; RefMet classification cache exact-name match,False,No explicit stable-isotope suffix detected,Retain as biological candidate; preserve analysis identity
ST001521,diet,AN002533,HILIC POSITIVE ION MODE,ME367583,ST001521|AN002533|ME367583,Myristoleic acid,Myristoleic acid,RM0153354,Fatty Acyls,Fatty acids,Unsaturated FA,mapped_by_repository_refmet_field,repository-provided; exact class-name lookup; not independently verified,MW /data refmet_name; RefMet classification cache exact-name match,False,No explicit stable-isotope suffix detected,Retain as biological candidate; preserve analysis identity
ST001521,diet,AN002533,HILIC POSITIVE ION MODE,ME367596,ST001521|AN002533|ME367596,N-6-Trimethyllysine,N-6-Trimethyllysine,RM0009124,Organic acids,Amino acids and peptides,Amino acids,mapped_by_repository_refmet_field,repository-provided; exact class-name lookup; not independently verified,MW /data refmet_name; RefMet classification cache exact-name match,False,No explicit stable-isotope suffix detected,Retain as biological candidate; preserve analysis identity
ST001521,diet,AN002533,HILIC POSITIVE ION MODE,ME367587,ST001521|AN002533|ME367587,N-Acetyl-D-galactosamine,N-Acetylgalactosamine,RM0013327,Carbohydrates,Monosaccharides,Amino sugars,mapped_by_repository_refmet_field,repository-provided; exact class-name lookup; not independently verified,MW /data refmet_name; RefMet classification cache exact-name match,False,No explicit stable-isotope suffix detected,Retain as biological candidate; preserve analysis identity
ST001521,diet,AN002533,HILIC POSITIVE ION MODE,ME367588,ST001521|AN002533|ME367588,N-Acetyl-D-tryptophan,N-Acetyl-D-tryptophan,RM0132212,Organic acids,Amino acids and peptides,Amino acids,mapped_by_repository_refmet_field,repository-provided; exact class-name lookup; not independently verified,MW /data refmet_name; RefMet classification cache exact-name match,False,No explicit stable-isotope suffix detected,Retain as biological candidate; preserve analysis identity
ST001521,diet,AN002533,HILIC POSITIVE ION MODE,ME367586,ST001521|AN002533|ME367586,N-Acetylarginine,N-Acetylarginine,RM0132228,Organic acids,Amino acids and peptides,Amino acids,mapped_by_repository_refmet_field,repository-provided; exact class-name lookup; not independently verified,MW /data refmet_name; RefMet classification cache exact-name match,False,No explicit stable-isotope suffix detected,Retain as biological candidate; preserve analysis identity
ST001521,diet,AN002533,HILIC POSITIVE ION MODE,ME367463,ST001521|AN002533|ME367463,N-Acetylglycine,N-Acetylglycine,RM0135964,Organic acids,Amino acids and peptides,Amino acids,mapped_by_repository_refmet_field,repository-provided; exact class-name lookup; not independently verified,MW /data refmet_name; RefMet classification cache exact-name match,False,No explicit stable-isotope suffix detected,Retain as biological candidate; preserve analysis identity
ST001521,diet,AN002533,HILIC POSITIVE ION MODE,ME367584,ST001521|AN002533|ME367584,N-Acetylputrescine,N-Acetylputrescine,RM0136156,Alkaloids,Ornithine alkaloids,Polyamines,mapped_by_repository_refmet_field,repository-provided; exact class-name lookup; not independently verified,MW /data refmet_name; RefMet classification cache exact-name match,False,No explicit stable-isotope suffix detected,Retain as biological candidate; preserve analysis identity
ST001521,diet,AN002533,HILIC POSITIVE ION MODE,ME367585,ST001521|AN002533|ME367585,N-Lauroylglycine,N-Lauroylglycine,,Unclassified,Unclassified,Unclassified,mapped_by_repository_refmet_field,repository-provided; exact class-name lookup; not independently verified,MW /data refmet_name; no exact classification-cache match,False,No explicit stable-isotope suffix detected,Retain as biological candidate; preserve analysis identity
ST001521,diet,AN002533,HILIC POSITIVE ION MODE,ME367589,ST001521|AN002533|ME367589,N-Methyl-proline,N-Methyl-proline,RM0137476,Organic acids,Amino acids and peptides,Amino acids,mapped_by_repository_refmet_field,repository-provided; exact class-name lookup; not independently verified,MW /data refmet_name; RefMet classification cache exact-name match,False,No explicit stable-isotope suffix detected,Retain as biological candidate; preserve analysis identity
ST001521,diet,AN002533,HILIC POSITIVE ION MODE,ME367592,ST001521|AN002533|ME367592,"N1,N12-Diacetylspermine","N1,N12-Diacetylspermine",RM0040292,Alkaloids,Ornithine alkaloids,Polyamines,mapped_by_repository_refmet_field,repository-provided; exact class-name lookup; not independently verified,MW /data refmet_name; RefMet classification cache exact-name match,False,No explicit stable-isotope suffix detected,Retain as biological candidate; preserve analysis identity
ST001521,diet,AN002533,HILIC POSITIVE ION MODE,ME367591,ST001521|AN002533|ME367591,N1-Acetylspermidine,N1-Acetylspermidine,RM0053025,Alkaloids,Ornithine alkaloids,Polyamines,mapped_by_repository_refmet_field,repository-provided; exact class-name lookup; not independently verified,MW /data refmet_name; RefMet classification cache exact-name match,False,No explicit stable-isotope suffix detected,Retain as biological candidate; preserve analysis identity
ST001521,diet,AN002533,HILIC POSITIVE ION MODE,ME367590,ST001521|AN002533|ME367590,N1-Methyl-2-pyridone-5-carboxamide,N1-Methyl-2-pyridone-5-carboxamide,RM0030027,Alkaloids,Pyridine alkaloids,Nicotinic acid alkaloids,mapped_by_repository_refmet_field,repository-provided; exact class-name lookup; not independently verified,MW /data refmet_name; RefMet classification cache exact-name match,False,No explicit stable-isotope suffix detected,Retain as biological candidate; preserve analysis identity
ST001521,diet,AN002533,HILIC POSITIVE ION MODE,ME367593,ST001521|AN002533|ME367593,"N2,N2-Dimethylguanosine","N2,N2-Dimethylguanosine",RM0136278,Nucleic acids,Purines,Purine ribonucleosides,mapped_by_repository_refmet_field,repository-provided; exact class-name lookup; not independently verified,MW /data refmet_name; RefMet classification cache exact-name match,False,No explicit stable-isotope suffix detected,Retain as biological candidate; preserve analysis identity
ST001521,diet,AN002533,HILIC POSITIVE ION MODE,ME367594,ST001521|AN002533|ME367594,N4-Acetylcytidine,N4-Acetylcytidine,RM0136296,Nucleic acids,Pyrimidines,Pyrimidine ribonucleosides,mapped_by_repository_refmet_field,repository-provided; exact class-name lookup; not independently verified,MW /data refmet_name; RefMet classification cache exact-name match,False,No explicit stable-isotope suffix detected,Retain as biological candidate; preserve analysis identity
ST001521,diet,AN002533,HILIC POSITIVE ION MODE,ME367595,ST001521|AN002533|ME367595,N6-Acetyllysine,N6-Acetyllysine,RM0135910,Organic acids,Amino acids and peptides,Amino acids,mapped_by_repository_refmet_field,repository-provided; exact class-name lookup; not independently verified,MW /data refmet_name; RefMet classification cache exact-name match,False,No explicit stable-isotope suffix detected,Retain as biological candidate; preserve analysis identity
ST001521,diet,AN002533,HILIC POSITIVE ION MODE,ME367474,ST001521|AN002533|ME367474,Niacinamide,Niacinamide,RM0156450,Alkaloids,Pyridine alkaloids,Nicotinic acid alkaloids,mapped_by_repository_refmet_field,repository-provided; exact class-name lookup; not independently verified,MW /data refmet_name; RefMet classification cache exact-name match,False,No explicit stable-isotope suffix detected,Retain as biological candidate; preserve analysis identity
ST001521,diet,AN002533,HILIC POSITIVE ION MODE,ME367457,ST001521|AN002533|ME367457,Ornithine,Ornithine,RM0135912,Organic acids,Amino acids and peptides,Amino acids,mapped_by_repository_refmet_field,repository-provided; exact class-name lookup; not independently verified,MW /data refmet_name; RefMet classification cache exact-name match,False,No explicit stable-isotope suffix detected,Retain as biological candidate; preserve analysis identity
ST001521,diet,AN002533,HILIC POSITIVE ION MODE,ME367597,ST001521|AN002533|ME367597,Pantothenol,Pantothenol,RM0155733,Organic acids,Amino acids and peptides,Amino acids,mapped_by_repository_refmet_field,repository-provided; exact class-name lookup; not independently verified,MW /data refmet_name; RefMet classification cache exact-name match,False,No explicit stable-isotope suffix detected,Retain as biological candidate; preserve analysis identity
ST001521,diet,AN002533,HILIC POSITIVE ION MODE,ME367452,ST001521|AN002533|ME367452,Phenylalanine,Phenylalanine,RM0135897,Organic acids,Amino acids and peptides,Amino acids,mapped_by_repository_refmet_field,repository-provided; exact class-name lookup; not independently verified,MW /data refmet_name; RefMet classification cache exact-name match,False,No explicit stable-isotope suffix detected,Retain as biological candidate; preserve analysis identity
ST001521,diet,AN002533,HILIC POSITIVE ION MODE,ME367598,ST001521|AN002533|ME367598,Phytosphingosine,Phytosphingosine,RM0135447,Sphingolipids,Sphingoid bases,Phytosphingosines,mapped_by_repository_refmet_field,repository-provided; exact class-name lookup; not independently verified,MW /data refmet_name; RefMet classification cache exact-name match,False,No explicit stable-isotope suffix detected,Retain as biological candidate; preserve analysis identity
ST001521,diet,AN002533,HILIC POSITIVE ION MODE,ME367487,ST001521|AN002533|ME367487,Pipecolic acid,Pipecolic acid,RM0135981,Organic acids,Amino acids and peptides,Amino acids,mapped_by_repository_refmet_field,repository-provided; exact class-name lookup; not independently verified,MW /data refmet_name; RefMet classification cache exact-name match,False,No explicit stable-isotope suffix detected,Retain as biological candidate; preserve analysis identity
ST001521,diet,AN002533,HILIC POSITIVE ION MODE,ME367615,ST001521|AN002533|ME367615,Piperine,Piperine,RM0043248,Alkaloids,Lysine alkaloids,Piperidine alkaloids,mapped_by_repository_refmet_field,repository-provided; exact class-name lookup; not independently verified,MW /data refmet_name; RefMet classification cache exact-name match,False,No explicit stable-isotope suffix detected,Retain as biological candidate; preserve analysis identity
ST001521,diet,AN002533,HILIC POSITIVE ION MODE,ME367455,ST001521|AN002533|ME367455,Proline,Proline,RM0135899,Organic acids,Amino acids and peptides,Amino acids,mapped_by_repository_refmet_field,repository-provided; exact class-name lookup; not independently verified,MW /data refmet_name; RefMet classification cache exact-name match,False,No explicit stable-isotope suffix detected,Retain as biological candidate; preserve analysis identity
ST001521,diet,AN002533,HILIC POSITIVE ION MODE,ME367599,ST001521|AN002533|ME367599,Pseudouridine,Pseudouridine,RM0033386,Nucleic acids,Pyrimidines,Pyrimidine ribonucleosides,mapped_by_repository_refmet_field,repository-provided; exact class-name lookup; not independently verified,MW /data refmet_name; RefMet classification cache exact-name match,False,No explicit stable-isotope suffix detected,Retain as biological candidate; preserve analysis identity
ST001521,diet,AN002533,HILIC POSITIVE ION MODE,ME367600,ST001521|AN002533|ME367600,Pterin,Pterin,RM0136004,Organoheterocyclic compounds,Pterins,Pterins,mapped_by_repository_refmet_field,repository-provided; exact class-name lookup; not independently verified,MW /data refmet_name; RefMet classification cache exact-name match,False,No explicit stable-isotope suffix detected,Retain as biological candidate; preserve analysis identity
ST001521,diet,AN002533,HILIC POSITIVE ION MODE,ME367491,ST001521|AN002533|ME367491,Putrescine,Putrescine,RM0139715,Organic nitrogen compounds,Amines,Amines,mapped_by_repository_refmet_field,repository-provided; exact class-name lookup; not independently verified,MW /data refmet_name; RefMet classification cache exact-name match,False,No explicit stable-isotope suffix detected,Retain as biological candidate; preserve analysis identity
ST001521,diet,AN002533,HILIC POSITIVE ION MODE,ME367601,ST001521|AN002533|ME367601,Pyridoxine,Pyridoxine,RM0156792,Alkaloids,Pyridine alkaloids,Nicotinic acid alkaloids,mapped_by_repository_refmet_field,repository-provided; exact class-name lookup; not independently verified,MW /data refmet_name; RefMet classification cache exact-name match,False,No explicit stable-isotope suffix detected,Retain as biological candidate; preserve analysis identity
ST001521,diet,AN002533,HILIC POSITIVE ION MODE,ME367616,ST001521|AN002533|ME367616,Quinine,Quinine,RM0013379,Alkaloids,Tryptophan alkaloids,Cinchona alkaloids,mapped_by_repository_refmet_field,repository-provided; exact class-name lookup; not independently verified,MW /data refmet_name; RefMet classification cache exact-name match,False,No explicit stable-isotope suffix detected,Retain as biological candidate; preserve analysis identity
ST001521,diet,AN002533,HILIC POSITIVE ION MODE,ME367602,ST001521|AN002533|ME367602,Ribothymidine,Ribothymidine,RM0138932,Nucleic acids,Pyrimidines,Pyrimidine ribonucleosides,mapped_by_repository_refmet_field,repository-provided; exact class-name lookup; not independently verified,MW /data refmet_name; RefMet classification cache exact-name match,False,No explicit stable-isotope suffix detected,Retain as biological candidate; preserve analysis identity
ST001521,diet,AN002533,HILIC POSITIVE ION MODE,ME367542,ST001521|AN002533|ME367542,SM(d18:1/14:0),SM 18:1;O2/14:0,RM0135551,Sphingolipids,Phosphosphingolipids,SM,mapped_by_repository_refmet_field,repository-provided; exact class-name lookup; not independently verified,MW /data refmet_name; RefMet classification cache exact-name match,False,No explicit stable-isotope suffix detected,Retain as biological candidate; preserve analysis identity
ST001521,diet,AN002533,HILIC POSITIVE ION MODE,ME367544,ST001521|AN002533|ME367544,SM(d18:1/16:0),SM 18:1;O2/16:0,RM0135543,Sphingolipids,Phosphosphingolipids,SM,mapped_by_repository_refmet_field,repository-provided; exact class-name lookup; not independently verified,MW /data refmet_name; RefMet classification cache exact-name match,False,No explicit stable-isotope suffix detected,Retain as biological candidate; preserve analysis identity
ST001521,diet,AN002533,HILIC POSITIVE ION MODE,ME367543,ST001521|AN002533|ME367543,SM(d18:1/16:1),SM 18:1;O2/16:1,RM0134132,Sphingolipids,Phosphosphingolipids,SM,mapped_by_repository_refmet_field,repository-provided; exact class-name lookup; not independently verified,MW /data refmet_name; RefMet classification cache exact-name match,False,No explicit stable-isotope suffix detected,Retain as biological candidate; preserve analysis identity
ST001521,diet,AN002533,HILIC POSITIVE ION MODE,ME367546,ST001521|AN002533|ME367546,SM(d18:1/18:0),SM 18:1;O2/18:0,RM0135541,Sphingolipids,Phosphosphingolipids,SM,mapped_by_repository_refmet_field,repository-provided; exact class-name lookup; not independently verified,MW /data refmet_name; RefMet classification cache exact-name match,False,No explicit stable-isotope suffix detected,Retain as biological candidate; preserve analysis identity
ST001521,diet,AN002533,HILIC POSITIVE ION MODE,ME367545,ST001521|AN002533|ME367545,SM(d18:1/18:1),SM 18:1;O2/18:1,RM0134125,Sphingolipids,Phosphosphingolipids,SM,mapped_by_repository_refmet_field,repository-provided; exact class-name lookup; not independently verified,MW /data refmet_name; RefMet classification cache exact-name match,False,No explicit stable-isotope suffix detected,Retain as biological candidate; preserve analysis identity
ST001521,diet,AN002533,HILIC POSITIVE ION MODE,ME367547,ST001521|AN002533|ME367547,SM(d18:1/20:0),SM 18:1;O2/20:0,RM0135545,Sphingolipids,Phosphosphingolipids,SM,mapped_by_repository_refmet_field,repository-provided; exact class-name lookup; not independently verified,MW /data refmet_name; RefMet classification cache exact-name match,False,No explicit stable-isotope suffix detected,Retain as biological candidate; preserve analysis identity
ST001521,diet,AN002533,HILIC POSITIVE ION MODE,ME367548,ST001521|AN002533|ME367548,SM(d18:1/22:0),SM 18:1;O2/22:0,RM0138870,Sphingolipids,Phosphosphingolipids,SM,mapped_by_repository_refmet_field,repository-provided; exact class-name lookup; not independently verified,MW /data refmet_name; RefMet classification cache exact-name match,False,No explicit stable-isotope suffix detected,Retain as biological candidate; preserve analysis identity
ST001521,diet,AN002533,HILIC POSITIVE ION MODE,ME367440,ST001521|AN002533|ME367440,Serine,Serine,RM0032433,Organic acids,Amino acids and peptides,Amino acids,mapped_by_repository_refmet_field,repository-provided; exact class-name lookup; not independently verified,MW /data refmet_name; RefMet classification cache exact-name match,False,No explicit stable-isotope suffix detected,Retain as biological candidate; preserve analysis identity
ST001521,diet,AN002533,HILIC POSITIVE ION MODE,ME367460,ST001521|AN002533|ME367460,Serotonin,Serotonin,RM0050344,Alkaloids,Tryptophan alkaloids,Tryptamines,mapped_by_repository_refmet_field,repository-provided; exact class-name lookup; not independently verified,MW /data refmet_name; RefMet classification cache exact-name match,False,No explicit stable-isotope suffix detected,Retain as biological candidate; preserve analysis identity
ST001521,diet,AN002533,HILIC POSITIVE ION MODE,ME367603,ST001521|AN002533|ME367603,Sphinganine,Sphinganine,RM0135445,Sphingolipids,Sphingoid bases,Sphinganines,mapped_by_repository_refmet_field,repository-provided; exact class-name lookup; not independently verified,MW /data refmet_name; RefMet classification cache exact-name match,False,No explicit stable-isotope suffix detected,Retain as biological candidate; preserve analysis identity
ST001521,diet,AN002533,HILIC POSITIVE ION MODE,ME367617,ST001521|AN002533|ME367617,Sphingosine,Sphingosine,RM0135443,Sphingolipids,Sphingoid bases,Sphingosines,mapped_by_repository_refmet_field,repository-provided; exact class-name lookup; not independently verified,MW /data refmet_name; RefMet classification cache exact-name match,False,No explicit stable-isotope suffix detected,Retain as biological candidate; preserve analysis identity
ST001521,diet,AN002533,HILIC POSITIVE ION MODE,ME367466,ST001521|AN002533|ME367466,Symmetric dimethyl-arginine,Symmetric dimethylarginine,RM0012924,Organic acids,Amino acids and peptides,Amino acids,mapped_by_repository_refmet_field,repository-provided; exact class-name lookup; not independently verified,MW /data refmet_name; RefMet classification cache exact-name match,False,No explicit stable-isotope suffix detected,Retain as biological candidate; preserve analysis identity
ST001521,diet,AN002533,HILIC POSITIVE ION MODE,ME367467,ST001521|AN002533|ME367467,Targinine,Targinine,RM0136489,Organic acids,Amino acids and peptides,Amino acids,mapped_by_repository_refmet_field,repository-provided; exact class-name lookup; not independently verified,MW /data refmet_name; RefMet classification cache exact-name match,False,No explicit stable-isotope suffix detected,Retain as biological candidate; preserve analysis identity
ST001521,diet,AN002533,HILIC POSITIVE ION MODE,ME367459,ST001521|AN002533|ME367459,Taurine,Taurine,RM0118223,Organic acids,Sulfonic acids,Sulfonic acids,mapped_by_repository_refmet_field,repository-provided; exact class-name lookup; not independently verified,MW /data refmet_name; RefMet classification cache exact-name match,False,No explicit stable-isotope suffix detected,Retain as biological candidate; preserve analysis identity
ST001521,diet,AN002533,HILIC POSITIVE ION MODE,ME367441,ST001521|AN002533|ME367441,Threonine,Threonine,RM0135900,Organic acids,Amino acids and peptides,Amino acids,mapped_by_repository_refmet_field,repository-provided; exact class-name lookup; not independently verified,MW /data refmet_name; RefMet classification cache exact-name match,False,No explicit stable-isotope suffix detected,Retain as biological candidate; preserve analysis identity
ST001521,diet,AN002533,HILIC POSITIVE ION MODE,ME367481,ST001521|AN002533|ME367481,Thyroxine,Thyroxine,RM0135922,Organic acids,Amino acids and peptides,Amino acids,mapped_by_repository_refmet_field,repository-provided; exact class-name lookup; not independently verified,MW /data refmet_name; RefMet classification cache exact-name match,False,No explicit stable-isotope suffix detected,Retain as biological candidate; preserve analysis identity
ST001521,diet,AN002533,HILIC POSITIVE ION MODE,ME367618,ST001521|AN002533|ME367618,Trigonelline,Trigonelline,RM0136017,Alkaloids,Pyridine alkaloids,Nicotinic acid alkaloids,mapped_by_repository_refmet_field,repository-provided; exact class-name lookup; not independently verified,MW /data refmet_name; RefMet classification cache exact-name match,False,No explicit stable-isotope suffix detected,Retain as biological candidate; preserve analysis identity
ST001521,diet,AN002533,HILIC POSITIVE ION MODE,ME367482,ST001521|AN002533|ME367482,Trimethylamine N-oxide,Trimethylamine N-oxide,RM0156066,Organic nitrogen compounds,Amine oxides,Trisubstituted amine oxides,mapped_by_repository_refmet_field,repository-provided; exact class-name lookup; not independently verified,MW /data refmet_name; RefMet classification cache exact-name match,False,No explicit stable-isotope suffix detected,Retain as biological candidate; preserve analysis identity
ST001521,diet,AN002533,HILIC POSITIVE ION MODE,ME367554,ST001521|AN002533|ME367554,Trimethylbenzene,Trimethylbenzene,RM0018733,Benzenoids,Benzenes,Other benzenes,mapped_by_repository_refmet_field,repository-provided; exact class-name lookup; not independently verified,MW /data refmet_name; RefMet classification cache exact-name match,False,No explicit stable-isotope suffix detected,Retain as biological candidate; preserve analysis identity
ST001521,diet,AN002533,HILIC POSITIVE ION MODE,ME367454,ST001521|AN002533|ME367454,Tryptophan,Tryptophan,RM0136024,Organic acids,Amino acids and peptides,Amino acids,mapped_by_repository_refmet_field,repository-provided; exact class-name lookup; not independently verified,MW /data refmet_name; RefMet classification cache exact-name match,False,No explicit stable-isotope suffix detected,Retain as biological candidate; preserve analysis identity
ST001521,diet,AN002533,HILIC POSITIVE ION MODE,ME367453,ST001521|AN002533|ME367453,Tyrosine,Tyrosine,RM0135896,Organic acids,Amino acids and peptides,Amino acids,mapped_by_repository_refmet_field,repository-provided; exact class-name lookup; not independently verified,MW /data refmet_name; RefMet classification cache exact-name match,False,No explicit stable-isotope suffix detected,Retain as biological candidate; preserve analysis identity
ST001521,diet,AN002533,HILIC POSITIVE ION MODE,ME367473,ST001521|AN002533|ME367473,Ureidopropionic acid,Ureidopropionic acid,RM0135867,Organic nitrogen compounds,Organonitrogen compounds,Ureas,mapped_by_repository_refmet_field,repository-provided; exact class-name lookup; not independently verified,MW /data refmet_name; RefMet classification cache exact-name match,False,No explicit stable-isotope suffix detected,Retain as biological candidate; preserve analysis identity
ST001521,diet,AN002533,HILIC POSITIVE ION MODE,ME367604,ST001521|AN002533|ME367604,Uric acid,Uric acid,RM0160856,Nucleic acids,Purines,Xanthines,mapped_by_repository_refmet_field,repository-provided; exact class-name lookup; not independently verified,MW /data refmet_name; RefMet classification cache exact-name match,False,No explicit stable-isotope suffix detected,Retain as biological candidate; preserve analysis identity
ST001521,diet,AN002533,HILIC POSITIVE ION MODE,ME367605,ST001521|AN002533|ME367605,Urocanic acid,Urocanic acid,RM0135935,Alkaloids,Histidine alkaloids,Imidazole alkaloids,mapped_by_repository_refmet_field,repository-provided; exact class-name lookup; not independently verified,MW /data refmet_name; RefMet classification cache exact-name match,False,No explicit stable-isotope suffix detected,Retain as biological candidate; preserve analysis identity
ST001521,diet,AN002533,HILIC POSITIVE ION MODE,ME367449,ST001521|AN002533|ME367449,Valine,Valine,RM0136018,Organic acids,Amino acids and peptides,Amino acids,mapped_by_repository_refmet_field,repository-provided; exact class-name lookup; not independently verified,MW /data refmet_name; RefMet classification cache exact-name match,False,No explicit stable-isotope suffix detected,Retain as biological candidate; preserve analysis identity
ST001521,diet,AN002533,HILIC POSITIVE ION MODE,ME367606,ST001521|AN002533|ME367606,Xanthine,Xanthine,RM0135930,Nucleic acids,Purines,Xanthines,mapped_by_repository_refmet_field,repository-provided; exact class-name lookup; not independently verified,MW /data refmet_name; RefMet classification cache exact-name match,False,No explicit stable-isotope suffix detected,Retain as biological candidate; preserve analysis identity
ST001521,diet,AN002533,HILIC POSITIVE ION MODE,ME367485,ST001521|AN002533|ME367485,Xanthosine,Xanthosine,RM0161017,Nucleic acids,Purines,Purine ribonucleosides,mapped_by_repository_refmet_field,repository-provided; exact class-name lookup; not independently verified,MW /data refmet_name; RefMet classification cache exact-name match,False,No explicit stable-isotope suffix detected,Retain as biological candidate; preserve analysis identity
ST001521,diet,AN002533,HILIC POSITIVE ION MODE,ME367614,ST001521|AN002533|ME367614,alpha-N-Phenylacetylglutamine,alpha-N-Phenylacetylglutamine,RM0056200,Organic acids,Amino acids and peptides,Amino acids,mapped_by_repository_refmet_field,repository-provided; exact class-name lookup; not independently verified,MW /data refmet_name; RefMet classification cache exact-name match,False,No explicit stable-isotope suffix detected,Retain as biological candidate; preserve analysis identity
ST001521,diet,AN002533,HILIC POSITIVE ION MODE,ME367462,ST001521|AN002533|ME367462,gamma-Aminobutyric acid,gamma-Aminobutyric acid,RM0153263,Fatty Acyls,Fatty acids,Amino FA,mapped_by_repository_refmet_field,repository-provided; exact class-name lookup; not independently verified,MW /data refmet_name; RefMet classification cache exact-name match,False,No explicit stable-isotope suffix detected,Retain as biological candidate; preserve analysis identity
ST001521,diet,AN002533,HILIC POSITIVE ION MODE,ME367560,ST001521|AN002533|ME367560,p-Acetamidophenylglucuronide,p-Acetamidophenylglucuronide,RM0136324,Carbohydrates,Monosaccharides,Sugar acids,mapped_by_repository_refmet_field,repository-provided; exact class-name lookup; not independently verified,MW /data refmet_name; RefMet classification cache exact-name match,False,No explicit stable-isotope suffix detected,Retain as biological candidate; preserve analysis identity
ST001521,diet,AN002533,HILIC POSITIVE ION MODE,ME367437,ST001521|AN002533|ME367437,phenylalanine-d8 [iSTD],Standard,,Unclassified,Unclassified,Unclassified,mapped_by_repository_refmet_field,repository-provided; exact class-name lookup; not independently verified,MW /data refmet_name; no exact classification-cache match,False,No explicit stable-isotope suffix detected,Retain as biological candidate; preserve analysis identity
ST001521,diet,AN002533,HILIC POSITIVE ION MODE,ME367478,ST001521|AN002533|ME367478,sn-Glycero-3-phosphocholine,sn-Glycero-3-phosphocholine,RM0110472,Organic acids,Organic phosphoric acids,Organic phosphoric acids,mapped_by_repository_refmet_field,repository-provided; exact class-name lookup; not independently verified,MW /data refmet_name; RefMet classification cache exact-name match,False,No explicit stable-isotope suffix detected,Retain as biological candidate; preserve analysis identity
ST001521,diet,AN002533,HILIC POSITIVE ION MODE,ME367610,ST001521|AN002533|ME367610,trans-3-Hydroxycotinine,trans-3-Hydroxycotinine,RM0159961,Alkaloids,Alkaloids,Other alkaloids,mapped_by_repository_refmet_field,repository-provided; exact class-name lookup; not independently verified,MW /data refmet_name; RefMet classification cache exact-name match,False,No explicit stable-isotope suffix detected,Retain as biological candidate; preserve analysis identity
ST001521,diet,AN002533,HILIC POSITIVE ION MODE,ME367436,ST001521|AN002533|ME367436,valine-d8 [iSTD],Standard,,Unclassified,Unclassified,Unclassified,mapped_by_repository_refmet_field,repository-provided; exact class-name lookup; not independently verified,MW /data refmet_name; no exact classification-cache match,False,No explicit stable-isotope suffix detected,Retain as biological candidate; preserve analysis identity
ST001521,diet,AN002534,Reversed phase POSITIVE ION MODE,ME367718,ST001521|AN002534|ME367718,7-dehydro-desmosterol,7-Dehydro-desmosterol,RM0135673,Sterol Lipids,Sterols,Cholesterols,mapped_by_repository_refmet_field,repository-provided; exact class-name lookup; not independently verified,MW /data refmet_name; RefMet classification cache exact-name match,False,No explicit stable-isotope suffix detected,Retain as biological candidate; preserve analysis identity
ST001521,diet,AN002534,Reversed phase POSITIVE ION MODE,ME367729,ST001521|AN002534|ME367729,CE(14:0),CE 14:0,RM0135708,Sterol Lipids,Sterol esters,Chol. esters,mapped_by_repository_refmet_field,repository-provided; exact class-name lookup; not independently verified,MW /data refmet_name; RefMet classification cache exact-name match,False,No explicit stable-isotope suffix detected,Retain as biological candidate; preserve analysis identity
ST001521,diet,AN002534,Reversed phase POSITIVE ION MODE,ME367731,ST001521|AN002534|ME367731,CE(16:0),CE 16:0,RM0135709,Sterol Lipids,Sterol esters,Chol. esters,mapped_by_repository_refmet_field,repository-provided; exact class-name lookup; not independently verified,MW /data refmet_name; RefMet classification cache exact-name match,False,No explicit stable-isotope suffix detected,Retain as biological candidate; preserve analysis identity
ST001521,diet,AN002534,Reversed phase POSITIVE ION MODE,ME367730,ST001521|AN002534|ME367730,CE(16:1),CE 16:1,RM0134017,Sterol Lipids,Sterol esters,Chol. esters,mapped_by_repository_refmet_field,repository-provided; exact class-name lookup; not independently verified,MW /data refmet_name; RefMet classification cache exact-name match,False,No explicit stable-isotope suffix detected,Retain as biological candidate; preserve analysis identity
ST001521,diet,AN002534,Reversed phase POSITIVE ION MODE,ME367735,ST001521|AN002534|ME367735,CE(18:0),CE 18:0,RM0135710,Sterol Lipids,Sterol esters,Chol. esters,mapped_by_repository_refmet_field,repository-provided; exact class-name lookup; not independently verified,MW /data refmet_name; RefMet classification cache exact-name match,False,No explicit stable-isotope suffix detected,Retain as biological candidate; preserve analysis identity
ST001521,diet,AN002534,Reversed phase POSITIVE ION MODE,ME367734,ST001521|AN002534|ME367734,CE(18:1),CE 18:1,RM0138765,Sterol Lipids,Sterol esters,Chol. esters,mapped_by_repository_refmet_field,repository-provided; exact class-name lookup; not independently verified,MW /data refmet_name; RefMet classification cache exact-name match,False,No explicit stable-isotope suffix detected,Retain as biological candidate; preserve analysis identity
ST001521,diet,AN002534,Reversed phase POSITIVE ION MODE,ME367733,ST001521|AN002534|ME367733,CE(18:2),CE 18:2,RM0016397,Sterol Lipids,Sterol esters,Chol. esters,mapped_by_repository_refmet_field,repository-provided; exact class-name lookup; not independently verified,MW /data refmet_name; RefMet classification cache exact-name match,False,No explicit stable-isotope suffix detected,Retain as biological candidate; preserve analysis identity
ST001521,diet,AN002534,Reversed phase POSITIVE ION MODE,ME367732,ST001521|AN002534|ME367732,CE(18:3),CE 18:3,RM0010684,Sterol Lipids,Sterol esters,Chol. esters,mapped_by_repository_refmet_field,repository-provided; exact class-name lookup; not independently verified,MW /data refmet_name; RefMet classification cache exact-name match,False,No explicit stable-isotope suffix detected,Retain as biological candidate; preserve analysis identity
ST001521,diet,AN002534,Reversed phase POSITIVE ION MODE,ME367738,ST001521|AN002534|ME367738,CE(20:3),CE 20:3,RM0125977,Sterol Lipids,Sterol esters,Chol. esters,mapped_by_repository_refmet_field,repository-provided; exact class-name lookup; not independently verified,MW /data refmet_name; RefMet classification cache exact-name match,False,No explicit stable-isotope suffix detected,Retain as biological candidate; preserve analysis identity
ST001521,diet,AN002534,Reversed phase POSITIVE ION MODE,ME367737,ST001521|AN002534|ME367737,CE(20:4),CE 20:4,RM0138480,Sterol Lipids,Sterol esters,Chol. esters,mapped_by_repository_refmet_field,repository-provided; exact class-name lookup; not independently verified,MW /data refmet_name; RefMet classification cache exact-name match,False,No explicit stable-isotope suffix detected,Retain as biological candidate; preserve analysis identity
ST001521,diet,AN002534,Reversed phase POSITIVE ION MODE,ME367736,ST001521|AN002534|ME367736,CE(20:5),CE 20:5,RM0138738,Sterol Lipids,Sterol esters,Chol. esters,mapped_by_repository_refmet_field,repository-provided; exact class-name lookup; not independently verified,MW /data refmet_name; RefMet classification cache exact-name match,False,No explicit stable-isotope suffix detected,Retain as biological candidate; preserve analysis identity
ST001521,diet,AN002534,Reversed phase POSITIVE ION MODE,ME367741,ST001521|AN002534|ME367741,CE(22:4),CE 22:4,RM0003180,Sterol Lipids,Sterol esters,Chol. esters,mapped_by_repository_refmet_field,repository-provided; exact class-name lookup; not independently verified,MW /data refmet_name; RefMet classification cache exact-name match,False,No explicit stable-isotope suffix detected,Retain as biological candidate; preserve analysis identity
ST001521,diet,AN002534,Reversed phase POSITIVE ION MODE,ME367740,ST001521|AN002534|ME367740,CE(22:5),CE 22:5,RM0017059,Sterol Lipids,Sterol esters,Chol. esters,mapped_by_repository_refmet_field,repository-provided; exact class-name lookup; not independently verified,MW /data refmet_name; RefMet classification cache exact-name match,False,No explicit stable-isotope suffix detected,Retain as biological candidate; preserve analysis identity
ST001521,diet,AN002534,Reversed phase POSITIVE ION MODE,ME367739,ST001521|AN002534|ME367739,CE(22:6),CE 22:6,RM0125897,Sterol Lipids,Sterol esters,Chol. esters,mapped_by_repository_refmet_field,repository-provided; exact class-name lookup; not independently verified,MW /data refmet_name; RefMet classification cache exact-name match,False,No explicit stable-isotope suffix detected,Retain as biological candidate; preserve analysis identity
ST001521,diet,AN002534,Reversed phase POSITIVE ION MODE,ME367714,ST001521|AN002534|ME367714,Cer(d18:1/16:0),Cer 18:1;O2/16:0,RM0135485,Sphingolipids,Ceramides,Cer,mapped_by_repository_refmet_field,repository-provided; exact class-name lookup; not independently verified,MW /data refmet_name; RefMet classification cache exact-name match,False,No explicit stable-isotope suffix detected,Retain as biological candidate; preserve analysis identity
ST001521,diet,AN002534,Reversed phase POSITIVE ION MODE,ME367715,ST001521|AN002534|ME367715,Cer(d18:1/22:0),Cer 18:1;O2/22:0,RM0135488,Sphingolipids,Ceramides,Cer,mapped_by_repository_refmet_field,repository-provided; exact class-name lookup; not independently verified,MW /data refmet_name; RefMet classification cache exact-name match,False,No explicit stable-isotope suffix detected,Retain as biological candidate; preserve analysis identity
ST001521,diet,AN002534,Reversed phase POSITIVE ION MODE,ME367716,ST001521|AN002534|ME367716,Cer(d18:1/24:0),Cer 18:1;O2/24:0,RM0135489,Sphingolipids,Ceramides,Cer,mapped_by_repository_refmet_field,repository-provided; exact class-name lookup; not independently verified,MW /data refmet_name; RefMet classification cache exact-name match,False,No explicit stable-isotope suffix detected,Retain as biological candidate; preserve analysis identity
ST001521,diet,AN002534,Reversed phase POSITIVE ION MODE,ME367717,ST001521|AN002534|ME367717,Cer(d18:1/24:1),Cer 18:1;O2/24:1,RM0134169,Sphingolipids,Ceramides,Cer,mapped_by_repository_refmet_field,repository-provided; exact class-name lookup; not independently verified,MW /data refmet_name; RefMet classification cache exact-name match,False,No explicit stable-isotope suffix detected,Retain as biological candidate; preserve analysis identity
ST001521,diet,AN002534,Reversed phase POSITIVE ION MODE,ME367747,ST001521|AN002534|ME367747,DG(30:0),DG 30:0,RM0035491,Glycerolipids,Diradylglycerols,DAG,mapped_by_repository_refmet_field,repository-provided; exact class-name lookup; not independently verified,MW /data refmet_name; RefMet classification cache exact-name match,False,No explicit stable-isotope suffix detected,Retain as biological candidate; preserve analysis identity
ST001521,diet,AN002534,Reversed phase POSITIVE ION MODE,ME367749,ST001521|AN002534|ME367749,DG(32:0),DG 32:0,RM0033958,Glycerolipids,Diradylglycerols,DAG,mapped_by_repository_refmet_field,repository-provided; exact class-name lookup; not independently verified,MW /data refmet_name; RefMet classification cache exact-name match,False,No explicit stable-isotope suffix detected,Retain as biological candidate; preserve analysis identity
ST001521,diet,AN002534,Reversed phase POSITIVE ION MODE,ME367748,ST001521|AN002534|ME367748,DG(32:1),DG 32:1,RM0134364,Glycerolipids,Diradylglycerols,DAG,mapped_by_repository_refmet_field,repository-provided; exact class-name lookup; not independently verified,MW /data refmet_name; RefMet classification cache exact-name match,False,No explicit stable-isotope suffix detected,Retain as biological candidate; preserve analysis identity
ST001521,diet,AN002534,Reversed phase POSITIVE ION MODE,ME367753,ST001521|AN002534|ME367753,DG(34:0),DG 34:0,RM0034126,Glycerolipids,Diradylglycerols,DAG,mapped_by_repository_refmet_field,repository-provided; exact class-name lookup; not independently verified,MW /data refmet_name; RefMet classification cache exact-name match,False,No explicit stable-isotope suffix detected,Retain as biological candidate; preserve analysis identity
ST001521,diet,AN002534,Reversed phase POSITIVE ION MODE,ME367752,ST001521|AN002534|ME367752,DG(34:1),DG 34:1,RM0138788,Glycerolipids,Diradylglycerols,DAG,mapped_by_repository_refmet_field,repository-provided; exact class-name lookup; not independently verified,MW /data refmet_name; RefMet classification cache exact-name match,False,No explicit stable-isotope suffix detected,Retain as biological candidate; preserve analysis identity
ST001521,diet,AN002534,Reversed phase POSITIVE ION MODE,ME367751,ST001521|AN002534|ME367751,DG(34:2),DG 34:2,RM0034129,Glycerolipids,Diradylglycerols,DAG,mapped_by_repository_refmet_field,repository-provided; exact class-name lookup; not independently verified,MW /data refmet_name; RefMet classification cache exact-name match,False,No explicit stable-isotope suffix detected,Retain as biological candidate; preserve analysis identity
ST001521,diet,AN002534,Reversed phase POSITIVE ION MODE,ME367750,ST001521|AN002534|ME367750,DG(34:3),DG 34:3,RM0035412,Glycerolipids,Diradylglycerols,DAG,mapped_by_repository_refmet_field,repository-provided; exact class-name lookup; not independently verified,MW /data refmet_name; RefMet classification cache exact-name match,False,No explicit stable-isotope suffix detected,Retain as biological candidate; preserve analysis identity
ST001521,diet,AN002534,Reversed phase POSITIVE ION MODE,ME367757,ST001521|AN002534|ME367757,DG(36:0),DG 36:0,RM0035449,Glycerolipids,Diradylglycerols,DAG,mapped_by_repository_refmet_field,repository-provided; exact class-name lookup; not independently verified,MW /data refmet_name; RefMet classification cache exact-name match,False,No explicit stable-isotope suffix detected,Retain as biological candidate; preserve analysis identity
ST001521,diet,AN002534,Reversed phase POSITIVE ION MODE,ME367756,ST001521|AN002534|ME367756,DG(36:1),DG 36:1,RM0134378,Glycerolipids,Diradylglycerols,DAG,mapped_by_repository_refmet_field,repository-provided; exact class-name lookup; not independently verified,MW /data refmet_name; RefMet classification cache exact-name match,False,No explicit stable-isotope suffix detected,Retain as biological candidate; preserve analysis identity
ST001521,diet,AN002534,Reversed phase POSITIVE ION MODE,ME367755,ST001521|AN002534|ME367755,DG(36:2),DG 36:2,RM0034055,Glycerolipids,Diradylglycerols,DAG,mapped_by_repository_refmet_field,repository-provided; exact class-name lookup; not independently verified,MW /data refmet_name; RefMet classification cache exact-name match,False,No explicit stable-isotope suffix detected,Retain as biological candidate; preserve analysis identity
ST001521,diet,AN002534,Reversed phase POSITIVE ION MODE,ME367754,ST001521|AN002534|ME367754,DG(36:3),DG 36:3,RM0035091,Glycerolipids,Diradylglycerols,DAG,mapped_by_repository_refmet_field,repository-provided; exact class-name lookup; not independently verified,MW /data refmet_name; RefMet classification cache exact-name match,False,No explicit stable-isotope suffix detected,Retain as biological candidate; preserve analysis identity
ST001521,diet,AN002534,Reversed phase POSITIVE ION MODE,ME367758,ST001521|AN002534|ME367758,DG(36:4),DG 36:4,RM0034223,Glycerolipids,Diradylglycerols,DAG,mapped_by_repository_refmet_field,repository-provided; exact class-name lookup; not independently verified,MW /data refmet_name; RefMet classification cache exact-name match,False,No explicit stable-isotope suffix detected,Retain as biological candidate; preserve analysis identity
ST001521,diet,AN002534,Reversed phase POSITIVE ION MODE,ME367760,ST001521|AN002534|ME367760,DG(38:4),DG 38:4,RM0134369,Glycerolipids,Diradylglycerols,DAG,mapped_by_repository_refmet_field,repository-provided; exact class-name lookup; not independently verified,MW /data refmet_name; RefMet classification cache exact-name match,False,No explicit stable-isotope suffix detected,Retain as biological candidate; preserve analysis identity
ST001521,diet,AN002534,Reversed phase POSITIVE ION MODE,ME367759,ST001521|AN002534|ME367759,DG(38:5),DG 38:5,RM0035493,Glycerolipids,Diradylglycerols,DAG,mapped_by_repository_refmet_field,repository-provided; exact class-name lookup; not independently verified,MW /data refmet_name; RefMet classification cache exact-name match,False,No explicit stable-isotope suffix detected,Retain as biological candidate; preserve analysis identity
ST001521,diet,AN002534,Reversed phase POSITIVE ION MODE,ME367620,ST001521|AN002534|ME367620,LPC(14:0),LPC 14:0,RM0135070,Glycerophospholipids,Glycerophosphocholines,LPC,mapped_by_repository_refmet_field,repository-provided; exact class-name lookup; not independently verified,MW /data refmet_name; RefMet classification cache exact-name match,False,No explicit stable-isotope suffix detected,Retain as biological candidate; preserve analysis identity
ST001521,diet,AN002534,Reversed phase POSITIVE ION MODE,ME367622,ST001521|AN002534|ME367622,LPC(16:0),LPC 16:0,RM0134475,Glycerophospholipids,Glycerophosphocholines,LPC,mapped_by_repository_refmet_field,repository-provided; exact class-name lookup; not independently verified,MW /data refmet_name; RefMet classification cache exact-name match,False,No explicit stable-isotope suffix detected,Retain as biological candidate; preserve analysis identity
ST001521,diet,AN002534,Reversed phase POSITIVE ION MODE,ME367621,ST001521|AN002534|ME367621,LPC(16:1),LPC 16:1,RM0048603,Glycerophospholipids,Glycerophosphocholines,LPC,mapped_by_repository_refmet_field,repository-provided; exact class-name lookup; not independently verified,MW /data refmet_name; RefMet classification cache exact-name match,False,No explicit stable-isotope suffix detected,Retain as biological candidate; preserve analysis identity
ST001521,diet,AN002534,Reversed phase POSITIVE ION MODE,ME367625,ST001521|AN002534|ME367625,LPC(18:0),LPC 18:0,RM0106163,Glycerophospholipids,Glycerophosphocholines,LPC,mapped_by_repository_refmet_field,repository-provided; exact class-name lookup; not independently verified,MW /data refmet_name; RefMet classification cache exact-name match,False,No explicit stable-isotope suffix detected,Retain as biological candidate; preserve analysis identity
ST001521,diet,AN002534,Reversed phase POSITIVE ION MODE,ME367624,ST001521|AN002534|ME367624,LPC(18:1),LPC 18:1,RM0042845,Glycerophospholipids,Glycerophosphocholines,LPC,mapped_by_repository_refmet_field,repository-provided; exact class-name lookup; not independently verified,MW /data refmet_name; RefMet classification cache exact-name match,False,No explicit stable-isotope suffix detected,Retain as biological candidate; preserve analysis identity
ST001521,diet,AN002534,Reversed phase POSITIVE ION MODE,ME367623,ST001521|AN002534|ME367623,LPC(18:2),LPC 18:2,RM0048598,Glycerophospholipids,Glycerophosphocholines,LPC,mapped_by_repository_refmet_field,repository-provided; exact class-name lookup; not independently verified,MW /data refmet_name; RefMet classification cache exact-name match,False,No explicit stable-isotope suffix detected,Retain as biological candidate; preserve analysis identity
ST001521,diet,AN002534,Reversed phase POSITIVE ION MODE,ME367628,ST001521|AN002534|ME367628,LPC(20:3),LPC 20:3,RM0134469,Glycerophospholipids,Glycerophosphocholines,LPC,mapped_by_repository_refmet_field,repository-provided; exact class-name lookup; not independently verified,MW /data refmet_name; RefMet classification cache exact-name match,False,No explicit stable-isotope suffix detected,Retain as biological candidate; preserve analysis identity
ST001521,diet,AN002534,Reversed phase POSITIVE ION MODE,ME367627,ST001521|AN002534|ME367627,LPC(20:4),LPC 20:4,RM0048636,Glycerophospholipids,Glycerophosphocholines,LPC,mapped_by_repository_refmet_field,repository-provided; exact class-name lookup; not independently verified,MW /data refmet_name; RefMet classification cache exact-name match,False,No explicit stable-isotope suffix detected,Retain as biological candidate; preserve analysis identity
ST001521,diet,AN002534,Reversed phase POSITIVE ION MODE,ME367626,ST001521|AN002534|ME367626,LPC(20:5),LPC 20:5,RM0106165,Glycerophospholipids,Glycerophosphocholines,LPC,mapped_by_repository_refmet_field,repository-provided; exact class-name lookup; not independently verified,MW /data refmet_name; RefMet classification cache exact-name match,False,No explicit stable-isotope suffix detected,Retain as biological candidate; preserve analysis identity
ST001521,diet,AN002534,Reversed phase POSITIVE ION MODE,ME367629,ST001521|AN002534|ME367629,LPC(22:6),LPC 22:6,RM0134493,Glycerophospholipids,Glycerophosphocholines,LPC,mapped_by_repository_refmet_field,repository-provided; exact class-name lookup; not independently verified,MW /data refmet_name; RefMet classification cache exact-name match,False,No explicit stable-isotope suffix detected,Retain as biological candidate; preserve analysis identity
ST001521,diet,AN002534,Reversed phase POSITIVE ION MODE,ME367630,ST001521|AN002534|ME367630,LPE(16:0),LPE 16:0,RM0134456,Glycerophospholipids,Glycerophosphoethanolamines,LPE,mapped_by_repository_refmet_field,repository-provided; exact class-name lookup; not independently verified,MW /data refmet_name; RefMet classification cache exact-name match,False,No explicit stable-isotope suffix detected,Retain as biological candidate; preserve analysis identity
ST001521,diet,AN002534,Reversed phase POSITIVE ION MODE,ME367633,ST001521|AN002534|ME367633,LPE(18:0),LPE 18:0,RM0017276,Glycerophospholipids,Glycerophosphoethanolamines,LPE,mapped_by_repository_refmet_field,repository-provided; exact class-name lookup; not independently verified,MW /data refmet_name; RefMet classification cache exact-name match,False,No explicit stable-isotope suffix detected,Retain as biological candidate; preserve analysis identity
ST001521,diet,AN002534,Reversed phase POSITIVE ION MODE,ME367632,ST001521|AN002534|ME367632,LPE(18:1),LPE 18:1,RM0104274,Glycerophospholipids,Glycerophosphoethanolamines,LPE,mapped_by_repository_refmet_field,repository-provided; exact class-name lookup; not independently verified,MW /data refmet_name; RefMet classification cache exact-name match,False,No explicit stable-isotope suffix detected,Retain as biological candidate; preserve analysis identity
ST001521,diet,AN002534,Reversed phase POSITIVE ION MODE,ME367631,ST001521|AN002534|ME367631,LPE(18:2),LPE 18:2,RM0048672,Glycerophospholipids,Glycerophosphoethanolamines,LPE,mapped_by_repository_refmet_field,repository-provided; exact class-name lookup; not independently verified,MW /data refmet_name; RefMet classification cache exact-name match,False,No explicit stable-isotope suffix detected,Retain as biological candidate; preserve analysis identity
ST001521,diet,AN002534,Reversed phase POSITIVE ION MODE,ME367635,ST001521|AN002534|ME367635,LPE(20:0),LPE 20:0,RM0134453,Glycerophospholipids,Glycerophosphoethanolamines,LPE,mapped_by_repository_refmet_field,repository-provided; exact class-name lookup; not independently verified,MW /data refmet_name; RefMet classification cache exact-name match,False,No explicit stable-isotope suffix detected,Retain as biological candidate; preserve analysis identity
ST001521,diet,AN002534,Reversed phase POSITIVE ION MODE,ME367634,ST001521|AN002534|ME367634,LPE(20:4),LPE 20:4,RM0097815,Glycerophospholipids,Glycerophosphoethanolamines,LPE,mapped_by_repository_refmet_field,repository-provided; exact class-name lookup; not independently verified,MW /data refmet_name; RefMet classification cache exact-name match,False,No explicit stable-isotope suffix detected,Retain as biological candidate; preserve analysis identity
ST001521,diet,AN002534,Reversed phase POSITIVE ION MODE,ME367637,ST001521|AN002534|ME367637,LPE(22:0),LPE 22:0,RM0017246,Glycerophospholipids,Glycerophosphoethanolamines,LPE,mapped_by_repository_refmet_field,repository-provided; exact class-name lookup; not independently verified,MW /data refmet_name; RefMet classification cache exact-name match,False,No explicit stable-isotope suffix detected,Retain as biological candidate; preserve analysis identity
ST001521,diet,AN002534,Reversed phase POSITIVE ION MODE,ME367636,ST001521|AN002534|ME367636,LPE(22:6),LPE 22:6,RM0134455,Glycerophospholipids,Glycerophosphoethanolamines,LPE,mapped_by_repository_refmet_field,repository-provided; exact class-name lookup; not independently verified,MW /data refmet_name; RefMet classification cache exact-name match,False,No explicit stable-isotope suffix detected,Retain as biological candidate; preserve analysis identity
ST001521,diet,AN002534,Reversed phase POSITIVE ION MODE,ME367743,ST001521|AN002534|ME367743,MG(14:1)_A,MG 14:1,RM0084009,Glycerolipids,Monoradylglycerols,MAG,mapped_by_repository_refmet_field,repository-provided; exact class-name lookup; not independently verified,MW /data refmet_name; RefMet classification cache exact-name match,False,No explicit stable-isotope suffix detected,Retain as biological candidate; preserve analysis identity
ST001521,diet,AN002534,Reversed phase POSITIVE ION MODE,ME367742,ST001521|AN002534|ME367742,MG(14:1)_B,MG 14:1,RM0084009,Glycerolipids,Monoradylglycerols,MAG,mapped_by_repository_refmet_field,repository-provided; exact class-name lookup; not independently verified,MW /data refmet_name; RefMet classification cache exact-name match,False,No explicit stable-isotope suffix detected,Retain as biological candidate; preserve analysis identity
ST001521,diet,AN002534,Reversed phase POSITIVE ION MODE,ME367744,ST001521|AN002534|ME367744,MG(16:1),MG 16:1,RM0012710,Glycerolipids,Monoradylglycerols,MAG,mapped_by_repository_refmet_field,repository-provided; exact class-name lookup; not independently verified,MW /data refmet_name; RefMet classification cache exact-name match,False,No explicit stable-isotope suffix detected,Retain as biological candidate; preserve analysis identity
ST001521,diet,AN002534,Reversed phase POSITIVE ION MODE,ME367745,ST001521|AN002534|ME367745,MG(18:0),MG 18:0,RM0075519,Glycerolipids,Monoradylglycerols,MAG,mapped_by_repository_refmet_field,repository-provided; exact class-name lookup; not independently verified,MW /data refmet_name; RefMet classification cache exact-name match,False,No explicit stable-isotope suffix detected,Retain as biological candidate; preserve analysis identity
ST001521,diet,AN002534,Reversed phase POSITIVE ION MODE,ME367746,ST001521|AN002534|ME367746,MG(22:1),MG 22:1,RM0075494,Glycerolipids,Monoradylglycerols,MAG,mapped_by_repository_refmet_field,repository-provided; exact class-name lookup; not independently verified,MW /data refmet_name; RefMet classification cache exact-name match,False,No explicit stable-isotope suffix detected,Retain as biological candidate; preserve analysis identity
ST001521,diet,AN002534,Reversed phase POSITIVE ION MODE,ME367619,ST001521|AN002534|ME367619,PC(12:0/12:0),PC 12:0/12:0,RM0135039,Glycerophospholipids,Glycerophosphocholines,PC,mapped_by_repository_refmet_field,repository-provided; exact class-name lookup; not independently verified,MW /data refmet_name; RefMet classification cache exact-name match,False,No explicit stable-isotope suffix detected,Retain as biological candidate; preserve analysis identity
ST001521,diet,AN002534,Reversed phase POSITIVE ION MODE,ME367639,ST001521|AN002534|ME367639,PC(30:0),PC 30:0,RM0025459,Glycerophospholipids,Glycerophosphocholines,PC,mapped_by_repository_refmet_field,repository-provided; exact class-name lookup; not independently verified,MW /data refmet_name; RefMet classification cache exact-name match,False,No explicit stable-isotope suffix detected,Retain as biological candidate; preserve analysis identity
ST001521,diet,AN002534,Reversed phase POSITIVE ION MODE,ME367638,ST001521|AN002534|ME367638,PC(30:1),PC 30:1,RM0000565,Glycerophospholipids,Glycerophosphocholines,PC,mapped_by_repository_refmet_field,repository-provided; exact class-name lookup; not independently verified,MW /data refmet_name; RefMet classification cache exact-name match,False,No explicit stable-isotope suffix detected,Retain as biological candidate; preserve analysis identity
ST001521,diet,AN002534,Reversed phase POSITIVE ION MODE,ME367642,ST001521|AN002534|ME367642,PC(32:0),PC 32:0,RM0134841,Glycerophospholipids,Glycerophosphocholines,PC,mapped_by_repository_refmet_field,repository-provided; exact class-name lookup; not independently verified,MW /data refmet_name; RefMet classification cache exact-name match,False,No explicit stable-isotope suffix detected,Retain as biological candidate; preserve analysis identity
ST001521,diet,AN002534,Reversed phase POSITIVE ION MODE,ME367641,ST001521|AN002534|ME367641,PC(32:1),PC 32:1,RM0011317,Glycerophospholipids,Glycerophosphocholines,PC,mapped_by_repository_refmet_field,repository-provided; exact class-name lookup; not independently verified,MW /data refmet_name; RefMet classification cache exact-name match,False,No explicit stable-isotope suffix detected,Retain as biological candidate; preserve analysis identity
ST001521,diet,AN002534,Reversed phase POSITIVE ION MODE,ME367640,ST001521|AN002534|ME367640,PC(32:2),PC 32:2,RM0024988,Glycerophospholipids,Glycerophosphocholines,PC,mapped_by_repository_refmet_field,repository-provided; exact class-name lookup; not independently verified,MW /data refmet_name; RefMet classification cache exact-name match,False,No explicit stable-isotope suffix detected,Retain as biological candidate; preserve analysis identity
ST001521,diet,AN002534,Reversed phase POSITIVE ION MODE,ME367648,ST001521|AN002534|ME367648,PC(34:0),PC 34:0,RM0134843,Glycerophospholipids,Glycerophosphocholines,PC,mapped_by_repository_refmet_field,repository-provided; exact class-name lookup; not independently verified,MW /data refmet_name; RefMet classification cache exact-name match,False,No explicit stable-isotope suffix detected,Retain as biological candidate; preserve analysis identity
ST001521,diet,AN002534,Reversed phase POSITIVE ION MODE,ME367647,ST001521|AN002534|ME367647,PC(34:1),PC 34:1,RM0010728,Glycerophospholipids,Glycerophosphocholines,PC,mapped_by_repository_refmet_field,repository-provided; exact class-name lookup; not independently verified,MW /data refmet_name; RefMet classification cache exact-name match,False,No explicit stable-isotope suffix detected,Retain as biological candidate; preserve analysis identity
ST001521,diet,AN002534,Reversed phase POSITIVE ION MODE,ME367645,ST001521|AN002534|ME367645,PC(34:2),PC 34:2,RM0025463,Glycerophospholipids,Glycerophosphocholines,PC,mapped_by_repository_refmet_field,repository-provided; exact class-name lookup; not independently verified,MW /data refmet_name; RefMet classification cache exact-name match,False,No explicit stable-isotope suffix detected,Retain as biological candidate; preserve analysis identity
ST001521,diet,AN002534,Reversed phase POSITIVE ION MODE,ME367646,ST001521|AN002534|ME367646,PC(34:2-OH),PC 34:2;O,RM0088700,Glycerophospholipids,Glycerophosphocholines,Ox-PC,mapped_by_repository_refmet_field,repository-provided; exact class-name lookup; not independently verified,MW /data refmet_name; RefMet classification cache exact-name match,False,No explicit stable-isotope suffix detected,Retain as biological candidate; preserve analysis identity
ST001521,diet,AN002534,Reversed phase POSITIVE ION MODE,ME367644,ST001521|AN002534|ME367644,PC(34:3),PC 34:3,RM0134816,Glycerophospholipids,Glycerophosphocholines,PC,mapped_by_repository_refmet_field,repository-provided; exact class-name lookup; not independently verified,MW /data refmet_name; RefMet classification cache exact-name match,False,No explicit stable-isotope suffix detected,Retain as biological candidate; preserve analysis identity
ST001521,diet,AN002534,Reversed phase POSITIVE ION MODE,ME367643,ST001521|AN002534|ME367643,PC(34:4),PC 34:4,RM0090131,Glycerophospholipids,Glycerophosphocholines,PC,mapped_by_repository_refmet_field,repository-provided; exact class-name lookup; not independently verified,MW /data refmet_name; RefMet classification cache exact-name match,False,No explicit stable-isotope suffix detected,Retain as biological candidate; preserve analysis identity
ST001521,diet,AN002534,Reversed phase POSITIVE ION MODE,ME367655,ST001521|AN002534|ME367655,PC(36:0),PC 36:0,RM0025422,Glycerophospholipids,Glycerophosphocholines,PC,mapped_by_repository_refmet_field,repository-provided; exact class-name lookup; not independently verified,MW /data refmet_name; RefMet classification cache exact-name match,False,No explicit stable-isotope suffix detected,Retain as biological candidate; preserve analysis identity
ST001521,diet,AN002534,Reversed phase POSITIVE ION MODE,ME367654,ST001521|AN002534|ME367654,PC(36:1),PC 36:1,RM0097853,Glycerophospholipids,Glycerophosphocholines,PC,mapped_by_repository_refmet_field,repository-provided; exact class-name lookup; not independently verified,MW /data refmet_name; RefMet classification cache exact-name match,False,No explicit stable-isotope suffix detected,Retain as biological candidate; preserve analysis identity
ST001521,diet,AN002534,Reversed phase POSITIVE ION MODE,ME367653,ST001521|AN002534|ME367653,PC(36:2),PC 36:2,RM0134818,Glycerophospholipids,Glycerophosphocholines,PC,mapped_by_repository_refmet_field,repository-provided; exact class-name lookup; not independently verified,MW /data refmet_name; RefMet classification cache exact-name match,False,No explicit stable-isotope suffix detected,Retain as biological candidate; preserve analysis identity
ST001521,diet,AN002534,Reversed phase POSITIVE ION MODE,ME367652,ST001521|AN002534|ME367652,PC(36:3),PC 36:3,RM0010754,Glycerophospholipids,Glycerophosphocholines,PC,mapped_by_repository_refmet_field,repository-provided; exact class-name lookup; not independently verified,MW /data refmet_name; RefMet classification cache exact-name match,False,No explicit stable-isotope suffix detected,Retain as biological candidate; preserve analysis identity
ST001521,diet,AN002534,Reversed phase POSITIVE ION MODE,ME367649,ST001521|AN002534|ME367649,PC(36:4)_A,PC 36:4,RM0010761,Glycerophospholipids,Glycerophosphocholines,PC,mapped_by_repository_refmet_field,repository-provided; exact class-name lookup; not independently verified,MW /data refmet_name; RefMet classification cache exact-name match,False,No explicit stable-isotope suffix detected,Retain as biological candidate; preserve analysis identity
ST001521,diet,AN002534,Reversed phase POSITIVE ION MODE,ME367650,ST001521|AN002534|ME367650,PC(36:4)_B,PC 36:4,RM0010761,Glycerophospholipids,Glycerophosphocholines,PC,mapped_by_repository_refmet_field,repository-provided; exact class-name lookup; not independently verified,MW /data refmet_name; RefMet classification cache exact-name match,False,No explicit stable-isotope suffix detected,Retain as biological candidate; preserve analysis identity
ST001521,diet,AN002534,Reversed phase POSITIVE ION MODE,ME367651,ST001521|AN002534|ME367651,PC(36:4-OH),PC 36:4;O,RM0088699,Glycerophospholipids,Glycerophosphocholines,Ox-PC,mapped_by_repository_refmet_field,repository-provided; exact class-name lookup; not independently verified,MW /data refmet_name; RefMet classification cache exact-name match,False,No explicit stable-isotope suffix detected,Retain as biological candidate; preserve analysis identity
ST001521,diet,AN002534,Reversed phase POSITIVE ION MODE,ME367659,ST001521|AN002534|ME367659,PC(38:2),PC 38:2,RM0134844,Glycerophospholipids,Glycerophosphocholines,PC,mapped_by_repository_refmet_field,repository-provided; exact class-name lookup; not independently verified,MW /data refmet_name; RefMet classification cache exact-name match,False,No explicit stable-isotope suffix detected,Retain as biological candidate; preserve analysis identity
ST001521,diet,AN002534,Reversed phase POSITIVE ION MODE,ME367658,ST001521|AN002534|ME367658,PC(38:3),PC 38:3,RM0134820,Glycerophospholipids,Glycerophosphocholines,PC,mapped_by_repository_refmet_field,repository-provided; exact class-name lookup; not independently verified,MW /data refmet_name; RefMet classification cache exact-name match,False,No explicit stable-isotope suffix detected,Retain as biological candidate; preserve analysis identity
ST001521,diet,AN002534,Reversed phase POSITIVE ION MODE,ME367657,ST001521|AN002534|ME367657,PC(38:4),PC 38:4,RM0010755,Glycerophospholipids,Glycerophosphocholines,PC,mapped_by_repository_refmet_field,repository-provided; exact class-name lookup; not independently verified,MW /data refmet_name; RefMet classification cache exact-name match,False,No explicit stable-isotope suffix detected,Retain as biological candidate; preserve analysis identity
ST001521,diet,AN002534,Reversed phase POSITIVE ION MODE,ME367656,ST001521|AN002534|ME367656,PC(38:6),PC 38:6,RM0097851,Glycerophospholipids,Glycerophosphocholines,PC,mapped_by_repository_refmet_field,repository-provided; exact class-name lookup; not independently verified,MW /data refmet_name; RefMet classification cache exact-name match,False,No explicit stable-isotope suffix detected,Retain as biological candidate; preserve analysis identity
ST001521,diet,AN002534,Reversed phase POSITIVE ION MODE,ME367660,ST001521|AN002534|ME367660,PC(40:10),PC 40:10,RM0098364,Glycerophospholipids,Glycerophosphocholines,PC,mapped_by_repository_refmet_field,repository-provided; exact class-name lookup; not independently verified,MW /data refmet_name; RefMet classification cache exact-name match,False,No explicit stable-isotope suffix detected,Retain as biological candidate; preserve analysis identity
ST001521,diet,AN002534,Reversed phase POSITIVE ION MODE,ME367662,ST001521|AN002534|ME367662,PC(40:6),PC 40:6,RM0134817,Glycerophospholipids,Glycerophosphocholines,PC,mapped_by_repository_refmet_field,repository-provided; exact class-name lookup; not independently verified,MW /data refmet_name; RefMet classification cache exact-name match,False,No explicit stable-isotope suffix detected,Retain as biological candidate; preserve analysis identity
ST001521,diet,AN002534,Reversed phase POSITIVE ION MODE,ME367661,ST001521|AN002534|ME367661,PC(40:9),PC 40:9,RM0103430,Glycerophospholipids,Glycerophosphocholines,PC,mapped_by_repository_refmet_field,repository-provided; exact class-name lookup; not independently verified,MW /data refmet_name; RefMet classification cache exact-name match,False,No explicit stable-isotope suffix detected,Retain as biological candidate; preserve analysis identity
ST001521,diet,AN002534,Reversed phase POSITIVE ION MODE,ME367667,ST001521|AN002534|ME367667,PC(P-34:0)/PC(O-34:1)_A,PC P-34:0 or PC O-34:1,RM0103506,Glycerophospholipids,Glycerophosphocholines,O-PC,mapped_by_repository_refmet_field,repository-provided; exact class-name lookup; not independently verified,MW /data refmet_name; RefMet classification cache exact-name match,False,No explicit stable-isotope suffix detected,Retain as biological candidate; preserve analysis identity
ST001521,diet,AN002534,Reversed phase POSITIVE ION MODE,ME367668,ST001521|AN002534|ME367668,PC(P-34:0)/PC(O-34:1)_B,PC P-34:0 or PC O-34:1,RM0103506,Glycerophospholipids,Glycerophosphocholines,O-PC,mapped_by_repository_refmet_field,repository-provided; exact class-name lookup; not independently verified,MW /data refmet_name; RefMet classification cache exact-name match,False,No explicit stable-isotope suffix detected,Retain as biological candidate; preserve analysis identity
ST001521,diet,AN002534,Reversed phase POSITIVE ION MODE,ME367666,ST001521|AN002534|ME367666,PC(P-34:1)/PC(O-34:2),PC P-34:1 or PC O-34:2,RM0033106,Glycerophospholipids,Glycerophosphocholines,O-PC,mapped_by_repository_refmet_field,repository-provided; exact class-name lookup; not independently verified,MW /data refmet_name; RefMet classification cache exact-name match,False,No explicit stable-isotope suffix detected,Retain as biological candidate; preserve analysis identity
ST001521,diet,AN002534,Reversed phase POSITIVE ION MODE,ME367665,ST001521|AN002534|ME367665,PC(P-34:2)/PC(O-34:3),PC P-34:2 or PC O-34:3,RM0052754,Glycerophospholipids,Glycerophosphocholines,O-PC,mapped_by_repository_refmet_field,repository-provided; exact class-name lookup; not independently verified,MW /data refmet_name; RefMet classification cache exact-name match,False,No explicit stable-isotope suffix detected,Retain as biological candidate; preserve analysis identity
ST001521,diet,AN002534,Reversed phase POSITIVE ION MODE,ME367664,ST001521|AN002534|ME367664,PC(P-34:3)/PC(O-34:4),PC P-34:3 or PC O-34:4,RM0051497,Glycerophospholipids,Glycerophosphocholines,O-PC,mapped_by_repository_refmet_field,repository-provided; exact class-name lookup; not independently verified,MW /data refmet_name; RefMet classification cache exact-name match,False,No explicit stable-isotope suffix detected,Retain as biological candidate; preserve analysis identity
ST001521,diet,AN002534,Reversed phase POSITIVE ION MODE,ME367663,ST001521|AN002534|ME367663,PC(P-34:4)/PC(O-34:5),PC P-34:4 or PC O-34:5,RM0051666,Glycerophospholipids,Glycerophosphocholines,O-PC,mapped_by_repository_refmet_field,repository-provided; exact class-name lookup; not independently verified,MW /data refmet_name; RefMet classification cache exact-name match,False,No explicit stable-isotope suffix detected,Retain as biological candidate; preserve analysis identity
ST001521,diet,AN002534,Reversed phase POSITIVE ION MODE,ME367674,ST001521|AN002534|ME367674,PC(P-36:0)/PC(O-36:1),PC P-36:0 or PC O-36:1,RM0051268,Glycerophospholipids,Glycerophosphocholines,O-PC,mapped_by_repository_refmet_field,repository-provided; exact class-name lookup; not independently verified,MW /data refmet_name; RefMet classification cache exact-name match,False,No explicit stable-isotope suffix detected,Retain as biological candidate; preserve analysis identity
ST001521,diet,AN002534,Reversed phase POSITIVE ION MODE,ME367673,ST001521|AN002534|ME367673,PC(P-36:1)/PC(O-36:2),PC P-36:1 or PC O-36:2,RM0052630,Glycerophospholipids,Glycerophosphocholines,O-PC,mapped_by_repository_refmet_field,repository-provided; exact class-name lookup; not independently verified,MW /data refmet_name; RefMet classification cache exact-name match,False,No explicit stable-isotope suffix detected,Retain as biological candidate; preserve analysis identity
ST001521,diet,AN002534,Reversed phase POSITIVE ION MODE,ME367672,ST001521|AN002534|ME367672,PC(P-36:2)/PC(O-36:3),PC P-36:2 or PC O-36:3,RM0051673,Glycerophospholipids,Glycerophosphocholines,O-PC,mapped_by_repository_refmet_field,repository-provided; exact class-name lookup; not independently verified,MW /data refmet_name; RefMet classification cache exact-name match,False,No explicit stable-isotope suffix detected,Retain as biological candidate; preserve analysis identity
ST001521,diet,AN002534,Reversed phase POSITIVE ION MODE,ME367671,ST001521|AN002534|ME367671,PC(P-36:3)/PC(O-36:4),PC P-36:3 or PC O-36:4,RM0052322,Glycerophospholipids,Glycerophosphocholines,O-PC,mapped_by_repository_refmet_field,repository-provided; exact class-name lookup; not independently verified,MW /data refmet_name; RefMet classification cache exact-name match,False,No explicit stable-isotope suffix detected,Retain as biological candidate; preserve analysis identity
ST001521,diet,AN002534,Reversed phase POSITIVE ION MODE,ME367669,ST001521|AN002534|ME367669,PC(P-36:4)/PC(O-36:5)_A,PC P-36:4 or PC O-36:5,RM0053383,Glycerophospholipids,Glycerophosphocholines,O-PC,mapped_by_repository_refmet_field,repository-provided; exact class-name lookup; not independently verified,MW /data refmet_name; RefMet classification cache exact-name match,False,No explicit stable-isotope suffix detected,Retain as biological candidate; preserve analysis identity
ST001521,diet,AN002534,Reversed phase POSITIVE ION MODE,ME367670,ST001521|AN002534|ME367670,PC(P-36:4)/PC(O-36:5)_B,PC P-36:4 or PC O-36:5,RM0053383,Glycerophospholipids,Glycerophosphocholines,O-PC,mapped_by_repository_refmet_field,repository-provided; exact class-name lookup; not independently verified,MW /data refmet_name; RefMet classification cache exact-name match,False,No explicit stable-isotope suffix detected,Retain as biological candidate; preserve analysis identity
ST001521,diet,AN002534,Reversed phase POSITIVE ION MODE,ME367677,ST001521|AN002534|ME367677,PC(P-38:3)/PC(O-38:4),PC P-38:3 or PC O-38:4,RM0053637,Glycerophospholipids,Glycerophosphocholines,O-PC,mapped_by_repository_refmet_field,repository-provided; exact class-name lookup; not independently verified,MW /data refmet_name; RefMet classification cache exact-name match,False,No explicit stable-isotope suffix detected,Retain as biological candidate; preserve analysis identity
ST001521,diet,AN002534,Reversed phase POSITIVE ION MODE,ME367676,ST001521|AN002534|ME367676,PC(P-38:5)/PC(O-38:6),PC P-38:5 or PC O-38:6,RM0053378,Glycerophospholipids,Glycerophosphocholines,O-PC,mapped_by_repository_refmet_field,repository-provided; exact class-name lookup; not independently verified,MW /data refmet_name; RefMet classification cache exact-name match,False,No explicit stable-isotope suffix detected,Retain as biological candidate; preserve analysis identity
ST001521,diet,AN002534,Reversed phase POSITIVE ION MODE,ME367675,ST001521|AN002534|ME367675,PC(P-38:6)/PC(O-38:7),PC P-38:6 or PC O-38:7,RM0033439,Glycerophospholipids,Glycerophosphocholines,O-PC,mapped_by_repository_refmet_field,repository-provided; exact class-name lookup; not independently verified,MW /data refmet_name; RefMet classification cache exact-name match,False,No explicit stable-isotope suffix detected,Retain as biological candidate; preserve analysis identity
ST001521,diet,AN002534,Reversed phase POSITIVE ION MODE,ME367678,ST001521|AN002534|ME367678,PC(P-40:6)/PC(O-40:7),PC P-40:6 or PC O-40:7,RM0038766,Glycerophospholipids,Glycerophosphocholines,O-PC,mapped_by_repository_refmet_field,repository-provided; exact class-name lookup; not independently verified,MW /data refmet_name; RefMet classification cache exact-name match,False,No explicit stable-isotope suffix detected,Retain as biological candidate; preserve analysis identity
ST001521,diet,AN002534,Reversed phase POSITIVE ION MODE,ME367679,ST001521|AN002534|ME367679,PE(32:0),PE 32:0,RM0134693,Glycerophospholipids,Glycerophosphoethanolamines,PE,mapped_by_repository_refmet_field,repository-provided; exact class-name lookup; not independently verified,MW /data refmet_name; RefMet classification cache exact-name match,False,No explicit stable-isotope suffix detected,Retain as biological candidate; preserve analysis identity
ST001521,diet,AN002534,Reversed phase POSITIVE ION MODE,ME367681,ST001521|AN002534|ME367681,PE(34:0),PE 34:0,RM0134697,Glycerophospholipids,Glycerophosphoethanolamines,PE,mapped_by_repository_refmet_field,repository-provided; exact class-name lookup; not independently verified,MW /data refmet_name; RefMet classification cache exact-name match,False,No explicit stable-isotope suffix detected,Retain as biological candidate; preserve analysis identity
ST001521,diet,AN002534,Reversed phase POSITIVE ION MODE,ME367680,ST001521|AN002534|ME367680,PE(34:2),PE 34:2,RM0001239,Glycerophospholipids,Glycerophosphoethanolamines,PE,mapped_by_repository_refmet_field,repository-provided; exact class-name lookup; not independently verified,MW /data refmet_name; RefMet classification cache exact-name match,False,No explicit stable-isotope suffix detected,Retain as biological candidate; preserve analysis identity
ST001521,diet,AN002534,Reversed phase POSITIVE ION MODE,ME367686,ST001521|AN002534|ME367686,PE(36:0),PE 36:0,RM0007181,Glycerophospholipids,Glycerophosphoethanolamines,PE,mapped_by_repository_refmet_field,repository-provided; exact class-name lookup; not independently verified,MW /data refmet_name; RefMet classification cache exact-name match,False,No explicit stable-isotope suffix detected,Retain as biological candidate; preserve analysis identity
ST001521,diet,AN002534,Reversed phase POSITIVE ION MODE,ME367685,ST001521|AN002534|ME367685,PE(36:1),PE 36:1,RM0029366,Glycerophospholipids,Glycerophosphoethanolamines,PE,mapped_by_repository_refmet_field,repository-provided; exact class-name lookup; not independently verified,MW /data refmet_name; RefMet classification cache exact-name match,False,No explicit stable-isotope suffix detected,Retain as biological candidate; preserve analysis identity
ST001521,diet,AN002534,Reversed phase POSITIVE ION MODE,ME367684,ST001521|AN002534|ME367684,PE(36:2),PE 36:2,RM0134780,Glycerophospholipids,Glycerophosphoethanolamines,PE,mapped_by_repository_refmet_field,repository-provided; exact class-name lookup; not independently verified,MW /data refmet_name; RefMet classification cache exact-name match,False,No explicit stable-isotope suffix detected,Retain as biological candidate; preserve analysis identity
ST001521,diet,AN002534,Reversed phase POSITIVE ION MODE,ME367683,ST001521|AN002534|ME367683,PE(36:3),PE 36:3,RM0044082,Glycerophospholipids,Glycerophosphoethanolamines,PE,mapped_by_repository_refmet_field,repository-provided; exact class-name lookup; not independently verified,MW /data refmet_name; RefMet classification cache exact-name match,False,No explicit stable-isotope suffix detected,Retain as biological candidate; preserve analysis identity
ST001521,diet,AN002534,Reversed phase POSITIVE ION MODE,ME367682,ST001521|AN002534|ME367682,PE(36:4),PE 36:4,RM0029374,Glycerophospholipids,Glycerophosphoethanolamines,PE,mapped_by_repository_refmet_field,repository-provided; exact class-name lookup; not independently verified,MW /data refmet_name; RefMet classification cache exact-name match,False,No explicit stable-isotope suffix detected,Retain as biological candidate; preserve analysis identity
ST001521,diet,AN002534,Reversed phase POSITIVE ION MODE,ME367690,ST001521|AN002534|ME367690,PE(38:2),PE 38:2,RM0002933,Glycerophospholipids,Glycerophosphoethanolamines,PE,mapped_by_repository_refmet_field,repository-provided; exact class-name lookup; not independently verified,MW /data refmet_name; RefMet classification cache exact-name match,False,No explicit stable-isotope suffix detected,Retain as biological candidate; preserve analysis identity
ST001521,diet,AN002534,Reversed phase POSITIVE ION MODE,ME367689,ST001521|AN002534|ME367689,PE(38:4),PE 38:4,RM0134744,Glycerophospholipids,Glycerophosphoethanolamines,PE,mapped_by_repository_refmet_field,repository-provided; exact class-name lookup; not independently verified,MW /data refmet_name; RefMet classification cache exact-name match,False,No explicit stable-isotope suffix detected,Retain as biological candidate; preserve analysis identity
ST001521,diet,AN002534,Reversed phase POSITIVE ION MODE,ME367688,ST001521|AN002534|ME367688,PE(38:5),PE 38:5,RM0134741,Glycerophospholipids,Glycerophosphoethanolamines,PE,mapped_by_repository_refmet_field,repository-provided; exact class-name lookup; not independently verified,MW /data refmet_name; RefMet classification cache exact-name match,False,No explicit stable-isotope suffix detected,Retain as biological candidate; preserve analysis identity
ST001521,diet,AN002534,Reversed phase POSITIVE ION MODE,ME367687,ST001521|AN002534|ME367687,PE(38:6),PE 38:6,RM0001619,Glycerophospholipids,Glycerophosphoethanolamines,PE,mapped_by_repository_refmet_field,repository-provided; exact class-name lookup; not independently verified,MW /data refmet_name; RefMet classification cache exact-name match,False,No explicit stable-isotope suffix detected,Retain as biological candidate; preserve analysis identity
ST001521,diet,AN002534,Reversed phase POSITIVE ION MODE,ME367691,ST001521|AN002534|ME367691,PE(40:6),PE 40:6,RM0134743,Glycerophospholipids,Glycerophosphoethanolamines,PE,mapped_by_repository_refmet_field,repository-provided; exact class-name lookup; not independently verified,MW /data refmet_name; RefMet classification cache exact-name match,False,No explicit stable-isotope suffix detected,Retain as biological candidate; preserve analysis identity
ST001521,diet,AN002534,Reversed phase POSITIVE ION MODE,ME367693,ST001521|AN002534|ME367693,PE(P-34:1)/PE(O-34:2),PE P-34:1 or PE O-34:2,RM0055691,Glycerophospholipids,Glycerophosphoethanolamines,O-PE,mapped_by_repository_refmet_field,repository-provided; exact class-name lookup; not independently verified,MW /data refmet_name; RefMet classification cache exact-name match,False,No explicit stable-isotope suffix detected,Retain as biological candidate; preserve analysis identity
ST001521,diet,AN002534,Reversed phase POSITIVE ION MODE,ME367692,ST001521|AN002534|ME367692,PE(P-34:2)/PE(O-34:3),PE P-34:2 or PE O-34:3,RM0043209,Glycerophospholipids,Glycerophosphoethanolamines,O-PE,mapped_by_repository_refmet_field,repository-provided; exact class-name lookup; not independently verified,MW /data refmet_name; RefMet classification cache exact-name match,False,No explicit stable-isotope suffix detected,Retain as biological candidate; preserve analysis identity
ST001521,diet,AN002534,Reversed phase POSITIVE ION MODE,ME367698,ST001521|AN002534|ME367698,PE(P-36:0)/PE(O-36:1),PE P-36:0 or PE O-36:1,RM0091765,Glycerophospholipids,Glycerophosphoethanolamines,O-PE,mapped_by_repository_refmet_field,repository-provided; exact class-name lookup; not independently verified,MW /data refmet_name; RefMet classification cache exact-name match,False,No explicit stable-isotope suffix detected,Retain as biological candidate; preserve analysis identity
ST001521,diet,AN002534,Reversed phase POSITIVE ION MODE,ME367697,ST001521|AN002534|ME367697,PE(P-36:1)/PE(O-36:2),PE P-36:1 or PE O-36:2,RM0009118,Glycerophospholipids,Glycerophosphoethanolamines,O-PE,mapped_by_repository_refmet_field,repository-provided; exact class-name lookup; not independently verified,MW /data refmet_name; RefMet classification cache exact-name match,False,No explicit stable-isotope suffix detected,Retain as biological candidate; preserve analysis identity
ST001521,diet,AN002534,Reversed phase POSITIVE ION MODE,ME367696,ST001521|AN002534|ME367696,PE(P-36:2)/PE(O-36:3),PE P-36:2 or PE O-36:3,RM0009566,Glycerophospholipids,Glycerophosphoethanolamines,O-PE,mapped_by_repository_refmet_field,repository-provided; exact class-name lookup; not independently verified,MW /data refmet_name; RefMet classification cache exact-name match,False,No explicit stable-isotope suffix detected,Retain as biological candidate; preserve analysis identity
ST001521,diet,AN002534,Reversed phase POSITIVE ION MODE,ME367695,ST001521|AN002534|ME367695,PE(P-36:3)/PE(O-36:4),PE P-36:3 or PE O-36:4,RM0091766,Glycerophospholipids,Glycerophosphoethanolamines,O-PE,mapped_by_repository_refmet_field,repository-provided; exact class-name lookup; not independently verified,MW /data refmet_name; RefMet classification cache exact-name match,False,No explicit stable-isotope suffix detected,Retain as biological candidate; preserve analysis identity
ST001521,diet,AN002534,Reversed phase POSITIVE ION MODE,ME367694,ST001521|AN002534|ME367694,PE(P-36:4)/PE(O-36:5),PE P-36:4 or PE O-36:5,RM0043212,Glycerophospholipids,Glycerophosphoethanolamines,O-PE,mapped_by_repository_refmet_field,repository-provided; exact class-name lookup; not independently verified,MW /data refmet_name; RefMet classification cache exact-name match,False,No explicit stable-isotope suffix detected,Retain as biological candidate; preserve analysis identity
ST001521,diet,AN002534,Reversed phase POSITIVE ION MODE,ME367702,ST001521|AN002534|ME367702,PE(P-38:2)/PE(O-38:3),PE P-38:2 or PE O-38:3,RM0054322,Glycerophospholipids,Glycerophosphoethanolamines,O-PE,mapped_by_repository_refmet_field,repository-provided; exact class-name lookup; not independently verified,MW /data refmet_name; RefMet classification cache exact-name match,False,No explicit stable-isotope suffix detected,Retain as biological candidate; preserve analysis identity
ST001521,diet,AN002534,Reversed phase POSITIVE ION MODE,ME367701,ST001521|AN002534|ME367701,PE(P-38:4)/PE(O-38:5),PE P-38:4 or PE O-38:5,RM0055835,Glycerophospholipids,Glycerophosphoethanolamines,O-PE,mapped_by_repository_refmet_field,repository-provided; exact class-name lookup; not independently verified,MW /data refmet_name; RefMet classification cache exact-name match,False,No explicit stable-isotope suffix detected,Retain as biological candidate; preserve analysis identity
ST001521,diet,AN002534,Reversed phase POSITIVE ION MODE,ME367700,ST001521|AN002534|ME367700,PE(P-38:5)/PE(O-38:6),PE P-38:5 or PE O-38:6,RM0090073,Glycerophospholipids,Glycerophosphoethanolamines,O-PE,mapped_by_repository_refmet_field,repository-provided; exact class-name lookup; not independently verified,MW /data refmet_name; RefMet classification cache exact-name match,False,No explicit stable-isotope suffix detected,Retain as biological candidate; preserve analysis identity
ST001521,diet,AN002534,Reversed phase POSITIVE ION MODE,ME367699,ST001521|AN002534|ME367699,PE(P-38:6)/PE(O-38:7),PE P-38:6 or PE O-38:7,RM0055690,Glycerophospholipids,Glycerophosphoethanolamines,O-PE,mapped_by_repository_refmet_field,repository-provided; exact class-name lookup; not independently verified,MW /data refmet_name; RefMet classification cache exact-name match,False,No explicit stable-isotope suffix detected,Retain as biological candidate; preserve analysis identity
ST001521,diet,AN002534,Reversed phase POSITIVE ION MODE,ME367703,ST001521|AN002534|ME367703,PE(P-40:6)/PE(O-40:7),PE P-40:6 or PE O-40:7,RM0014963,Glycerophospholipids,Glycerophosphoethanolamines,O-PE,mapped_by_repository_refmet_field,repository-provided; exact class-name lookup; not independently verified,MW /data refmet_name; RefMet classification cache exact-name match,False,No explicit stable-isotope suffix detected,Retain as biological candidate; preserve analysis identity
ST001521,diet,AN002534,Reversed phase POSITIVE ION MODE,ME367704,ST001521|AN002534|ME367704,PE(P-44:12)/PE(O-44:13),PE P-44:12 or PE O-44:13,RM0027547,Glycerophospholipids,Glycerophosphoethanolamines,O-PE,mapped_by_repository_refmet_field,repository-provided; exact class-name lookup; not independently verified,MW /data refmet_name; RefMet classification cache exact-name match,False,No explicit stable-isotope suffix detected,Retain as biological candidate; preserve analysis identity
ST001521,diet,AN002534,Reversed phase POSITIVE ION MODE,ME367706,ST001521|AN002534|ME367706,PI(34:0),PI 34:0,RM0134497,Glycerophospholipids,Glycerophosphoinositols,PI,mapped_by_repository_refmet_field,repository-provided; exact class-name lookup; not independently verified,MW /data refmet_name; RefMet classification cache exact-name match,False,No explicit stable-isotope suffix detected,Retain as biological candidate; preserve analysis identity
ST001521,diet,AN002534,Reversed phase POSITIVE ION MODE,ME367705,ST001521|AN002534|ME367705,PI(34:2),PI 34:2,RM0138799,Glycerophospholipids,Glycerophosphoinositols,PI,mapped_by_repository_refmet_field,repository-provided; exact class-name lookup; not independently verified,MW /data refmet_name; RefMet classification cache exact-name match,False,No explicit stable-isotope suffix detected,Retain as biological candidate; preserve analysis identity
ST001521,diet,AN002534,Reversed phase POSITIVE ION MODE,ME367707,ST001521|AN002534|ME367707,PI(36:4),PI 36:4,RM0134522,Glycerophospholipids,Glycerophosphoinositols,PI,mapped_by_repository_refmet_field,repository-provided; exact class-name lookup; not independently verified,MW /data refmet_name; RefMet classification cache exact-name match,False,No explicit stable-isotope suffix detected,Retain as biological candidate; preserve analysis identity
ST001521,diet,AN002534,Reversed phase POSITIVE ION MODE,ME367708,ST001521|AN002534|ME367708,PI(38:4),PI 38:4,RM0134523,Glycerophospholipids,Glycerophosphoinositols,PI,mapped_by_repository_refmet_field,repository-provided; exact class-name lookup; not independently verified,MW /data refmet_name; RefMet classification cache exact-name match,False,No explicit stable-isotope suffix detected,Retain as biological candidate; preserve analysis identity
ST001521,diet,AN002534,Reversed phase POSITIVE ION MODE,ME367709,ST001521|AN002534|ME367709,PS(34:0),PS 34:0,RM0135283,Glycerophospholipids,Glycerophosphoserines,PS,mapped_by_repository_refmet_field,repository-provided; exact class-name lookup; not independently verified,MW /data refmet_name; RefMet classification cache exact-name match,False,No explicit stable-isotope suffix detected,Retain as biological candidate; preserve analysis identity
ST001521,diet,AN002534,Reversed phase POSITIVE ION MODE,ME367710,ST001521|AN002534|ME367710,PS(38:6),PS 38:6,RM0057579,Glycerophospholipids,Glycerophosphoserines,PS,mapped_by_repository_refmet_field,repository-provided; exact class-name lookup; not independently verified,MW /data refmet_name; RefMet classification cache exact-name match,False,No explicit stable-isotope suffix detected,Retain as biological candidate; preserve analysis identity
ST001521,diet,AN002534,Reversed phase POSITIVE ION MODE,ME367711,ST001521|AN002534|ME367711,PS(40:6),PS 40:6,RM0134671,Glycerophospholipids,Glycerophosphoserines,PS,mapped_by_repository_refmet_field,repository-provided; exact class-name lookup; not independently verified,MW /data refmet_name; RefMet classification cache exact-name match,False,No explicit stable-isotope suffix detected,Retain as biological candidate; preserve analysis identity
ST001521,diet,AN002534,Reversed phase POSITIVE ION MODE,ME367713,ST001521|AN002534|ME367713,PS(P-36:0)/PS(O-36:1),PS P-36:0 or PS O-36:1,RM0095878,Glycerophospholipids,Glycerophosphoserines,O-PS,mapped_by_repository_refmet_field,repository-provided; exact class-name lookup; not independently verified,MW /data refmet_name; RefMet classification cache exact-name match,False,No explicit stable-isotope suffix detected,Retain as biological candidate; preserve analysis identity
ST001521,diet,AN002534,Reversed phase POSITIVE ION MODE,ME367712,ST001521|AN002534|ME367712,PS(P-36:2)/PS(O-36:3),PS P-36:2 or PS O-36:3,RM0051084,Glycerophospholipids,Glycerophosphoserines,O-PS,mapped_by_repository_refmet_field,repository-provided; exact class-name lookup; not independently verified,MW /data refmet_name; RefMet classification cache exact-name match,False,No explicit stable-isotope suffix detected,Retain as biological candidate; preserve analysis identity
ST001521,diet,AN002534,Reversed phase POSITIVE ION MODE,ME367719,ST001521|AN002534|ME367719,SM(d18:1/14:0),SM 18:1;O2/14:0,RM0135551,Sphingolipids,Phosphosphingolipids,SM,mapped_by_repository_refmet_field,repository-provided; exact class-name lookup; not independently verified,MW /data refmet_name; RefMet classification cache exact-name match,False,No explicit stable-isotope suffix detected,Retain as biological candidate; preserve analysis identity
ST001521,diet,AN002534,Reversed phase POSITIVE ION MODE,ME367721,ST001521|AN002534|ME367721,SM(d18:1/16:0),SM 18:1;O2/16:0,RM0135543,Sphingolipids,Phosphosphingolipids,SM,mapped_by_repository_refmet_field,repository-provided; exact class-name lookup; not independently verified,MW /data refmet_name; RefMet classification cache exact-name match,False,No explicit stable-isotope suffix detected,Retain as biological candidate; preserve analysis identity
ST001521,diet,AN002534,Reversed phase POSITIVE ION MODE,ME367720,ST001521|AN002534|ME367720,SM(d18:1/16:1),SM 18:1;O2/16:1,RM0134132,Sphingolipids,Phosphosphingolipids,SM,mapped_by_repository_refmet_field,repository-provided; exact class-name lookup; not independently verified,MW /data refmet_name; RefMet classification cache exact-name match,False,No explicit stable-isotope suffix detected,Retain as biological candidate; preserve analysis identity
ST001521,diet,AN002534,Reversed phase POSITIVE ION MODE,ME367723,ST001521|AN002534|ME367723,SM(d18:1/18:0),SM 18:1;O2/18:0,RM0135541,Sphingolipids,Phosphosphingolipids,SM,mapped_by_repository_refmet_field,repository-provided; exact class-name lookup; not independently verified,MW /data refmet_name; RefMet classification cache exact-name match,False,No explicit stable-isotope suffix detected,Retain as biological candidate; preserve analysis identity
ST001521,diet,AN002534,Reversed phase POSITIVE ION MODE,ME367722,ST001521|AN002534|ME367722,SM(d18:1/18:1),SM 18:1;O2/18:1,RM0134125,Sphingolipids,Phosphosphingolipids,SM,mapped_by_repository_refmet_field,repository-provided; exact class-name lookup; not independently verified,MW /data refmet_name; RefMet classification cache exact-name match,False,No explicit stable-isotope suffix detected,Retain as biological candidate; preserve analysis identity
ST001521,diet,AN002534,Reversed phase POSITIVE ION MODE,ME367724,ST001521|AN002534|ME367724,SM(d18:1/20:0),SM 18:1;O2/20:0,RM0135545,Sphingolipids,Phosphosphingolipids,SM,mapped_by_repository_refmet_field,repository-provided; exact class-name lookup; not independently verified,MW /data refmet_name; RefMet classification cache exact-name match,False,No explicit stable-isotope suffix detected,Retain as biological candidate; preserve analysis identity
ST001521,diet,AN002534,Reversed phase POSITIVE ION MODE,ME367726,ST001521|AN002534|ME367726,SM(d18:1/22:0),SM 18:1;O2/22:0,RM0138870,Sphingolipids,Phosphosphingolipids,SM,mapped_by_repository_refmet_field,repository-provided; exact class-name lookup; not independently verified,MW /data refmet_name; RefMet classification cache exact-name match,False,No explicit stable-isotope suffix detected,Retain as biological candidate; preserve analysis identity
ST001521,diet,AN002534,Reversed phase POSITIVE ION MODE,ME367725,ST001521|AN002534|ME367725,SM(d18:1/22:1),SM 18:1;O2/22:1,RM0134114,Sphingolipids,Phosphosphingolipids,SM,mapped_by_repository_refmet_field,repository-provided; exact class-name lookup; not independently verified,MW /data refmet_name; RefMet classification cache exact-name match,False,No explicit stable-isotope suffix detected,Retain as biological candidate; preserve analysis identity
ST001521,diet,AN002534,Reversed phase POSITIVE ION MODE,ME367728,ST001521|AN002534|ME367728,SM(d18:1/24:0),SM 18:1;O2/24:0,RM0060142,Sphingolipids,Phosphosphingolipids,SM,mapped_by_repository_refmet_field,repository-provided; exact class-name lookup; not independently verified,MW /data refmet_name; RefMet classification cache exact-name match,False,No explicit stable-isotope suffix detected,Retain as biological candidate; preserve analysis identity
ST001521,diet,AN002534,Reversed phase POSITIVE ION MODE,ME367727,ST001521|AN002534|ME367727,SM(d18:1/24:1),SM 18:1;O2/24:1,RM0134116,Sphingolipids,Phosphosphingolipids,SM,mapped_by_repository_refmet_field,repository-provided; exact class-name lookup; not independently verified,MW /data refmet_name; RefMet classification cache exact-name match,False,No explicit stable-isotope suffix detected,Retain as biological candidate; preserve analysis identity
ST001521,diet,AN002534,Reversed phase POSITIVE ION MODE,ME367761,ST001521|AN002534|ME367761,TG(41:0),TG 41:0,RM0022375,Glycerolipids,Triradylglycerols,TAG,mapped_by_repository_refmet_field,repository-provided; exact class-name lookup; not independently verified,MW /data refmet_name; RefMet classification cache exact-name match,False,No explicit stable-isotope suffix detected,Retain as biological candidate; preserve analysis identity
ST001521,diet,AN002534,Reversed phase POSITIVE ION MODE,ME367762,ST001521|AN002534|ME367762,TG(42:0),TG 42:0,RM0061037,Glycerolipids,Triradylglycerols,TAG,mapped_by_repository_refmet_field,repository-provided; exact class-name lookup; not independently verified,MW /data refmet_name; RefMet classification cache exact-name match,False,No explicit stable-isotope suffix detected,Retain as biological candidate; preserve analysis identity
ST001521,diet,AN002534,Reversed phase POSITIVE ION MODE,ME367765,ST001521|AN002534|ME367765,TG(43:0),TG 43:0,RM0069016,Glycerolipids,Triradylglycerols,TAG,mapped_by_repository_refmet_field,repository-provided; exact class-name lookup; not independently verified,MW /data refmet_name; RefMet classification cache exact-name match,False,No explicit stable-isotope suffix detected,Retain as biological candidate; preserve analysis identity
ST001521,diet,AN002534,Reversed phase POSITIVE ION MODE,ME367764,ST001521|AN002534|ME367764,TG(43:1),TG 43:1,RM0114143,Glycerolipids,Triradylglycerols,TAG,mapped_by_repository_refmet_field,repository-provided; exact class-name lookup; not independently verified,MW /data refmet_name; RefMet classification cache exact-name match,False,No explicit stable-isotope suffix detected,Retain as biological candidate; preserve analysis identity
ST001521,diet,AN002534,Reversed phase POSITIVE ION MODE,ME367763,ST001521|AN002534|ME367763,TG(43:2),TG 43:2,RM0134330,Glycerolipids,Triradylglycerols,TAG,mapped_by_repository_refmet_field,repository-provided; exact class-name lookup; not independently verified,MW /data refmet_name; RefMet classification cache exact-name match,False,No explicit stable-isotope suffix detected,Retain as biological candidate; preserve analysis identity
ST001521,diet,AN002534,Reversed phase POSITIVE ION MODE,ME367768,ST001521|AN002534|ME367768,TG(44:0),TG 44:0,RM0134266,Glycerolipids,Triradylglycerols,TAG,mapped_by_repository_refmet_field,repository-provided; exact class-name lookup; not independently verified,MW /data refmet_name; RefMet classification cache exact-name match,False,No explicit stable-isotope suffix detected,Retain as biological candidate; preserve analysis identity
ST001521,diet,AN002534,Reversed phase POSITIVE ION MODE,ME367767,ST001521|AN002534|ME367767,TG(44:1),TG 44:1,RM0112605,Glycerolipids,Triradylglycerols,TAG,mapped_by_repository_refmet_field,repository-provided; exact class-name lookup; not independently verified,MW /data refmet_name; RefMet classification cache exact-name match,False,No explicit stable-isotope suffix detected,Retain as biological candidate; preserve analysis identity
ST001521,diet,AN002534,Reversed phase POSITIVE ION MODE,ME367766,ST001521|AN002534|ME367766,TG(44:2),TG 44:2,RM0089970,Glycerolipids,Triradylglycerols,TAG,mapped_by_repository_refmet_field,repository-provided; exact class-name lookup; not independently verified,MW /data refmet_name; RefMet classification cache exact-name match,False,No explicit stable-isotope suffix detected,Retain as biological candidate; preserve analysis identity
ST001521,diet,AN002534,Reversed phase POSITIVE ION MODE,ME367772,ST001521|AN002534|ME367772,TG(45:0),TG 45:0,RM0065683,Glycerolipids,Triradylglycerols,TAG,mapped_by_repository_refmet_field,repository-provided; exact class-name lookup; not independently verified,MW /data refmet_name; RefMet classification cache exact-name match,False,No explicit stable-isotope suffix detected,Retain as biological candidate; preserve analysis identity
ST001521,diet,AN002534,Reversed phase POSITIVE ION MODE,ME367771,ST001521|AN002534|ME367771,TG(45:1),TG 45:1,RM0062066,Glycerolipids,Triradylglycerols,TAG,mapped_by_repository_refmet_field,repository-provided; exact class-name lookup; not independently verified,MW /data refmet_name; RefMet classification cache exact-name match,False,No explicit stable-isotope suffix detected,Retain as biological candidate; preserve analysis identity
ST001521,diet,AN002534,Reversed phase POSITIVE ION MODE,ME367770,ST001521|AN002534|ME367770,TG(45:2),TG 45:2,RM0111559,Glycerolipids,Triradylglycerols,TAG,mapped_by_repository_refmet_field,repository-provided; exact class-name lookup; not independently verified,MW /data refmet_name; RefMet classification cache exact-name match,False,No explicit stable-isotope suffix detected,Retain as biological candidate; preserve analysis identity
ST001521,diet,AN002534,Reversed phase POSITIVE ION MODE,ME367769,ST001521|AN002534|ME367769,TG(45:3),TG 45:3,RM0062033,Glycerolipids,Triradylglycerols,TAG,mapped_by_repository_refmet_field,repository-provided; exact class-name lookup; not independently verified,MW /data refmet_name; RefMet classification cache exact-name match,False,No explicit stable-isotope suffix detected,Retain as biological candidate; preserve analysis identity
ST001521,diet,AN002534,Reversed phase POSITIVE ION MODE,ME367777,ST001521|AN002534|ME367777,TG(46:0),TG 46:0,RM0134258,Glycerolipids,Triradylglycerols,TAG,mapped_by_repository_refmet_field,repository-provided; exact class-name lookup; not independently verified,MW /data refmet_name; RefMet classification cache exact-name match,False,No explicit stable-isotope suffix detected,Retain as biological candidate; preserve analysis identity
ST001521,diet,AN002534,Reversed phase POSITIVE ION MODE,ME367776,ST001521|AN002534|ME367776,TG(46:1),TG 46:1,RM0111561,Glycerolipids,Triradylglycerols,TAG,mapped_by_repository_refmet_field,repository-provided; exact class-name lookup; not independently verified,MW /data refmet_name; RefMet classification cache exact-name match,False,No explicit stable-isotope suffix detected,Retain as biological candidate; preserve analysis identity
ST001521,diet,AN002534,Reversed phase POSITIVE ION MODE,ME367775,ST001521|AN002534|ME367775,TG(46:2),TG 46:2,RM0134217,Glycerolipids,Triradylglycerols,TAG,mapped_by_repository_refmet_field,repository-provided; exact class-name lookup; not independently verified,MW /data refmet_name; RefMet classification cache exact-name match,False,No explicit stable-isotope suffix detected,Retain as biological candidate; preserve analysis identity
ST001521,diet,AN002534,Reversed phase POSITIVE ION MODE,ME367774,ST001521|AN002534|ME367774,TG(46:3),TG 46:3,RM0062101,Glycerolipids,Triradylglycerols,TAG,mapped_by_repository_refmet_field,repository-provided; exact class-name lookup; not independently verified,MW /data refmet_name; RefMet classification cache exact-name match,False,No explicit stable-isotope suffix detected,Retain as biological candidate; preserve analysis identity
ST001521,diet,AN002534,Reversed phase POSITIVE ION MODE,ME367773,ST001521|AN002534|ME367773,TG(46:4),TG 46:4,RM0134331,Glycerolipids,Triradylglycerols,TAG,mapped_by_repository_refmet_field,repository-provided; exact class-name lookup; not independently verified,MW /data refmet_name; RefMet classification cache exact-name match,False,No explicit stable-isotope suffix detected,Retain as biological candidate; preserve analysis identity
ST001521,diet,AN002534,Reversed phase POSITIVE ION MODE,ME367780,ST001521|AN002534|ME367780,TG(47:0),TG 47:0,RM0065687,Glycerolipids,Triradylglycerols,TAG,mapped_by_repository_refmet_field,repository-provided; exact class-name lookup; not independently verified,MW /data refmet_name; RefMet classification cache exact-name match,False,No explicit stable-isotope suffix detected,Retain as biological candidate; preserve analysis identity
ST001521,diet,AN002534,Reversed phase POSITIVE ION MODE,ME367779,ST001521|AN002534|ME367779,TG(47:1),TG 47:1,RM0134223,Glycerolipids,Triradylglycerols,TAG,mapped_by_repository_refmet_field,repository-provided; exact class-name lookup; not independently verified,MW /data refmet_name; RefMet classification cache exact-name match,False,No explicit stable-isotope suffix detected,Retain as biological candidate; preserve analysis identity
ST001521,diet,AN002534,Reversed phase POSITIVE ION MODE,ME367778,ST001521|AN002534|ME367778,TG(47:2),TG 47:2,RM0065684,Glycerolipids,Triradylglycerols,TAG,mapped_by_repository_refmet_field,repository-provided; exact class-name lookup; not independently verified,MW /data refmet_name; RefMet classification cache exact-name match,False,No explicit stable-isotope suffix detected,Retain as biological candidate; preserve analysis identity
ST001521,diet,AN002534,Reversed phase POSITIVE ION MODE,ME367786,ST001521|AN002534|ME367786,TG(48:0),TG 48:0,RM0134259,Glycerolipids,Triradylglycerols,TAG,mapped_by_repository_refmet_field,repository-provided; exact class-name lookup; not independently verified,MW /data refmet_name; RefMet classification cache exact-name match,False,No explicit stable-isotope suffix detected,Retain as biological candidate; preserve analysis identity
ST001521,diet,AN002534,Reversed phase POSITIVE ION MODE,ME367785,ST001521|AN002534|ME367785,TG(48:1),TG 48:1,RM0134225,Glycerolipids,Triradylglycerols,TAG,mapped_by_repository_refmet_field,repository-provided; exact class-name lookup; not independently verified,MW /data refmet_name; RefMet classification cache exact-name match,False,No explicit stable-isotope suffix detected,Retain as biological candidate; preserve analysis identity
ST001521,diet,AN002534,Reversed phase POSITIVE ION MODE,ME367784,ST001521|AN002534|ME367784,TG(48:2),TG 48:2,RM0134224,Glycerolipids,Triradylglycerols,TAG,mapped_by_repository_refmet_field,repository-provided; exact class-name lookup; not independently verified,MW /data refmet_name; RefMet classification cache exact-name match,False,No explicit stable-isotope suffix detected,Retain as biological candidate; preserve analysis identity
ST001521,diet,AN002534,Reversed phase POSITIVE ION MODE,ME367783,ST001521|AN002534|ME367783,TG(48:3),TG 48:3,RM0065682,Glycerolipids,Triradylglycerols,TAG,mapped_by_repository_refmet_field,repository-provided; exact class-name lookup; not independently verified,MW /data refmet_name; RefMet classification cache exact-name match,False,No explicit stable-isotope suffix detected,Retain as biological candidate; preserve analysis identity
ST001521,diet,AN002534,Reversed phase POSITIVE ION MODE,ME367782,ST001521|AN002534|ME367782,TG(48:4),TG 48:4,RM0134252,Glycerolipids,Triradylglycerols,TAG,mapped_by_repository_refmet_field,repository-provided; exact class-name lookup; not independently verified,MW /data refmet_name; RefMet classification cache exact-name match,False,No explicit stable-isotope suffix detected,Retain as biological candidate; preserve analysis identity
ST001521,diet,AN002534,Reversed phase POSITIVE ION MODE,ME367781,ST001521|AN002534|ME367781,TG(48:5),TG 48:5,RM0106623,Glycerolipids,Triradylglycerols,TAG,mapped_by_repository_refmet_field,repository-provided; exact class-name lookup; not independently verified,MW /data refmet_name; RefMet classification cache exact-name match,False,No explicit stable-isotope suffix detected,Retain as biological candidate; preserve analysis identity
ST001521,diet,AN002534,Reversed phase POSITIVE ION MODE,ME367790,ST001521|AN002534|ME367790,TG(49:0),TG 49:0,RM0065681,Glycerolipids,Triradylglycerols,TAG,mapped_by_repository_refmet_field,repository-provided; exact class-name lookup; not independently verified,MW /data refmet_name; RefMet classification cache exact-name match,False,No explicit stable-isotope suffix detected,Retain as biological candidate; preserve analysis identity
ST001521,diet,AN002534,Reversed phase POSITIVE ION MODE,ME367789,ST001521|AN002534|ME367789,TG(49:1),TG 49:1,RM0134226,Glycerolipids,Triradylglycerols,TAG,mapped_by_repository_refmet_field,repository-provided; exact class-name lookup; not independently verified,MW /data refmet_name; RefMet classification cache exact-name match,False,No explicit stable-isotope suffix detected,Retain as biological candidate; preserve analysis identity
ST001521,diet,AN002534,Reversed phase POSITIVE ION MODE,ME367788,ST001521|AN002534|ME367788,TG(49:2),TG 49:2,RM0087383,Glycerolipids,Triradylglycerols,TAG,mapped_by_repository_refmet_field,repository-provided; exact class-name lookup; not independently verified,MW /data refmet_name; RefMet classification cache exact-name match,False,No explicit stable-isotope suffix detected,Retain as biological candidate; preserve analysis identity
ST001521,diet,AN002534,Reversed phase POSITIVE ION MODE,ME367787,ST001521|AN002534|ME367787,TG(49:3),TG 49:3,RM0134254,Glycerolipids,Triradylglycerols,TAG,mapped_by_repository_refmet_field,repository-provided; exact class-name lookup; not independently verified,MW /data refmet_name; RefMet classification cache exact-name match,False,No explicit stable-isotope suffix detected,Retain as biological candidate; preserve analysis identity
ST001521,diet,AN002534,Reversed phase POSITIVE ION MODE,ME367797,ST001521|AN002534|ME367797,TG(50:0),TG 50:0,RM0134260,Glycerolipids,Triradylglycerols,TAG,mapped_by_repository_refmet_field,repository-provided; exact class-name lookup; not independently verified,MW /data refmet_name; RefMet classification cache exact-name match,False,No explicit stable-isotope suffix detected,Retain as biological candidate; preserve analysis identity
ST001521,diet,AN002534,Reversed phase POSITIVE ION MODE,ME367796,ST001521|AN002534|ME367796,TG(50:1),TG 50:1,RM0134221,Glycerolipids,Triradylglycerols,TAG,mapped_by_repository_refmet_field,repository-provided; exact class-name lookup; not independently verified,MW /data refmet_name; RefMet classification cache exact-name match,False,No explicit stable-isotope suffix detected,Retain as biological candidate; preserve analysis identity
ST001521,diet,AN002534,Reversed phase POSITIVE ION MODE,ME367795,ST001521|AN002534|ME367795,TG(50:2),TG 50:2,RM0138778,Glycerolipids,Triradylglycerols,TAG,mapped_by_repository_refmet_field,repository-provided; exact class-name lookup; not independently verified,MW /data refmet_name; RefMet classification cache exact-name match,False,No explicit stable-isotope suffix detected,Retain as biological candidate; preserve analysis identity
ST001521,diet,AN002534,Reversed phase POSITIVE ION MODE,ME367794,ST001521|AN002534|ME367794,TG(50:3),TG 50:3,RM0134227,Glycerolipids,Triradylglycerols,TAG,mapped_by_repository_refmet_field,repository-provided; exact class-name lookup; not independently verified,MW /data refmet_name; RefMet classification cache exact-name match,False,No explicit stable-isotope suffix detected,Retain as biological candidate; preserve analysis identity
ST001521,diet,AN002534,Reversed phase POSITIVE ION MODE,ME367793,ST001521|AN002534|ME367793,TG(50:4),TG 50:4,RM0134255,Glycerolipids,Triradylglycerols,TAG,mapped_by_repository_refmet_field,repository-provided; exact class-name lookup; not independently verified,MW /data refmet_name; RefMet classification cache exact-name match,False,No explicit stable-isotope suffix detected,Retain as biological candidate; preserve analysis identity
ST001521,diet,AN002534,Reversed phase POSITIVE ION MODE,ME367792,ST001521|AN002534|ME367792,TG(50:5),TG 50:5,RM0110469,Glycerolipids,Triradylglycerols,TAG,mapped_by_repository_refmet_field,repository-provided; exact class-name lookup; not independently verified,MW /data refmet_name; RefMet classification cache exact-name match,False,No explicit stable-isotope suffix detected,Retain as biological candidate; preserve analysis identity
ST001521,diet,AN002534,Reversed phase POSITIVE ION MODE,ME367791,ST001521|AN002534|ME367791,TG(50:6),TG 50:6,RM0070875,Glycerolipids,Triradylglycerols,TAG,mapped_by_repository_refmet_field,repository-provided; exact class-name lookup; not independently verified,MW /data refmet_name; RefMet classification cache exact-name match,False,No explicit stable-isotope suffix detected,Retain as biological candidate; preserve analysis identity
ST001521,diet,AN002534,Reversed phase POSITIVE ION MODE,ME367801,ST001521|AN002534|ME367801,TG(51:0),TG 51:0,RM0114330,Glycerolipids,Triradylglycerols,TAG,mapped_by_repository_refmet_field,repository-provided; exact class-name lookup; not independently verified,MW /data refmet_name; RefMet classification cache exact-name match,False,No explicit stable-isotope suffix detected,Retain as biological candidate; preserve analysis identity
ST001521,diet,AN002534,Reversed phase POSITIVE ION MODE,ME367800,ST001521|AN002534|ME367800,TG(51:1),TG 51:1,RM0134230,Glycerolipids,Triradylglycerols,TAG,mapped_by_repository_refmet_field,repository-provided; exact class-name lookup; not independently verified,MW /data refmet_name; RefMet classification cache exact-name match,False,No explicit stable-isotope suffix detected,Retain as biological candidate; preserve analysis identity
ST001521,diet,AN002534,Reversed phase POSITIVE ION MODE,ME367799,ST001521|AN002534|ME367799,TG(51:2),TG 51:2,RM0134229,Glycerolipids,Triradylglycerols,TAG,mapped_by_repository_refmet_field,repository-provided; exact class-name lookup; not independently verified,MW /data refmet_name; RefMet classification cache exact-name match,False,No explicit stable-isotope suffix detected,Retain as biological candidate; preserve analysis identity
ST001521,diet,AN002534,Reversed phase POSITIVE ION MODE,ME367798,ST001521|AN002534|ME367798,TG(51:3),TG 51:3,RM0134228,Glycerolipids,Triradylglycerols,TAG,mapped_by_repository_refmet_field,repository-provided; exact class-name lookup; not independently verified,MW /data refmet_name; RefMet classification cache exact-name match,False,No explicit stable-isotope suffix detected,Retain as biological candidate; preserve analysis identity
ST001521,diet,AN002534,Reversed phase POSITIVE ION MODE,ME367809,ST001521|AN002534|ME367809,TG(52:0),TG 52:0,RM0134311,Glycerolipids,Triradylglycerols,TAG,mapped_by_repository_refmet_field,repository-provided; exact class-name lookup; not independently verified,MW /data refmet_name; RefMet classification cache exact-name match,False,No explicit stable-isotope suffix detected,Retain as biological candidate; preserve analysis identity
ST001521,diet,AN002534,Reversed phase POSITIVE ION MODE,ME367808,ST001521|AN002534|ME367808,TG(52:1),TG 52:1,RM0062103,Glycerolipids,Triradylglycerols,TAG,mapped_by_repository_refmet_field,repository-provided; exact class-name lookup; not independently verified,MW /data refmet_name; RefMet classification cache exact-name match,False,No explicit stable-isotope suffix detected,Retain as biological candidate; preserve analysis identity
ST001521,diet,AN002534,Reversed phase POSITIVE ION MODE,ME367807,ST001521|AN002534|ME367807,TG(52:2),TG 52:2,RM0134232,Glycerolipids,Triradylglycerols,TAG,mapped_by_repository_refmet_field,repository-provided; exact class-name lookup; not independently verified,MW /data refmet_name; RefMet classification cache exact-name match,False,No explicit stable-isotope suffix detected,Retain as biological candidate; preserve analysis identity
ST001521,diet,AN002534,Reversed phase POSITIVE ION MODE,ME367806,ST001521|AN002534|ME367806,TG(52:3),TG 52:3,RM0134220,Glycerolipids,Triradylglycerols,TAG,mapped_by_repository_refmet_field,repository-provided; exact class-name lookup; not independently verified,MW /data refmet_name; RefMet classification cache exact-name match,False,No explicit stable-isotope suffix detected,Retain as biological candidate; preserve analysis identity
ST001521,diet,AN002534,Reversed phase POSITIVE ION MODE,ME367805,ST001521|AN002534|ME367805,TG(52:4),TG 52:4,RM0134219,Glycerolipids,Triradylglycerols,TAG,mapped_by_repository_refmet_field,repository-provided; exact class-name lookup; not independently verified,MW /data refmet_name; RefMet classification cache exact-name match,False,No explicit stable-isotope suffix detected,Retain as biological candidate; preserve analysis identity
ST001521,diet,AN002534,Reversed phase POSITIVE ION MODE,ME367804,ST001521|AN002534|ME367804,TG(52:5),TG 52:5,RM0134231,Glycerolipids,Triradylglycerols,TAG,mapped_by_repository_refmet_field,repository-provided; exact class-name lookup; not independently verified,MW /data refmet_name; RefMet classification cache exact-name match,False,No explicit stable-isotope suffix detected,Retain as biological candidate; preserve analysis identity
ST001521,diet,AN002534,Reversed phase POSITIVE ION MODE,ME367803,ST001521|AN002534|ME367803,TG(52:6),TG 52:6,RM0134261,Glycerolipids,Triradylglycerols,TAG,mapped_by_repository_refmet_field,repository-provided; exact class-name lookup; not independently verified,MW /data refmet_name; RefMet classification cache exact-name match,False,No explicit stable-isotope suffix detected,Retain as biological candidate; preserve analysis identity
ST001521,diet,AN002534,Reversed phase POSITIVE ION MODE,ME367802,ST001521|AN002534|ME367802,TG(52:7),TG 52:7,RM0134292,Glycerolipids,Triradylglycerols,TAG,mapped_by_repository_refmet_field,repository-provided; exact class-name lookup; not independently verified,MW /data refmet_name; RefMet classification cache exact-name match,False,No explicit stable-isotope suffix detected,Retain as biological candidate; preserve analysis identity
ST001521,diet,AN002534,Reversed phase POSITIVE ION MODE,ME367811,ST001521|AN002534|ME367811,TG(53:2),TG 53:2,RM0025657,Glycerolipids,Triradylglycerols,TAG,mapped_by_repository_refmet_field,repository-provided; exact class-name lookup; not independently verified,MW /data refmet_name; RefMet classification cache exact-name match,False,No explicit stable-isotope suffix detected,Retain as biological candidate; preserve analysis identity
ST001521,diet,AN002534,Reversed phase POSITIVE ION MODE,ME367810,ST001521|AN002534|ME367810,TG(53:3),TG 53:3,RM0067080,Glycerolipids,Triradylglycerols,TAG,mapped_by_repository_refmet_field,repository-provided; exact class-name lookup; not independently verified,MW /data refmet_name; RefMet classification cache exact-name match,False,No explicit stable-isotope suffix detected,Retain as biological candidate; preserve analysis identity
ST001521,diet,AN002534,Reversed phase POSITIVE ION MODE,ME367822,ST001521|AN002534|ME367822,TG(54:1),TG 54:1,RM0138781,Glycerolipids,Triradylglycerols,TAG,mapped_by_repository_refmet_field,repository-provided; exact class-name lookup; not independently verified,MW /data refmet_name; RefMet classification cache exact-name match,False,No explicit stable-isotope suffix detected,Retain as biological candidate; preserve analysis identity
ST001521,diet,AN002534,Reversed phase POSITIVE ION MODE,ME367812,ST001521|AN002534|ME367812,TG(54:10),TG 54:10,RM0107940,Glycerolipids,Triradylglycerols,TAG,mapped_by_repository_refmet_field,repository-provided; exact class-name lookup; not independently verified,MW /data refmet_name; RefMet classification cache exact-name match,False,No explicit stable-isotope suffix detected,Retain as biological candidate; preserve analysis identity
ST001521,diet,AN002534,Reversed phase POSITIVE ION MODE,ME367821,ST001521|AN002534|ME367821,TG(54:2),TG 54:2,RM0116159,Glycerolipids,Triradylglycerols,TAG,mapped_by_repository_refmet_field,repository-provided; exact class-name lookup; not independently verified,MW /data refmet_name; RefMet classification cache exact-name match,False,No explicit stable-isotope suffix detected,Retain as biological candidate; preserve analysis identity
ST001521,diet,AN002534,Reversed phase POSITIVE ION MODE,ME367820,ST001521|AN002534|ME367820,TG(54:3),TG 54:3,RM0134218,Glycerolipids,Triradylglycerols,TAG,mapped_by_repository_refmet_field,repository-provided; exact class-name lookup; not independently verified,MW /data refmet_name; RefMet classification cache exact-name match,False,No explicit stable-isotope suffix detected,Retain as biological candidate; preserve analysis identity
ST001521,diet,AN002534,Reversed phase POSITIVE ION MODE,ME367819,ST001521|AN002534|ME367819,TG(54:4),TG 54:4,RM0134236,Glycerolipids,Triradylglycerols,TAG,mapped_by_repository_refmet_field,repository-provided; exact class-name lookup; not independently verified,MW /data refmet_name; RefMet classification cache exact-name match,False,No explicit stable-isotope suffix detected,Retain as biological candidate; preserve analysis identity
ST001521,diet,AN002534,Reversed phase POSITIVE ION MODE,ME367818,ST001521|AN002534|ME367818,TG(54:5),TG 54:5,RM0134235,Glycerolipids,Triradylglycerols,TAG,mapped_by_repository_refmet_field,repository-provided; exact class-name lookup; not independently verified,MW /data refmet_name; RefMet classification cache exact-name match,False,No explicit stable-isotope suffix detected,Retain as biological candidate; preserve analysis identity
ST001521,diet,AN002534,Reversed phase POSITIVE ION MODE,ME367817,ST001521|AN002534|ME367817,TG(54:6),TG 54:6,RM0062063,Glycerolipids,Triradylglycerols,TAG,mapped_by_repository_refmet_field,repository-provided; exact class-name lookup; not independently verified,MW /data refmet_name; RefMet classification cache exact-name match,False,No explicit stable-isotope suffix detected,Retain as biological candidate; preserve analysis identity
ST001521,diet,AN002534,Reversed phase POSITIVE ION MODE,ME367816,ST001521|AN002534|ME367816,TG(54:7),TG 54:7,RM0134234,Glycerolipids,Triradylglycerols,TAG,mapped_by_repository_refmet_field,repository-provided; exact class-name lookup; not independently verified,MW /data refmet_name; RefMet classification cache exact-name match,False,No explicit stable-isotope suffix detected,Retain as biological candidate; preserve analysis identity
ST001521,diet,AN002534,Reversed phase POSITIVE ION MODE,ME367814,ST001521|AN002534|ME367814,TG(54:8)_A,TG 54:8,RM0024990,Glycerolipids,Triradylglycerols,TAG,mapped_by_repository_refmet_field,repository-provided; exact class-name lookup; not independently verified,MW /data refmet_name; RefMet classification cache exact-name match,False,No explicit stable-isotope suffix detected,Retain as biological candidate; preserve analysis identity
ST001521,diet,AN002534,Reversed phase POSITIVE ION MODE,ME367815,ST001521|AN002534|ME367815,TG(54:8)_B,TG 54:8,RM0024990,Glycerolipids,Triradylglycerols,TAG,mapped_by_repository_refmet_field,repository-provided; exact class-name lookup; not independently verified,MW /data refmet_name; RefMet classification cache exact-name match,False,No explicit stable-isotope suffix detected,Retain as biological candidate; preserve analysis identity
ST001521,diet,AN002534,Reversed phase POSITIVE ION MODE,ME367813,ST001521|AN002534|ME367813,TG(54:9),TG 54:9,RM0134213,Glycerolipids,Triradylglycerols,TAG,mapped_by_repository_refmet_field,repository-provided; exact class-name lookup; not independently verified,MW /data refmet_name; RefMet classification cache exact-name match,False,No explicit stable-isotope suffix detected,Retain as biological candidate; preserve analysis identity
ST001521,diet,AN002534,Reversed phase POSITIVE ION MODE,ME367824,ST001521|AN002534|ME367824,TG(55:2),TG 55:2,RM0134272,Glycerolipids,Triradylglycerols,TAG,mapped_by_repository_refmet_field,repository-provided; exact class-name lookup; not independently verified,MW /data refmet_name; RefMet classification cache exact-name match,False,No explicit stable-isotope suffix detected,Retain as biological candidate; preserve analysis identity
ST001521,diet,AN002534,Reversed phase POSITIVE ION MODE,ME367823,ST001521|AN002534|ME367823,TG(55:3),TG 55:3,RM0134273,Glycerolipids,Triradylglycerols,TAG,mapped_by_repository_refmet_field,repository-provided; exact class-name lookup; not independently verified,MW /data refmet_name; RefMet classification cache exact-name match,False,No explicit stable-isotope suffix detected,Retain as biological candidate; preserve analysis identity
ST001521,diet,AN002534,Reversed phase POSITIVE ION MODE,ME367835,ST001521|AN002534|ME367835,TG(56:1),TG 56:1,RM0116158,Glycerolipids,Triradylglycerols,TAG,mapped_by_repository_refmet_field,repository-provided; exact class-name lookup; not independently verified,MW /data refmet_name; RefMet classification cache exact-name match,False,No explicit stable-isotope suffix detected,Retain as biological candidate; preserve analysis identity
ST001521,diet,AN002534,Reversed phase POSITIVE ION MODE,ME367825,ST001521|AN002534|ME367825,TG(56:10),TG 56:10,RM0134262,Glycerolipids,Triradylglycerols,TAG,mapped_by_repository_refmet_field,repository-provided; exact class-name lookup; not independently verified,MW /data refmet_name; RefMet classification cache exact-name match,False,No explicit stable-isotope suffix detected,Retain as biological candidate; preserve analysis identity
ST001521,diet,AN002534,Reversed phase POSITIVE ION MODE,ME367834,ST001521|AN002534|ME367834,TG(56:2),TG 56:2,RM0134274,Glycerolipids,Triradylglycerols,TAG,mapped_by_repository_refmet_field,repository-provided; exact class-name lookup; not independently verified,MW /data refmet_name; RefMet classification cache exact-name match,False,No explicit stable-isotope suffix detected,Retain as biological candidate; preserve analysis identity
ST001521,diet,AN002534,Reversed phase POSITIVE ION MODE,ME367833,ST001521|AN002534|ME367833,TG(56:3),TG 56:3,RM0116157,Glycerolipids,Triradylglycerols,TAG,mapped_by_repository_refmet_field,repository-provided; exact class-name lookup; not independently verified,MW /data refmet_name; RefMet classification cache exact-name match,False,No explicit stable-isotope suffix detected,Retain as biological candidate; preserve analysis identity
ST001521,diet,AN002534,Reversed phase POSITIVE ION MODE,ME367832,ST001521|AN002534|ME367832,TG(56:4),TG 56:4,RM0110468,Glycerolipids,Triradylglycerols,TAG,mapped_by_repository_refmet_field,repository-provided; exact class-name lookup; not independently verified,MW /data refmet_name; RefMet classification cache exact-name match,False,No explicit stable-isotope suffix detected,Retain as biological candidate; preserve analysis identity
ST001521,diet,AN002534,Reversed phase POSITIVE ION MODE,ME367830,ST001521|AN002534|ME367830,TG(56:5)_A,TG 56:5,RM0138779,Glycerolipids,Triradylglycerols,TAG,mapped_by_repository_refmet_field,repository-provided; exact class-name lookup; not independently verified,MW /data refmet_name; RefMet classification cache exact-name match,False,No explicit stable-isotope suffix detected,Retain as biological candidate; preserve analysis identity
ST001521,diet,AN002534,Reversed phase POSITIVE ION MODE,ME367831,ST001521|AN002534|ME367831,TG(56:5)_B,TG 56:5,RM0138779,Glycerolipids,Triradylglycerols,TAG,mapped_by_repository_refmet_field,repository-provided; exact class-name lookup; not independently verified,MW /data refmet_name; RefMet classification cache exact-name match,False,No explicit stable-isotope suffix detected,Retain as biological candidate; preserve analysis identity
ST001521,diet,AN002534,Reversed phase POSITIVE ION MODE,ME367829,ST001521|AN002534|ME367829,TG(56:6),TG 56:6,RM0110466,Glycerolipids,Triradylglycerols,TAG,mapped_by_repository_refmet_field,repository-provided; exact class-name lookup; not independently verified,MW /data refmet_name; RefMet classification cache exact-name match,False,No explicit stable-isotope suffix detected,Retain as biological candidate; preserve analysis identity
ST001521,diet,AN002534,Reversed phase POSITIVE ION MODE,ME367828,ST001521|AN002534|ME367828,TG(56:7),TG 56:7,RM0134241,Glycerolipids,Triradylglycerols,TAG,mapped_by_repository_refmet_field,repository-provided; exact class-name lookup; not independently verified,MW /data refmet_name; RefMet classification cache exact-name match,False,No explicit stable-isotope suffix detected,Retain as biological candidate; preserve analysis identity
ST001521,diet,AN002534,Reversed phase POSITIVE ION MODE,ME367827,ST001521|AN002534|ME367827,TG(56:8),TG 56:8,RM0134240,Glycerolipids,Triradylglycerols,TAG,mapped_by_repository_refmet_field,repository-provided; exact class-name lookup; not independently verified,MW /data refmet_name; RefMet classification cache exact-name match,False,No explicit stable-isotope suffix detected,Retain as biological candidate; preserve analysis identity
ST001521,diet,AN002534,Reversed phase POSITIVE ION MODE,ME367826,ST001521|AN002534|ME367826,TG(56:9),TG 56:9,RM0134239,Glycerolipids,Triradylglycerols,TAG,mapped_by_repository_refmet_field,repository-provided; exact class-name lookup; not independently verified,MW /data refmet_name; RefMet classification cache exact-name match,False,No explicit stable-isotope suffix detected,Retain as biological candidate; preserve analysis identity
ST001521,diet,AN002534,Reversed phase POSITIVE ION MODE,ME367837,ST001521|AN002534|ME367837,TG(58:10),TG 58:10,RM0134242,Glycerolipids,Triradylglycerols,TAG,mapped_by_repository_refmet_field,repository-provided; exact class-name lookup; not independently verified,MW /data refmet_name; RefMet classification cache exact-name match,False,No explicit stable-isotope suffix detected,Retain as biological candidate; preserve analysis identity
ST001521,diet,AN002534,Reversed phase POSITIVE ION MODE,ME367836,ST001521|AN002534|ME367836,TG(58:11),TG 58:11,RM0134282,Glycerolipids,Triradylglycerols,TAG,mapped_by_repository_refmet_field,repository-provided; exact class-name lookup; not independently verified,MW /data refmet_name; RefMet classification cache exact-name match,False,No explicit stable-isotope suffix detected,Retain as biological candidate; preserve analysis identity
ST001521,diet,AN002534,Reversed phase POSITIVE ION MODE,ME367841,ST001521|AN002534|ME367841,TG(58:6),TG 58:6,RM0134246,Glycerolipids,Triradylglycerols,TAG,mapped_by_repository_refmet_field,repository-provided; exact class-name lookup; not independently verified,MW /data refmet_name; RefMet classification cache exact-name match,False,No explicit stable-isotope suffix detected,Retain as biological candidate; preserve analysis identity
ST001521,diet,AN002534,Reversed phase POSITIVE ION MODE,ME367840,ST001521|AN002534|ME367840,TG(58:7),TG 58:7,RM0134245,Glycerolipids,Triradylglycerols,TAG,mapped_by_repository_refmet_field,repository-provided; exact class-name lookup; not independently verified,MW /data refmet_name; RefMet classification cache exact-name match,False,No explicit stable-isotope suffix detected,Retain as biological candidate; preserve analysis identity
ST001521,diet,AN002534,Reversed phase POSITIVE ION MODE,ME367839,ST001521|AN002534|ME367839,TG(58:8),TG 58:8,RM0134244,Glycerolipids,Triradylglycerols,TAG,mapped_by_repository_refmet_field,repository-provided; exact class-name lookup; not independently verified,MW /data refmet_name; RefMet classification cache exact-name match,False,No explicit stable-isotope suffix detected,Retain as biological candidate; preserve analysis identity
ST001521,diet,AN002534,Reversed phase POSITIVE ION MODE,ME367838,ST001521|AN002534|ME367838,TG(58:9),TG 58:9,RM0134243,Glycerolipids,Triradylglycerols,TAG,mapped_by_repository_refmet_field,repository-provided; exact class-name lookup; not independently verified,MW /data refmet_name; RefMet classification cache exact-name match,False,No explicit stable-isotope suffix detected,Retain as biological candidate; preserve analysis identity
ST001521,diet,AN002534,Reversed phase POSITIVE ION MODE,ME367842,ST001521|AN002534|ME367842,TG(60:12),TG 60:12,RM0134285,Glycerolipids,Triradylglycerols,TAG,mapped_by_repository_refmet_field,repository-provided; exact class-name lookup; not independently verified,MW /data refmet_name; RefMet classification cache exact-name match,False,No explicit stable-isotope suffix detected,Retain as biological candidate; preserve analysis identity
ST001521,diet,AN002535,HILIC NEGATIVE ION MODE,ME367858,ST001521|AN002535|ME367858,2-Hydroxy-3-methyl-pentanoic acid,2-Hydroxy-3-methyl-pentanoic acid,RM0155806,Fatty Acyls,Fatty acids,Hydroxy FA,mapped_by_repository_refmet_field,repository-provided; exact class-name lookup; not independently verified,MW /data refmet_name; RefMet classification cache exact-name match,False,No explicit stable-isotope suffix detected,Retain as biological candidate; preserve analysis identity
ST001521,diet,AN002535,HILIC NEGATIVE ION MODE,ME367863,ST001521|AN002535|ME367863,2-Hydroxybutyric acid/3-Hydroxybutyric acid,,,Unclassified,Unclassified,Unclassified,unmapped_no_refmet_name,not mapped,MW /data refmet_name; no exact classification-cache match,False,No explicit stable-isotope suffix detected,Retain for within-study PCA; omit from RefMet overlap
ST001521,diet,AN002535,HILIC NEGATIVE ION MODE,ME367900,ST001521|AN002535|ME367900,2-Hydroxyglutaric acid,2-Hydroxyglutaric acid,RM0153554,Fatty Acyls,Fatty acids,Dicarboxylic acids,mapped_by_repository_refmet_field,repository-provided; exact class-name lookup; not independently verified,MW /data refmet_name; RefMet classification cache exact-name match,False,No explicit stable-isotope suffix detected,Retain as biological candidate; preserve analysis identity
ST001521,diet,AN002535,HILIC NEGATIVE ION MODE,ME367911,ST001521|AN002535|ME367911,2-Phosphoglyceric acid,2-Phosphoglyceric acid,RM0136217,Organic acids,Short-chain acids,Short-chain acids,mapped_by_repository_refmet_field,repository-provided; exact class-name lookup; not independently verified,MW /data refmet_name; RefMet classification cache exact-name match,False,No explicit stable-isotope suffix detected,Retain as biological candidate; preserve analysis identity
ST001521,diet,AN002535,HILIC NEGATIVE ION MODE,ME367906,ST001521|AN002535|ME367906,3-Carboxy-4-methyl-5-propyl-2-furanpropanoic acid,3-Carboxy-4-methyl-5-propyl-2-furanpropanoic acid,RM0134984,Fatty Acyls,Fatty acids,Heterocyclic FA,mapped_by_repository_refmet_field,repository-provided; exact class-name lookup; not independently verified,MW /data refmet_name; RefMet classification cache exact-name match,False,No explicit stable-isotope suffix detected,Retain as biological candidate; preserve analysis identity
ST001521,diet,AN002535,HILIC NEGATIVE ION MODE,ME367880,ST001521|AN002535|ME367880,3-Indolepropionic acid,3-Indolepropionic acid,RM0136180,Alkaloids,Tryptophan alkaloids,Indolecarboxylic acids,mapped_by_repository_refmet_field,repository-provided; exact class-name lookup; not independently verified,MW /data refmet_name; RefMet classification cache exact-name match,False,No explicit stable-isotope suffix detected,Retain as biological candidate; preserve analysis identity
ST001521,diet,AN002535,HILIC NEGATIVE ION MODE,ME367857,ST001521|AN002535|ME367857,3-Methyl-2-oxovaleric acid/Ketoleucine,,,Unclassified,Unclassified,Unclassified,unmapped_no_refmet_name,not mapped,MW /data refmet_name; no exact classification-cache match,False,No explicit stable-isotope suffix detected,Retain for within-study PCA; omit from RefMet overlap
ST001521,diet,AN002535,HILIC NEGATIVE ION MODE,ME367892,ST001521|AN002535|ME367892,3-Methyladipic acid/Pimelic acid,,,Unclassified,Unclassified,Unclassified,unmapped_no_refmet_name,not mapped,MW /data refmet_name; no exact classification-cache match,False,No explicit stable-isotope suffix detected,Retain for within-study PCA; omit from RefMet overlap
ST001521,diet,AN002535,HILIC NEGATIVE ION MODE,ME367856,ST001521|AN002535|ME367856,3-Methylxanthine,3-Methylxanthine,RM0157839,Nucleic acids,Purines,Xanthines,mapped_by_repository_refmet_field,repository-provided; exact class-name lookup; not independently verified,MW /data refmet_name; RefMet classification cache exact-name match,False,No explicit stable-isotope suffix detected,Retain as biological candidate; preserve analysis identity
ST001521,diet,AN002535,HILIC NEGATIVE ION MODE,ME367913,ST001521|AN002535|ME367913,3-Phosphoglyceric acid,3-Phosphoglyceric acid,RM0136842,Organic acids,Short-chain acids,Short-chain acids,mapped_by_repository_refmet_field,repository-provided; exact class-name lookup; not independently verified,MW /data refmet_name; RefMet classification cache exact-name match,False,No explicit stable-isotope suffix detected,Retain as biological candidate; preserve analysis identity
ST001521,diet,AN002535,HILIC NEGATIVE ION MODE,ME367875,ST001521|AN002535|ME367875,"4,5-Dihydroorotic acid","4,5-Dihydroorotic acid",RM0132232,Organic acids,Amino acids and peptides,Amino acids,mapped_by_repository_refmet_field,repository-provided; exact class-name lookup; not independently verified,MW /data refmet_name; RefMet classification cache exact-name match,False,No explicit stable-isotope suffix detected,Retain as biological candidate; preserve analysis identity
ST001521,diet,AN002535,HILIC NEGATIVE ION MODE,ME367882,ST001521|AN002535|ME367882,4-Hydroxymandelic acid/Homogentisic acid,,,Unclassified,Unclassified,Unclassified,unmapped_no_refmet_name,not mapped,MW /data refmet_name; no exact classification-cache match,False,No explicit stable-isotope suffix detected,Retain for within-study PCA; omit from RefMet overlap
ST001521,diet,AN002535,HILIC NEGATIVE ION MODE,ME367864,ST001521|AN002535|ME367864,4-Pyridoxic acid,4-Pyridoxic acid,RM0030084,Alkaloids,Pyridine alkaloids,Nicotinic acid alkaloids,mapped_by_repository_refmet_field,repository-provided; exact class-name lookup; not independently verified,MW /data refmet_name; RefMet classification cache exact-name match,False,No explicit stable-isotope suffix detected,Retain as biological candidate; preserve analysis identity
ST001521,diet,AN002535,HILIC NEGATIVE ION MODE,ME367914,ST001521|AN002535|ME367914,ADP,ADP,RM0032913,Nucleic acids,Purines,Purine rNDP,mapped_by_repository_refmet_field,repository-provided; exact class-name lookup; not independently verified,MW /data refmet_name; RefMet classification cache exact-name match,False,No explicit stable-isotope suffix detected,Retain as biological candidate; preserve analysis identity
ST001521,diet,AN002535,HILIC NEGATIVE ION MODE,ME367896,ST001521|AN002535|ME367896,Adipic acid,Adipic acid,RM0149937,Fatty Acyls,Fatty acids,Dicarboxylic acids,mapped_by_repository_refmet_field,repository-provided; exact class-name lookup; not independently verified,MW /data refmet_name; RefMet classification cache exact-name match,False,No explicit stable-isotope suffix detected,Retain as biological candidate; preserve analysis identity
ST001521,diet,AN002535,HILIC NEGATIVE ION MODE,ME367889,ST001521|AN002535|ME367889,Aminoadipic acid,Aminoadipic acid,RM0049220,Organic acids,Amino acids and peptides,Amino acids,mapped_by_repository_refmet_field,repository-provided; exact class-name lookup; not independently verified,MW /data refmet_name; RefMet classification cache exact-name match,False,No explicit stable-isotope suffix detected,Retain as biological candidate; preserve analysis identity
ST001521,diet,AN002535,HILIC NEGATIVE ION MODE,ME367888,ST001521|AN002535|ME367888,Aspartic acid,Aspartic acid,RM0135905,Organic acids,Amino acids and peptides,Amino acids,mapped_by_repository_refmet_field,repository-provided; exact class-name lookup; not independently verified,MW /data refmet_name; RefMet classification cache exact-name match,False,No explicit stable-isotope suffix detected,Retain as biological candidate; preserve analysis identity
ST001521,diet,AN002535,HILIC NEGATIVE ION MODE,ME367899,ST001521|AN002535|ME367899,Azelaic acid,Azelaic acid,RM0153048,Fatty Acyls,Fatty acids,Dicarboxylic acids,mapped_by_repository_refmet_field,repository-provided; exact class-name lookup; not independently verified,MW /data refmet_name; RefMet classification cache exact-name match,False,No explicit stable-isotope suffix detected,Retain as biological candidate; preserve analysis identity
ST001521,diet,AN002535,HILIC NEGATIVE ION MODE,ME367860,ST001521|AN002535|ME367860,Caprylic acid,Caprylic acid,RM0134956,Fatty Acyls,Fatty acids,Saturated FA,mapped_by_repository_refmet_field,repository-provided; exact class-name lookup; not independently verified,MW /data refmet_name; RefMet classification cache exact-name match,False,No explicit stable-isotope suffix detected,Retain as biological candidate; preserve analysis identity
ST001521,diet,AN002535,HILIC NEGATIVE ION MODE,ME367873,ST001521|AN002535|ME367873,Chenodeoxycholic acid/Deoxycholic acid,Chenodeoxycholic acid/Deoxycholic acid,RM0188135,Sterol Lipids,Bile acids,C24 bile acids,mapped_by_repository_refmet_field,repository-provided; exact class-name lookup; not independently verified,MW /data refmet_name; RefMet classification cache exact-name match,False,No explicit stable-isotope suffix detected,Retain as biological candidate; preserve analysis identity
ST001521,diet,AN002535,HILIC NEGATIVE ION MODE,ME367910,ST001521|AN002535|ME367910,Citric acid/Isocitric acid,Citric acid/Isocitric acid,RM0030780,Organic acids,TCA acids,TCA acids,mapped_by_repository_refmet_field,repository-provided; exact class-name lookup; not independently verified,MW /data refmet_name; RefMet classification cache exact-name match,False,No explicit stable-isotope suffix detected,Retain as biological candidate; preserve analysis identity
ST001521,diet,AN002535,HILIC NEGATIVE ION MODE,ME367845,ST001521|AN002535|ME367845,Corticosterone,Corticosterone,RM0126032,Sterol Lipids,Steroids,C21 Steroids,mapped_by_repository_refmet_field,repository-provided; exact class-name lookup; not independently verified,MW /data refmet_name; RefMet classification cache exact-name match,False,No explicit stable-isotope suffix detected,Retain as biological candidate; preserve analysis identity
ST001521,diet,AN002535,HILIC NEGATIVE ION MODE,ME367855,ST001521|AN002535|ME367855,Eicosapentaenoic acid,Eicosapentaenoic acid,RM0151646,Fatty Acyls,Fatty acids,Unsaturated FA,mapped_by_repository_refmet_field,repository-provided; exact class-name lookup; not independently verified,MW /data refmet_name; RefMet classification cache exact-name match,False,No explicit stable-isotope suffix detected,Retain as biological candidate; preserve analysis identity
ST001521,diet,AN002535,HILIC NEGATIVE ION MODE,ME367877,ST001521|AN002535|ME367877,Erythronic acid,Erythronic acid,RM0041611,Carbohydrates,Monosaccharides,Sugar acids,mapped_by_repository_refmet_field,repository-provided; exact class-name lookup; not independently verified,MW /data refmet_name; RefMet classification cache exact-name match,False,No explicit stable-isotope suffix detected,Retain as biological candidate; preserve analysis identity
ST001521,diet,AN002535,HILIC NEGATIVE ION MODE,ME367901,ST001521|AN002535|ME367901,Fumaric acid/Maleic acid,,,Unclassified,Unclassified,Unclassified,unmapped_no_refmet_name,not mapped,MW /data refmet_name; no exact classification-cache match,False,No explicit stable-isotope suffix detected,Retain for within-study PCA; omit from RefMet overlap
ST001521,diet,AN002535,HILIC NEGATIVE ION MODE,ME367881,ST001521|AN002535|ME367881,Gentisic acid,Gentisic acid,RM0050559,Benzenoids,Benzoic acids,Hydroxybenzoic acids,mapped_by_repository_refmet_field,repository-provided; exact class-name lookup; not independently verified,MW /data refmet_name; RefMet classification cache exact-name match,False,No explicit stable-isotope suffix detected,Retain as biological candidate; preserve analysis identity
ST001521,diet,AN002535,HILIC NEGATIVE ION MODE,ME367850,ST001521|AN002535|ME367850,Glucose/Fructose/Galactose,Hexose,RM0042958,Carbohydrates,Monosaccharides,Hexoses,mapped_by_repository_refmet_field,repository-provided; exact class-name lookup; not independently verified,MW /data refmet_name; RefMet classification cache exact-name match,False,No explicit stable-isotope suffix detected,Retain as biological candidate; preserve analysis identity
ST001521,diet,AN002535,HILIC NEGATIVE ION MODE,ME367886,ST001521|AN002535|ME367886,Glucuronic acid,Glucuronic acid,RM0155912,Carbohydrates,Monosaccharides,Sugar acids,mapped_by_repository_refmet_field,repository-provided; exact class-name lookup; not independently verified,MW /data refmet_name; RefMet classification cache exact-name match,False,No explicit stable-isotope suffix detected,Retain as biological candidate; preserve analysis identity
ST001521,diet,AN002535,HILIC NEGATIVE ION MODE,ME367887,ST001521|AN002535|ME367887,Glutamic acid,Glutamic acid,RM0135893,Organic acids,Amino acids and peptides,Amino acids,mapped_by_repository_refmet_field,repository-provided; exact class-name lookup; not independently verified,MW /data refmet_name; RefMet classification cache exact-name match,False,No explicit stable-isotope suffix detected,Retain as biological candidate; preserve analysis identity
ST001521,diet,AN002535,HILIC NEGATIVE ION MODE,ME367874,ST001521|AN002535|ME367874,Glyceric acid,Glyceric acid,RM0135902,Carbohydrates,Monosaccharides,Sugar acids,mapped_by_repository_refmet_field,repository-provided; exact class-name lookup; not independently verified,MW /data refmet_name; RefMet classification cache exact-name match,False,No explicit stable-isotope suffix detected,Retain as biological candidate; preserve analysis identity
ST001521,diet,AN002535,HILIC NEGATIVE ION MODE,ME367872,ST001521|AN002535|ME367872,Glycocholic acid,Glycocholic acid,RM0135849,Sterol Lipids,Bile acids,C24 bile acids,mapped_by_repository_refmet_field,repository-provided; exact class-name lookup; not independently verified,MW /data refmet_name; RefMet classification cache exact-name match,False,No explicit stable-isotope suffix detected,Retain as biological candidate; preserve analysis identity
ST001521,diet,AN002535,HILIC NEGATIVE ION MODE,ME367843,ST001521|AN002535|ME367843,Glycocholic acid-d4 [iSTD],Standard,,Unclassified,Unclassified,Unclassified,mapped_by_repository_refmet_field,repository-provided; exact class-name lookup; not independently verified,MW /data refmet_name; no exact classification-cache match,False,No explicit stable-isotope suffix detected,Retain as biological candidate; preserve analysis identity
ST001521,diet,AN002535,HILIC NEGATIVE ION MODE,ME367866,ST001521|AN002535|ME367866,Glycodeoxycholic acid/Glycochenodeoxycholic acid,Glycodeoxycholic acid/Glycochenodeoxycholic acid,RM0021495,Sterol Lipids,Bile acids,C24 bile acids,mapped_by_repository_refmet_field,repository-provided; exact class-name lookup; not independently verified,MW /data refmet_name; RefMet classification cache exact-name match,False,No explicit stable-isotope suffix detected,Retain as biological candidate; preserve analysis identity
ST001521,diet,AN002535,HILIC NEGATIVE ION MODE,ME367870,ST001521|AN002535|ME367870,Hippuric acid,Hippuric acid,RM0135980,Benzenoids,Benzamides,Hippuric acids,mapped_by_repository_refmet_field,repository-provided; exact class-name lookup; not independently verified,MW /data refmet_name; RefMet classification cache exact-name match,False,No explicit stable-isotope suffix detected,Retain as biological candidate; preserve analysis identity
ST001521,diet,AN002535,HILIC NEGATIVE ION MODE,ME367878,ST001521|AN002535|ME367878,Homovanillic acid,Homovanillic acid,RM0042979,Benzenoids,Benzoic acids,Hydroxybenzoic acids,mapped_by_repository_refmet_field,repository-provided; exact class-name lookup; not independently verified,MW /data refmet_name; RefMet classification cache exact-name match,False,No explicit stable-isotope suffix detected,Retain as biological candidate; preserve analysis identity
ST001521,diet,AN002535,HILIC NEGATIVE ION MODE,ME367859,ST001521|AN002535|ME367859,Hypoxanthine,Hypoxanthine,RM0135895,Nucleic acids,Purines,Hypoxanthines,mapped_by_repository_refmet_field,repository-provided; exact class-name lookup; not independently verified,MW /data refmet_name; RefMet classification cache exact-name match,False,No explicit stable-isotope suffix detected,Retain as biological candidate; preserve analysis identity
ST001521,diet,AN002535,HILIC NEGATIVE ION MODE,ME367879,ST001521|AN002535|ME367879,Indolelactic acid,Indolelactic acid,RM0044363,Alkaloids,Tryptophan alkaloids,Indolecarboxylic acids,mapped_by_repository_refmet_field,repository-provided; exact class-name lookup; not independently verified,MW /data refmet_name; RefMet classification cache exact-name match,False,No explicit stable-isotope suffix detected,Retain as biological candidate; preserve analysis identity
ST001521,diet,AN002535,HILIC NEGATIVE ION MODE,ME367865,ST001521|AN002535|ME367865,Indoxyl sulfate,Indoxyl sulfate,RM0135976,Alkaloids,Tryptophan alkaloids,Simple indole alkaloids,mapped_by_repository_refmet_field,repository-provided; exact class-name lookup; not independently verified,MW /data refmet_name; RefMet classification cache exact-name match,False,No explicit stable-isotope suffix detected,Retain as biological candidate; preserve analysis identity
ST001521,diet,AN002535,HILIC NEGATIVE ION MODE,ME367867,ST001521|AN002535|ME367867,Lactic acid,Lactic acid,RM0135904,Organic acids,Short-chain acids,Short-chain acids,mapped_by_repository_refmet_field,repository-provided; exact class-name lookup; not independently verified,MW /data refmet_name; RefMet classification cache exact-name match,False,No explicit stable-isotope suffix detected,Retain as biological candidate; preserve analysis identity
ST001521,diet,AN002535,HILIC NEGATIVE ION MODE,ME367852,ST001521|AN002535|ME367852,Lactose/Sucrose/Trehalose,,,Unclassified,Unclassified,Unclassified,unmapped_no_refmet_name,not mapped,MW /data refmet_name; no exact classification-cache match,False,No explicit stable-isotope suffix detected,Retain for within-study PCA; omit from RefMet overlap
ST001521,diet,AN002535,HILIC NEGATIVE ION MODE,ME367898,ST001521|AN002535|ME367898,Malic acid,Malic acid,RM0135894,Organic acids,TCA acids,TCA acids,mapped_by_repository_refmet_field,repository-provided; exact class-name lookup; not independently verified,MW /data refmet_name; RefMet classification cache exact-name match,False,No explicit stable-isotope suffix detected,Retain as biological candidate; preserve analysis identity
ST001521,diet,AN002535,HILIC NEGATIVE ION MODE,ME367885,ST001521|AN002535|ME367885,Malonic acid,Malonic acid,RM0153291,Fatty Acyls,Fatty acids,Dicarboxylic acids,mapped_by_repository_refmet_field,repository-provided; exact class-name lookup; not independently verified,MW /data refmet_name; RefMet classification cache exact-name match,False,No explicit stable-isotope suffix detected,Retain as biological candidate; preserve analysis identity
ST001521,diet,AN002535,HILIC NEGATIVE ION MODE,ME367861,ST001521|AN002535|ME367861,Methylcysteine,Methylcysteine,RM0012952,Organic acids,Amino acids and peptides,Amino acids,mapped_by_repository_refmet_field,repository-provided; exact class-name lookup; not independently verified,MW /data refmet_name; RefMet classification cache exact-name match,False,No explicit stable-isotope suffix detected,Retain as biological candidate; preserve analysis identity
ST001521,diet,AN002535,HILIC NEGATIVE ION MODE,ME367902,ST001521|AN002535|ME367902,Methylmalonic acid,Methylmalonic acid,RM0152460,Fatty Acyls,Fatty acids,Dicarboxylic acids,mapped_by_repository_refmet_field,repository-provided; exact class-name lookup; not independently verified,MW /data refmet_name; RefMet classification cache exact-name match,False,No explicit stable-isotope suffix detected,Retain as biological candidate; preserve analysis identity
ST001521,diet,AN002535,HILIC NEGATIVE ION MODE,ME367853,ST001521|AN002535|ME367853,Myo-inositol,Myo-inositol,RM0136735,Organic oxygen compounds,Alcohols and polyols,Inositols,mapped_by_repository_refmet_field,repository-provided; exact class-name lookup; not independently verified,MW /data refmet_name; RefMet classification cache exact-name match,False,No explicit stable-isotope suffix detected,Retain as biological candidate; preserve analysis identity
ST001521,diet,AN002535,HILIC NEGATIVE ION MODE,ME367869,ST001521|AN002535|ME367869,N-Acetylalanine,N-Acetylalanine,RM0135990,Organic acids,Amino acids and peptides,Amino acids,mapped_by_repository_refmet_field,repository-provided; exact class-name lookup; not independently verified,MW /data refmet_name; RefMet classification cache exact-name match,False,No explicit stable-isotope suffix detected,Retain as biological candidate; preserve analysis identity
ST001521,diet,AN002535,HILIC NEGATIVE ION MODE,ME367854,ST001521|AN002535|ME367854,N6-Acetyllysine,N6-Acetyllysine,RM0135910,Organic acids,Amino acids and peptides,Amino acids,mapped_by_repository_refmet_field,repository-provided; exact class-name lookup; not independently verified,MW /data refmet_name; RefMet classification cache exact-name match,False,No explicit stable-isotope suffix detected,Retain as biological candidate; preserve analysis identity
ST001521,diet,AN002535,HILIC NEGATIVE ION MODE,ME367905,ST001521|AN002535|ME367905,Oxalic acid,Oxalic acid,RM0149940,Fatty Acyls,Fatty acids,Dicarboxylic acids,mapped_by_repository_refmet_field,repository-provided; exact class-name lookup; not independently verified,MW /data refmet_name; RefMet classification cache exact-name match,False,No explicit stable-isotope suffix detected,Retain as biological candidate; preserve analysis identity
ST001521,diet,AN002535,HILIC NEGATIVE ION MODE,ME367904,ST001521|AN002535|ME367904,Oxoglutaric acid,2-Oxoglutaric acid,RM0135911,Organic acids,TCA acids,TCA acids,mapped_by_repository_refmet_field,repository-provided; exact class-name lookup; not independently verified,MW /data refmet_name; RefMet classification cache exact-name match,False,No explicit stable-isotope suffix detected,Retain as biological candidate; preserve analysis identity
ST001521,diet,AN002535,HILIC NEGATIVE ION MODE,ME367871,ST001521|AN002535|ME367871,Pantothenic acid,Pantothenic acid,RM0136730,Organic acids,Amino acids and peptides,Amino acids,mapped_by_repository_refmet_field,repository-provided; exact class-name lookup; not independently verified,MW /data refmet_name; RefMet classification cache exact-name match,False,No explicit stable-isotope suffix detected,Retain as biological candidate; preserve analysis identity
ST001521,diet,AN002535,HILIC NEGATIVE ION MODE,ME367862,ST001521|AN002535|ME367862,Phenyllactic acid,Phenyllactic acid,RM0012471,Organic acids,Phenylpropanoids,Cinnamic acids,mapped_by_repository_refmet_field,repository-provided; exact class-name lookup; not independently verified,MW /data refmet_name; RefMet classification cache exact-name match,False,No explicit stable-isotope suffix detected,Retain as biological candidate; preserve analysis identity
ST001521,diet,AN002535,HILIC NEGATIVE ION MODE,ME367895,ST001521|AN002535|ME367895,Phosphocreatine,Phosphocreatine,RM0009827,Organic acids,Amino acids and peptides,Amino acids,mapped_by_repository_refmet_field,repository-provided; exact class-name lookup; not independently verified,MW /data refmet_name; RefMet classification cache exact-name match,False,No explicit stable-isotope suffix detected,Retain as biological candidate; preserve analysis identity
ST001521,diet,AN002535,HILIC NEGATIVE ION MODE,ME367868,ST001521|AN002535|ME367868,Propionic acid,Propionic acid,RM0153498,Fatty Acyls,Fatty acids,Saturated FA,mapped_by_repository_refmet_field,repository-provided; exact class-name lookup; not independently verified,MW /data refmet_name; RefMet classification cache exact-name match,False,No explicit stable-isotope suffix detected,Retain as biological candidate; preserve analysis identity
ST001521,diet,AN002535,HILIC NEGATIVE ION MODE,ME367883,ST001521|AN002535|ME367883,Pyruvic acid,Pyruvic acid,RM0134967,Organic acids,Short-chain acids,Short-chain acids,mapped_by_repository_refmet_field,repository-provided; exact class-name lookup; not independently verified,MW /data refmet_name; RefMet classification cache exact-name match,False,No explicit stable-isotope suffix detected,Retain as biological candidate; preserve analysis identity
ST001521,diet,AN002535,HILIC NEGATIVE ION MODE,ME367876,ST001521|AN002535|ME367876,Quinic acid,Quinic acid,RM0071875,Benzenoids,Benzoic acids,Hydroxybenzoic acids,mapped_by_repository_refmet_field,repository-provided; exact class-name lookup; not independently verified,MW /data refmet_name; RefMet classification cache exact-name match,False,No explicit stable-isotope suffix detected,Retain as biological candidate; preserve analysis identity
ST001521,diet,AN002535,HILIC NEGATIVE ION MODE,ME367907,ST001521|AN002535|ME367907,Quinolinic acid,Quinolinic acid,RM0135916,Alkaloids,Pyridine alkaloids,Nicotinic acid alkaloids,mapped_by_repository_refmet_field,repository-provided; exact class-name lookup; not independently verified,MW /data refmet_name; RefMet classification cache exact-name match,False,No explicit stable-isotope suffix detected,Retain as biological candidate; preserve analysis identity
ST001521,diet,AN002535,HILIC NEGATIVE ION MODE,ME367848,ST001521|AN002535|ME367848,Ribothymidine,Ribothymidine,RM0138932,Nucleic acids,Pyrimidines,Pyrimidine ribonucleosides,mapped_by_repository_refmet_field,repository-provided; exact class-name lookup; not independently verified,MW /data refmet_name; RefMet classification cache exact-name match,False,No explicit stable-isotope suffix detected,Retain as biological candidate; preserve analysis identity
ST001521,diet,AN002535,HILIC NEGATIVE ION MODE,ME367891,ST001521|AN002535|ME367891,Salicyluric acid,Salicyluric acid,RM0136008,Benzenoids,Benzoic acids,Hydroxybenzoic acids,mapped_by_repository_refmet_field,repository-provided; exact class-name lookup; not independently verified,MW /data refmet_name; RefMet classification cache exact-name match,False,No explicit stable-isotope suffix detected,Retain as biological candidate; preserve analysis identity
ST001521,diet,AN002535,HILIC NEGATIVE ION MODE,ME367894,ST001521|AN002535|ME367894,Sebacic acid,Sebacic acid,RM0153047,Fatty Acyls,Fatty acids,Dicarboxylic acids,mapped_by_repository_refmet_field,repository-provided; exact class-name lookup; not independently verified,MW /data refmet_name; RefMet classification cache exact-name match,False,No explicit stable-isotope suffix detected,Retain as biological candidate; preserve analysis identity
ST001521,diet,AN002535,HILIC NEGATIVE ION MODE,ME367851,ST001521|AN002535|ME367851,Sorbitol,Sorbitol,RM0155940,Carbohydrates,Monosaccharides,Sugar alcohols,mapped_by_repository_refmet_field,repository-provided; exact class-name lookup; not independently verified,MW /data refmet_name; RefMet classification cache exact-name match,False,No explicit stable-isotope suffix detected,Retain as biological candidate; preserve analysis identity
ST001521,diet,AN002535,HILIC NEGATIVE ION MODE,ME367893,ST001521|AN002535|ME367893,Suberic acid,Suberic acid,RM0134985,Fatty Acyls,Fatty acids,Dicarboxylic acids,mapped_by_repository_refmet_field,repository-provided; exact class-name lookup; not independently verified,MW /data refmet_name; RefMet classification cache exact-name match,False,No explicit stable-isotope suffix detected,Retain as biological candidate; preserve analysis identity
ST001521,diet,AN002535,HILIC NEGATIVE ION MODE,ME367897,ST001521|AN002535|ME367897,Succinic acid,Succinic acid,RM0134982,Organic acids,TCA acids,TCA acids,mapped_by_repository_refmet_field,repository-provided; exact class-name lookup; not independently verified,MW /data refmet_name; RefMet classification cache exact-name match,False,No explicit stable-isotope suffix detected,Retain as biological candidate; preserve analysis identity
ST001521,diet,AN002535,HILIC NEGATIVE ION MODE,ME367846,ST001521|AN002535|ME367846,Thymine,Thymine,RM0040235,Nucleic acids,Pyrimidines,Other pyrimidines,mapped_by_repository_refmet_field,repository-provided; exact class-name lookup; not independently verified,MW /data refmet_name; RefMet classification cache exact-name match,False,No explicit stable-isotope suffix detected,Retain as biological candidate; preserve analysis identity
ST001521,diet,AN002535,HILIC NEGATIVE ION MODE,ME367844,ST001521|AN002535|ME367844,Thymine-d4 [iSTD],Standard,,Unclassified,Unclassified,Unclassified,mapped_by_repository_refmet_field,repository-provided; exact class-name lookup; not independently verified,MW /data refmet_name; no exact classification-cache match,False,No explicit stable-isotope suffix detected,Retain as biological candidate; preserve analysis identity
ST001521,diet,AN002535,HILIC NEGATIVE ION MODE,ME367847,ST001521|AN002535|ME367847,Uracil,Uracil,RM0135934,Nucleic acids,Pyrimidines,Other pyrimidines,mapped_by_repository_refmet_field,repository-provided; exact class-name lookup; not independently verified,MW /data refmet_name; RefMet classification cache exact-name match,False,No explicit stable-isotope suffix detected,Retain as biological candidate; preserve analysis identity
ST001521,diet,AN002535,HILIC NEGATIVE ION MODE,ME367890,ST001521|AN002535|ME367890,Uric acid,Uric acid,RM0160856,Nucleic acids,Purines,Xanthines,mapped_by_repository_refmet_field,repository-provided; exact class-name lookup; not independently verified,MW /data refmet_name; RefMet classification cache exact-name match,False,No explicit stable-isotope suffix detected,Retain as biological candidate; preserve analysis identity
ST001521,diet,AN002535,HILIC NEGATIVE ION MODE,ME367849,ST001521|AN002535|ME367849,Uridine,Uridine,RM0135933,Nucleic acids,Pyrimidines,Pyrimidine ribonucleosides,mapped_by_repository_refmet_field,repository-provided; exact class-name lookup; not independently verified,MW /data refmet_name; RefMet classification cache exact-name match,False,No explicit stable-isotope suffix detected,Retain as biological candidate; preserve analysis identity
ST001521,diet,AN002535,HILIC NEGATIVE ION MODE,ME367909,ST001521|AN002535|ME367909,Vitamin C,Vitamin C,RM0118068,Organoheterocyclic compounds,Lactones,Gamma butyrolactones,mapped_by_repository_refmet_field,repository-provided; exact class-name lookup; not independently verified,MW /data refmet_name; RefMet classification cache exact-name match,False,No explicit stable-isotope suffix detected,Retain as biological candidate; preserve analysis identity
ST001521,diet,AN002535,HILIC NEGATIVE ION MODE,ME367884,ST001521|AN002535|ME367884,Xanthine,Xanthine,RM0135930,Nucleic acids,Purines,Xanthines,mapped_by_repository_refmet_field,repository-provided; exact class-name lookup; not independently verified,MW /data refmet_name; RefMet classification cache exact-name match,False,No explicit stable-isotope suffix detected,Retain as biological candidate; preserve analysis identity
ST001521,diet,AN002535,HILIC NEGATIVE ION MODE,ME367908,ST001521|AN002535|ME367908,Xanthurenic acid,Xanthurenic acid,RM0032268,Alkaloids,Anthranilic acid alkaloids,Acridone alkaloids,mapped_by_repository_refmet_field,repository-provided; exact class-name lookup; not independently verified,MW /data refmet_name; RefMet classification cache exact-name match,False,No explicit stable-isotope suffix detected,Retain as biological candidate; preserve analysis identity
ST001521,diet,AN002535,HILIC NEGATIVE ION MODE,ME367903,ST001521|AN002535|ME367903,sn-Glycero-3-phosphate,sn-Glycero-3-phosphate,RM0160118,Organic acids,Organic phosphoric acids,Organic phosphoric acids,mapped_by_repository_refmet_field,repository-provided; exact class-name lookup; not independently verified,MW /data refmet_name; RefMet classification cache exact-name match,False,No explicit stable-isotope suffix detected,Retain as biological candidate; preserve analysis identity
ST001521,diet,AN002535,HILIC NEGATIVE ION MODE,ME367912,ST001521|AN002535|ME367912,trans-Aconitic acid,trans-Aconitic acid,RM0118176,Organic acids,Carboxylic acids,Tricarboxylic acids,mapped_by_repository_refmet_field,repository-provided; exact class-name lookup; not independently verified,MW /data refmet_name; RefMet classification cache exact-name match,False,No explicit stable-isotope suffix detected,Retain as biological candidate; preserve analysis identity
ST001521,diet,AN002536,Reversed phase NEGATIVE ION MODE,ME367993,ST001521|AN002536|ME367993,"1,7-Dimethyluric acid","1,7-Dimethyluric acid",RM0033507,Nucleic acids,Purines,Xanthines,mapped_by_repository_refmet_field,repository-provided; exact class-name lookup; not independently verified,MW /data refmet_name; RefMet classification cache exact-name match,False,No explicit stable-isotope suffix detected,Retain as biological candidate; preserve analysis identity
ST001521,diet,AN002536,Reversed phase NEGATIVE ION MODE,ME367939,ST001521|AN002536|ME367939,10Z-Heptadecenoic acid,10Z-Heptadecenoic acid,RM0152615,Fatty Acyls,Fatty acids,Unsaturated FA,mapped_by_repository_refmet_field,repository-provided; exact class-name lookup; not independently verified,MW /data refmet_name; RefMet classification cache exact-name match,False,No explicit stable-isotope suffix detected,Retain as biological candidate; preserve analysis identity
ST001521,diet,AN002536,Reversed phase NEGATIVE ION MODE,ME367954,ST001521|AN002536|ME367954,"11Z,14Z-Eicosadienoic acid","11Z,14Z-Eicosadienoic acid",RM0153251,Fatty Acyls,Fatty acids,Unsaturated FA,mapped_by_repository_refmet_field,repository-provided; exact class-name lookup; not independently verified,MW /data refmet_name; RefMet classification cache exact-name match,False,No explicit stable-isotope suffix detected,Retain as biological candidate; preserve analysis identity
ST001521,diet,AN002536,Reversed phase NEGATIVE ION MODE,ME367916,ST001521|AN002536|ME367916,"12,13-DiHOME","12,13-DiHOME",RM0138124,Fatty Acyls,Octadecanoids,DiHOME,mapped_by_repository_refmet_field,repository-provided; exact class-name lookup; not independently verified,MW /data refmet_name; RefMet classification cache exact-name match,False,No explicit stable-isotope suffix detected,Retain as biological candidate; preserve analysis identity
ST001521,diet,AN002536,Reversed phase NEGATIVE ION MODE,ME367918,ST001521|AN002536|ME367918,13-HODE,13-HODE,RM0139907,Fatty Acyls,Octadecanoids,HODE,mapped_by_repository_refmet_field,repository-provided; exact class-name lookup; not independently verified,MW /data refmet_name; RefMet classification cache exact-name match,False,No explicit stable-isotope suffix detected,Retain as biological candidate; preserve analysis identity
ST001521,diet,AN002536,Reversed phase NEGATIVE ION MODE,ME367950,ST001521|AN002536|ME367950,17-Methyloctadecanoic acid,Xi-17-Methyloctadecanoic acid,RM0139407,Fatty Acyls,Fatty acids,Branched FA,mapped_by_repository_refmet_field,repository-provided; exact class-name lookup; not independently verified,MW /data refmet_name; RefMet classification cache exact-name match,False,No explicit stable-isotope suffix detected,Retain as biological candidate; preserve analysis identity
ST001521,diet,AN002536,Reversed phase NEGATIVE ION MODE,ME367922,ST001521|AN002536|ME367922,2-Aminooctanoic acid,2-Aminocaprylic acid,RM0140624,Fatty Acyls,Fatty acids,Amino FA,mapped_by_repository_refmet_field,repository-provided; exact class-name lookup; not independently verified,MW /data refmet_name; RefMet classification cache exact-name match,False,No explicit stable-isotope suffix detected,Retain as biological candidate; preserve analysis identity
ST001521,diet,AN002536,Reversed phase NEGATIVE ION MODE,ME367923,ST001521|AN002536|ME367923,2-Hydroxycaprylic acid,2-Hydroxyoctanoic acid,RM0155767,Fatty Acyls,Fatty acids,Hydroxy FA,mapped_by_repository_refmet_field,repository-provided; exact class-name lookup; not independently verified,MW /data refmet_name; RefMet classification cache exact-name match,False,No explicit stable-isotope suffix detected,Retain as biological candidate; preserve analysis identity
ST001521,diet,AN002536,Reversed phase NEGATIVE ION MODE,ME367988,ST001521|AN002536|ME367988,2-Hydroxyibuprofen,2-Hydroxyibuprofen,RM0138692,Organic acids,Phenylpropanoids,Cinnamic acids,mapped_by_repository_refmet_field,repository-provided; exact class-name lookup; not independently verified,MW /data refmet_name; RefMet classification cache exact-name match,False,No explicit stable-isotope suffix detected,Retain as biological candidate; preserve analysis identity
ST001521,diet,AN002536,Reversed phase NEGATIVE ION MODE,ME367935,ST001521|AN002536|ME367935,2-Hydroxymyristic acid,2-Hydroxymyristic acid,RM0153127,Fatty Acyls,Fatty acids,Hydroxy FA,mapped_by_repository_refmet_field,repository-provided; exact class-name lookup; not independently verified,MW /data refmet_name; RefMet classification cache exact-name match,False,No explicit stable-isotope suffix detected,Retain as biological candidate; preserve analysis identity
ST001521,diet,AN002536,Reversed phase NEGATIVE ION MODE,ME367941,ST001521|AN002536|ME367941,2-Hydroxypalmitic acid,2-Hydroxypalmitic acid,RM0152584,Fatty Acyls,Fatty acids,Hydroxy FA,mapped_by_repository_refmet_field,repository-provided; exact class-name lookup; not independently verified,MW /data refmet_name; RefMet classification cache exact-name match,False,No explicit stable-isotope suffix detected,Retain as biological candidate; preserve analysis identity
ST001521,diet,AN002536,Reversed phase NEGATIVE ION MODE,ME367927,ST001521|AN002536|ME367927,3-Hydroxydecanoic acid,3-Hydroxydecanoic acid,RM0138800,Fatty Acyls,Fatty acids,Hydroxy FA,mapped_by_repository_refmet_field,repository-provided; exact class-name lookup; not independently verified,MW /data refmet_name; RefMet classification cache exact-name match,False,No explicit stable-isotope suffix detected,Retain as biological candidate; preserve analysis identity
ST001521,diet,AN002536,Reversed phase NEGATIVE ION MODE,ME367924,ST001521|AN002536|ME367924,3-Hydroxyoctanoic acid,3-Hydroxyoctanoic acid,RM0139998,Fatty Acyls,Fatty acids,Hydroxy FA,mapped_by_repository_refmet_field,repository-provided; exact class-name lookup; not independently verified,MW /data refmet_name; RefMet classification cache exact-name match,False,No explicit stable-isotope suffix detected,Retain as biological candidate; preserve analysis identity
ST001521,diet,AN002536,Reversed phase NEGATIVE ION MODE,ME367989,ST001521|AN002536|ME367989,3-Methyladipic acid,3-Methyladipic acid,RM0153105,Fatty Acyls,Fatty acids,Dicarboxylic acids,mapped_by_repository_refmet_field,repository-provided; exact class-name lookup; not independently verified,MW /data refmet_name; RefMet classification cache exact-name match,False,No explicit stable-isotope suffix detected,Retain as biological candidate; preserve analysis identity
ST001521,diet,AN002536,Reversed phase NEGATIVE ION MODE,ME367990,ST001521|AN002536|ME367990,4-Hydroxystyrene,4-Hydroxystyrene,RM0161661,Benzenoids,Benzenes,Styrenes,mapped_by_repository_refmet_field,repository-provided; exact class-name lookup; not independently verified,MW /data refmet_name; RefMet classification cache exact-name match,False,No explicit stable-isotope suffix detected,Retain as biological candidate; preserve analysis identity
ST001521,diet,AN002536,Reversed phase NEGATIVE ION MODE,ME367928,ST001521|AN002536|ME367928,5-Dodecenoic acid,5-Dodecenoic acid,RM0153633,Fatty Acyls,Fatty acids,Unsaturated FA,mapped_by_repository_refmet_field,repository-provided; exact class-name lookup; not independently verified,MW /data refmet_name; RefMet classification cache exact-name match,False,No explicit stable-isotope suffix detected,Retain as biological candidate; preserve analysis identity
ST001521,diet,AN002536,Reversed phase NEGATIVE ION MODE,ME367967,ST001521|AN002536|ME367967,7-Ketodeoxycholic acid,7-Ketodeoxycholic acid,RM0135822,Sterol Lipids,Bile acids,C24 bile acids,mapped_by_repository_refmet_field,repository-provided; exact class-name lookup; not independently verified,MW /data refmet_name; RefMet classification cache exact-name match,False,No explicit stable-isotope suffix detected,Retain as biological candidate; preserve analysis identity
ST001521,diet,AN002536,Reversed phase NEGATIVE ION MODE,ME367917,ST001521|AN002536|ME367917,"9,10-DiHOME","9,10-DiHOME",RM0074128,Fatty Acyls,Octadecanoids,DiHOME,mapped_by_repository_refmet_field,repository-provided; exact class-name lookup; not independently verified,MW /data refmet_name; RefMet classification cache exact-name match,False,No explicit stable-isotope suffix detected,Retain as biological candidate; preserve analysis identity
ST001521,diet,AN002536,Reversed phase NEGATIVE ION MODE,ME367960,ST001521|AN002536|ME367960,Adrenic acid,Adrenic acid,RM0153917,Fatty Acyls,Fatty acids,Unsaturated FA,mapped_by_repository_refmet_field,repository-provided; exact class-name lookup; not independently verified,MW /data refmet_name; RefMet classification cache exact-name match,False,No explicit stable-isotope suffix detected,Retain as biological candidate; preserve analysis identity
ST001521,diet,AN002536,Reversed phase NEGATIVE ION MODE,ME367956,ST001521|AN002536|ME367956,Arachidic acid,Arachidic acid,RM0137828,Fatty Acyls,Fatty acids,Saturated FA,mapped_by_repository_refmet_field,repository-provided; exact class-name lookup; not independently verified,MW /data refmet_name; RefMet classification cache exact-name match,False,No explicit stable-isotope suffix detected,Retain as biological candidate; preserve analysis identity
ST001521,diet,AN002536,Reversed phase NEGATIVE ION MODE,ME367952,ST001521|AN002536|ME367952,Arachidonic acid,Arachidonic acid,RM0153612,Fatty Acyls,Fatty acids,Unsaturated FA,mapped_by_repository_refmet_field,repository-provided; exact class-name lookup; not independently verified,MW /data refmet_name; RefMet classification cache exact-name match,False,No explicit stable-isotope suffix detected,Retain as biological candidate; preserve analysis identity
ST001521,diet,AN002536,Reversed phase NEGATIVE ION MODE,ME367984,ST001521|AN002536|ME367984,Azelaic acid,Azelaic acid,RM0153048,Fatty Acyls,Fatty acids,Dicarboxylic acids,mapped_by_repository_refmet_field,repository-provided; exact class-name lookup; not independently verified,MW /data refmet_name; RefMet classification cache exact-name match,False,No explicit stable-isotope suffix detected,Retain as biological candidate; preserve analysis identity
ST001521,diet,AN002536,Reversed phase NEGATIVE ION MODE,ME367925,ST001521|AN002536|ME367925,Capric acid,Capric acid,RM0153468,Fatty Acyls,Fatty acids,Saturated FA,mapped_by_repository_refmet_field,repository-provided; exact class-name lookup; not independently verified,MW /data refmet_name; RefMet classification cache exact-name match,False,No explicit stable-isotope suffix detected,Retain as biological candidate; preserve analysis identity
ST001521,diet,AN002536,Reversed phase NEGATIVE ION MODE,ME367964,ST001521|AN002536|ME367964,Chenodeoxycholic acid,Chenodeoxycholic acid,RM0135803,Sterol Lipids,Bile acids,C24 bile acids,mapped_by_repository_refmet_field,repository-provided; exact class-name lookup; not independently verified,MW /data refmet_name; RefMet classification cache exact-name match,False,No explicit stable-isotope suffix detected,Retain as biological candidate; preserve analysis identity
ST001521,diet,AN002536,Reversed phase NEGATIVE ION MODE,ME367969,ST001521|AN002536|ME367969,Cholic acid,Cholic acid,RM0135798,Sterol Lipids,Bile acids,C24 bile acids,mapped_by_repository_refmet_field,repository-provided; exact class-name lookup; not independently verified,MW /data refmet_name; RefMet classification cache exact-name match,False,No explicit stable-isotope suffix detected,Retain as biological candidate; preserve analysis identity
ST001521,diet,AN002536,Reversed phase NEGATIVE ION MODE,ME367992,ST001521|AN002536|ME367992,Cinnamoylglycine,Cinnamoylglycine,RM0041850,Organic acids,Phenylpropanoids,Cinnamic acids,mapped_by_repository_refmet_field,repository-provided; exact class-name lookup; not independently verified,MW /data refmet_name; RefMet classification cache exact-name match,False,No explicit stable-isotope suffix detected,Retain as biological candidate; preserve analysis identity
ST001521,diet,AN002536,Reversed phase NEGATIVE ION MODE,ME367958,ST001521|AN002536|ME367958,DHA,DHA,RM0153631,Fatty Acyls,Fatty acids,Unsaturated FA,mapped_by_repository_refmet_field,repository-provided; exact class-name lookup; not independently verified,MW /data refmet_name; RefMet classification cache exact-name match,False,No explicit stable-isotope suffix detected,Retain as biological candidate; preserve analysis identity
ST001521,diet,AN002536,Reversed phase NEGATIVE ION MODE,ME367959,ST001521|AN002536|ME367959,DPA,DPA,RM0153164,Fatty Acyls,Fatty acids,Unsaturated FA,mapped_by_repository_refmet_field,repository-provided; exact class-name lookup; not independently verified,MW /data refmet_name; RefMet classification cache exact-name match,False,No explicit stable-isotope suffix detected,Retain as biological candidate; preserve analysis identity
ST001521,diet,AN002536,Reversed phase NEGATIVE ION MODE,ME367965,ST001521|AN002536|ME367965,Deoxycholic acid,Deoxycholic acid,RM0126048,Sterol Lipids,Bile acids,C24 bile acids,mapped_by_repository_refmet_field,repository-provided; exact class-name lookup; not independently verified,MW /data refmet_name; RefMet classification cache exact-name match,False,No explicit stable-isotope suffix detected,Retain as biological candidate; preserve analysis identity
ST001521,diet,AN002536,Reversed phase NEGATIVE ION MODE,ME367933,ST001521|AN002536|ME367933,Dodecanedioic acid,Dodecanedioic acid,RM0153694,Fatty Acyls,Fatty acids,Dicarboxylic acids,mapped_by_repository_refmet_field,repository-provided; exact class-name lookup; not independently verified,MW /data refmet_name; RefMet classification cache exact-name match,False,No explicit stable-isotope suffix detected,Retain as biological candidate; preserve analysis identity
ST001521,diet,AN002536,Reversed phase NEGATIVE ION MODE,ME367962,ST001521|AN002536|ME367962,Eicosanedioic acid,Eicosanedioic acid,RM0149936,Fatty Acyls,Fatty acids,Dicarboxylic acids,mapped_by_repository_refmet_field,repository-provided; exact class-name lookup; not independently verified,MW /data refmet_name; RefMet classification cache exact-name match,False,No explicit stable-isotope suffix detected,Retain as biological candidate; preserve analysis identity
ST001521,diet,AN002536,Reversed phase NEGATIVE ION MODE,ME367951,ST001521|AN002536|ME367951,Eicosapentaenoic acid,Eicosapentaenoic acid,RM0151646,Fatty Acyls,Fatty acids,Unsaturated FA,mapped_by_repository_refmet_field,repository-provided; exact class-name lookup; not independently verified,MW /data refmet_name; RefMet classification cache exact-name match,False,No explicit stable-isotope suffix detected,Retain as biological candidate; preserve analysis identity
ST001521,diet,AN002536,Reversed phase NEGATIVE ION MODE,ME367953,ST001521|AN002536|ME367953,Eicosatrienoic acid,Eicosatrienoic acid,RM0152308,Fatty Acyls,Fatty acids,Unsaturated FA,mapped_by_repository_refmet_field,repository-provided; exact class-name lookup; not independently verified,MW /data refmet_name; RefMet classification cache exact-name match,False,No explicit stable-isotope suffix detected,Retain as biological candidate; preserve analysis identity
ST001521,diet,AN002536,Reversed phase NEGATIVE ION MODE,ME367955,ST001521|AN002536|ME367955,Eicosenoic acid,Eicosenoic acid,RM0150389,Fatty Acyls,Fatty acids,Unsaturated FA,mapped_by_repository_refmet_field,repository-provided; exact class-name lookup; not independently verified,MW /data refmet_name; RefMet classification cache exact-name match,False,No explicit stable-isotope suffix detected,Retain as biological candidate; preserve analysis identity
ST001521,diet,AN002536,Reversed phase NEGATIVE ION MODE,ME367995,ST001521|AN002536|ME367995,Glucose/Fructose/Galactose,Hexose,RM0042958,Carbohydrates,Monosaccharides,Hexoses,mapped_by_repository_refmet_field,repository-provided; exact class-name lookup; not independently verified,MW /data refmet_name; RefMet classification cache exact-name match,False,No explicit stable-isotope suffix detected,Retain as biological candidate; preserve analysis identity
ST001521,diet,AN002536,Reversed phase NEGATIVE ION MODE,ME367971,ST001521|AN002536|ME367971,Glycochenodeoxycholic acid,Glycochenodeoxycholic acid,RM0135850,Sterol Lipids,Bile acids,C24 bile acids,mapped_by_repository_refmet_field,repository-provided; exact class-name lookup; not independently verified,MW /data refmet_name; RefMet classification cache exact-name match,False,No explicit stable-isotope suffix detected,Retain as biological candidate; preserve analysis identity
ST001521,diet,AN002536,Reversed phase NEGATIVE ION MODE,ME367974,ST001521|AN002536|ME367974,Glycocholic acid,Glycocholic acid,RM0135849,Sterol Lipids,Bile acids,C24 bile acids,mapped_by_repository_refmet_field,repository-provided; exact class-name lookup; not independently verified,MW /data refmet_name; RefMet classification cache exact-name match,False,No explicit stable-isotope suffix detected,Retain as biological candidate; preserve analysis identity
ST001521,diet,AN002536,Reversed phase NEGATIVE ION MODE,ME367972,ST001521|AN002536|ME367972,Glycodeoxycholic acid,Glycodeoxycholic acid,RM0125880,Sterol Lipids,Bile acids,C24 bile acids,mapped_by_repository_refmet_field,repository-provided; exact class-name lookup; not independently verified,MW /data refmet_name; RefMet classification cache exact-name match,False,No explicit stable-isotope suffix detected,Retain as biological candidate; preserve analysis identity
ST001521,diet,AN002536,Reversed phase NEGATIVE ION MODE,ME367970,ST001521|AN002536|ME367970,Glycolithocholic acid,Glycolithocholic acid,RM0135851,Sterol Lipids,Bile acids,C24 bile acids,mapped_by_repository_refmet_field,repository-provided; exact class-name lookup; not independently verified,MW /data refmet_name; RefMet classification cache exact-name match,False,No explicit stable-isotope suffix detected,Retain as biological candidate; preserve analysis identity
ST001521,diet,AN002536,Reversed phase NEGATIVE ION MODE,ME367973,ST001521|AN002536|ME367973,Glycoursodeoxycholic acid,Glycoursodeoxycholic acid,RM0126064,Sterol Lipids,Bile acids,C24 bile acids,mapped_by_repository_refmet_field,repository-provided; exact class-name lookup; not independently verified,MW /data refmet_name; RefMet classification cache exact-name match,False,No explicit stable-isotope suffix detected,Retain as biological candidate; preserve analysis identity
ST001521,diet,AN002536,Reversed phase NEGATIVE ION MODE,ME367947,ST001521|AN002536|ME367947,Hexadecanedioic acid,Hexadecanedioic acid,RM0139429,Fatty Acyls,Fatty acids,Dicarboxylic acids,mapped_by_repository_refmet_field,repository-provided; exact class-name lookup; not independently verified,MW /data refmet_name; RefMet classification cache exact-name match,False,No explicit stable-isotope suffix detected,Retain as biological candidate; preserve analysis identity
ST001521,diet,AN002536,Reversed phase NEGATIVE ION MODE,ME367920,ST001521|AN002536|ME367920,Hydrocinnamic acid,Hydrocinnamic acid,RM0028119,Organic acids,Phenylpropanoids,Cinnamic acids,mapped_by_repository_refmet_field,repository-provided; exact class-name lookup; not independently verified,MW /data refmet_name; RefMet classification cache exact-name match,False,No explicit stable-isotope suffix detected,Retain as biological candidate; preserve analysis identity
ST001521,diet,AN002536,Reversed phase NEGATIVE ION MODE,ME367966,ST001521|AN002536|ME367966,Hyodeoxycholic acid/Ursodeoxycholic acid,,,Unclassified,Unclassified,Unclassified,unmapped_no_refmet_name,not mapped,MW /data refmet_name; no exact classification-cache match,False,No explicit stable-isotope suffix detected,Retain for within-study PCA; omit from RefMet overlap
ST001521,diet,AN002536,Reversed phase NEGATIVE ION MODE,ME367987,ST001521|AN002536|ME367987,Ibuprofen,Ibuprofen,RM0052815,Organic acids,Phenylpropanoids,Cinnamic acids,mapped_by_repository_refmet_field,repository-provided; exact class-name lookup; not independently verified,MW /data refmet_name; RefMet classification cache exact-name match,False,No explicit stable-isotope suffix detected,Retain as biological candidate; preserve analysis identity
ST001521,diet,AN002536,Reversed phase NEGATIVE ION MODE,ME367926,ST001521|AN002536|ME367926,Indoleacetic acid,Indoleacetic acid,RM0135909,Alkaloids,Tryptophan alkaloids,Indoleacetic acids,mapped_by_repository_refmet_field,repository-provided; exact class-name lookup; not independently verified,MW /data refmet_name; RefMet classification cache exact-name match,False,No explicit stable-isotope suffix detected,Retain as biological candidate; preserve analysis identity
ST001521,diet,AN002536,Reversed phase NEGATIVE ION MODE,ME367929,ST001521|AN002536|ME367929,Lauric acid,Lauric acid,RM0149943,Fatty Acyls,Fatty acids,Saturated FA,mapped_by_repository_refmet_field,repository-provided; exact class-name lookup; not independently verified,MW /data refmet_name; RefMet classification cache exact-name match,False,No explicit stable-isotope suffix detected,Retain as biological candidate; preserve analysis identity
ST001521,diet,AN002536,Reversed phase NEGATIVE ION MODE,ME367919,ST001521|AN002536|ME367919,Levulinic acid,Levulinic acid,RM0152340,Fatty Acyls,Fatty acids,Oxo FA,mapped_by_repository_refmet_field,repository-provided; exact class-name lookup; not independently verified,MW /data refmet_name; RefMet classification cache exact-name match,False,No explicit stable-isotope suffix detected,Retain as biological candidate; preserve analysis identity
ST001521,diet,AN002536,Reversed phase NEGATIVE ION MODE,ME367944,ST001521|AN002536|ME367944,Linoleic acid,Linoleic acid,RM0149976,Fatty Acyls,Fatty acids,Unsaturated FA,mapped_by_repository_refmet_field,repository-provided; exact class-name lookup; not independently verified,MW /data refmet_name; RefMet classification cache exact-name match,False,No explicit stable-isotope suffix detected,Retain as biological candidate; preserve analysis identity
ST001521,diet,AN002536,Reversed phase NEGATIVE ION MODE,ME367921,ST001521|AN002536|ME367921,Mandelic acid,Mandelic acid,RM0013328,Organic acids,Phenylpropanoids,Cinnamic acids,mapped_by_repository_refmet_field,repository-provided; exact class-name lookup; not independently verified,MW /data refmet_name; RefMet classification cache exact-name match,False,No explicit stable-isotope suffix detected,Retain as biological candidate; preserve analysis identity
ST001521,diet,AN002536,Reversed phase NEGATIVE ION MODE,ME367940,ST001521|AN002536|ME367940,Margaric acid,Margaric acid,RM0149933,Fatty Acyls,Fatty acids,Saturated FA,mapped_by_repository_refmet_field,repository-provided; exact class-name lookup; not independently verified,MW /data refmet_name; RefMet classification cache exact-name match,False,No explicit stable-isotope suffix detected,Retain as biological candidate; preserve analysis identity
ST001521,diet,AN002536,Reversed phase NEGATIVE ION MODE,ME367963,ST001521|AN002536|ME367963,Maslinic acid,Maslinic acid,RM0157236,Prenol Lipids,Isoprenoids,C30 isoprenoids,mapped_by_repository_refmet_field,repository-provided; exact class-name lookup; not independently verified,MW /data refmet_name; RefMet classification cache exact-name match,False,No explicit stable-isotope suffix detected,Retain as biological candidate; preserve analysis identity
ST001521,diet,AN002536,Reversed phase NEGATIVE ION MODE,ME367932,ST001521|AN002536|ME367932,Myristic acid,Myristic acid,RM0153483,Fatty Acyls,Fatty acids,Saturated FA,mapped_by_repository_refmet_field,repository-provided; exact class-name lookup; not independently verified,MW /data refmet_name; RefMet classification cache exact-name match,False,No explicit stable-isotope suffix detected,Retain as biological candidate; preserve analysis identity
ST001521,diet,AN002536,Reversed phase NEGATIVE ION MODE,ME367931,ST001521|AN002536|ME367931,Myristoleic acid,Myristoleic acid,RM0153354,Fatty Acyls,Fatty acids,Unsaturated FA,mapped_by_repository_refmet_field,repository-provided; exact class-name lookup; not independently verified,MW /data refmet_name; RefMet classification cache exact-name match,False,No explicit stable-isotope suffix detected,Retain as biological candidate; preserve analysis identity
ST001521,diet,AN002536,Reversed phase NEGATIVE ION MODE,ME367996,ST001521|AN002536|ME367996,N-Acetylalanine,N-Acetylalanine,RM0135990,Organic acids,Amino acids and peptides,Amino acids,mapped_by_repository_refmet_field,repository-provided; exact class-name lookup; not independently verified,MW /data refmet_name; RefMet classification cache exact-name match,False,No explicit stable-isotope suffix detected,Retain as biological candidate; preserve analysis identity
ST001521,diet,AN002536,Reversed phase NEGATIVE ION MODE,ME367994,ST001521|AN002536|ME367994,N-Formylmethionine,N-Formylmethionine,RM0136031,Organic acids,Amino acids and peptides,Amino acids,mapped_by_repository_refmet_field,repository-provided; exact class-name lookup; not independently verified,MW /data refmet_name; RefMet classification cache exact-name match,False,No explicit stable-isotope suffix detected,Retain as biological candidate; preserve analysis identity
ST001521,diet,AN002536,Reversed phase NEGATIVE ION MODE,ME367948,ST001521|AN002536|ME367948,Nonadeca-10Z-enoic acid,Nonadeca-10Z-enoic acid,RM0139469,Fatty Acyls,Fatty acids,Unsaturated FA,mapped_by_repository_refmet_field,repository-provided; exact class-name lookup; not independently verified,MW /data refmet_name; RefMet classification cache exact-name match,False,No explicit stable-isotope suffix detected,Retain as biological candidate; preserve analysis identity
ST001521,diet,AN002536,Reversed phase NEGATIVE ION MODE,ME367949,ST001521|AN002536|ME367949,Nonadecylic acid,Nonadecylic acid,RM0153575,Fatty Acyls,Fatty acids,Saturated FA,mapped_by_repository_refmet_field,repository-provided; exact class-name lookup; not independently verified,MW /data refmet_name; RefMet classification cache exact-name match,False,No explicit stable-isotope suffix detected,Retain as biological candidate; preserve analysis identity
ST001521,diet,AN002536,Reversed phase NEGATIVE ION MODE,ME367945,ST001521|AN002536|ME367945,Oleic acid,Oleic acid,RM0151650,Fatty Acyls,Fatty acids,Unsaturated FA,mapped_by_repository_refmet_field,repository-provided; exact class-name lookup; not independently verified,MW /data refmet_name; RefMet classification cache exact-name match,False,No explicit stable-isotope suffix detected,Retain as biological candidate; preserve analysis identity
ST001521,diet,AN002536,Reversed phase NEGATIVE ION MODE,ME367997,ST001521|AN002536|ME367997,Oxypurinol,Oxypurinol,RM0156424,Nucleic acids,Purines,Xanthines,mapped_by_repository_refmet_field,repository-provided; exact class-name lookup; not independently verified,MW /data refmet_name; RefMet classification cache exact-name match,False,No explicit stable-isotope suffix detected,Retain as biological candidate; preserve analysis identity
ST001521,diet,AN002536,Reversed phase NEGATIVE ION MODE,ME367915,ST001521|AN002536|ME367915,PEGE2-d4 [iSTD],Standard,,Unclassified,Unclassified,Unclassified,mapped_by_repository_refmet_field,repository-provided; exact class-name lookup; not independently verified,MW /data refmet_name; no exact classification-cache match,False,No explicit stable-isotope suffix detected,Retain as biological candidate; preserve analysis identity
ST001521,diet,AN002536,Reversed phase NEGATIVE ION MODE,ME367937,ST001521|AN002536|ME367937,Palmitic acid,Palmitic acid,RM0153571,Fatty Acyls,Fatty acids,Saturated FA,mapped_by_repository_refmet_field,repository-provided; exact class-name lookup; not independently verified,MW /data refmet_name; RefMet classification cache exact-name match,False,No explicit stable-isotope suffix detected,Retain as biological candidate; preserve analysis identity
ST001521,diet,AN002536,Reversed phase NEGATIVE ION MODE,ME367936,ST001521|AN002536|ME367936,Palmitoleic acid,Palmitoleic acid,RM0153617,Fatty Acyls,Fatty acids,Unsaturated FA,mapped_by_repository_refmet_field,repository-provided; exact class-name lookup; not independently verified,MW /data refmet_name; RefMet classification cache exact-name match,False,No explicit stable-isotope suffix detected,Retain as biological candidate; preserve analysis identity
ST001521,diet,AN002536,Reversed phase NEGATIVE ION MODE,ME367998,ST001521|AN002536|ME367998,Palmitoyl-EA,Palmitoyl-EA,RM0153080,Fatty Acyls,Fatty amides,NAE,mapped_by_repository_refmet_field,repository-provided; exact class-name lookup; not independently verified,MW /data refmet_name; RefMet classification cache exact-name match,False,No explicit stable-isotope suffix detected,Retain as biological candidate; preserve analysis identity
ST001521,diet,AN002536,Reversed phase NEGATIVE ION MODE,ME367934,ST001521|AN002536|ME367934,Pentadecylic acid,Pentadecylic acid,RM0153573,Fatty Acyls,Fatty acids,Saturated FA,mapped_by_repository_refmet_field,repository-provided; exact class-name lookup; not independently verified,MW /data refmet_name; RefMet classification cache exact-name match,False,No explicit stable-isotope suffix detected,Retain as biological candidate; preserve analysis identity
ST001521,diet,AN002536,Reversed phase NEGATIVE ION MODE,ME367999,ST001521|AN002536|ME367999,Phenyllactic acid,Phenyllactic acid,RM0012471,Organic acids,Phenylpropanoids,Cinnamic acids,mapped_by_repository_refmet_field,repository-provided; exact class-name lookup; not independently verified,MW /data refmet_name; RefMet classification cache exact-name match,False,No explicit stable-isotope suffix detected,Retain as biological candidate; preserve analysis identity
ST001521,diet,AN002536,Reversed phase NEGATIVE ION MODE,ME367957,ST001521|AN002536|ME367957,Phytanic acid,Phytanic acid,RM0060577,Prenol Lipids,Isoprenoids,C20 isoprenoids,mapped_by_repository_refmet_field,repository-provided; exact class-name lookup; not independently verified,MW /data refmet_name; RefMet classification cache exact-name match,False,No explicit stable-isotope suffix detected,Retain as biological candidate; preserve analysis identity
ST001521,diet,AN002536,Reversed phase NEGATIVE ION MODE,ME368001,ST001521|AN002536|ME368001,Pregnenolone sulfate,Pregnenolone sulfate,RM0138917,Sterol Lipids,Steroids,C21 Steroids,mapped_by_repository_refmet_field,repository-provided; exact class-name lookup; not independently verified,MW /data refmet_name; RefMet classification cache exact-name match,False,No explicit stable-isotope suffix detected,Retain as biological candidate; preserve analysis identity
ST001521,diet,AN002536,Reversed phase NEGATIVE ION MODE,ME368002,ST001521|AN002536|ME368002,Ribothymidine,Ribothymidine,RM0138932,Nucleic acids,Pyrimidines,Pyrimidine ribonucleosides,mapped_by_repository_refmet_field,repository-provided; exact class-name lookup; not independently verified,MW /data refmet_name; RefMet classification cache exact-name match,False,No explicit stable-isotope suffix detected,Retain as biological candidate; preserve analysis identity
ST001521,diet,AN002536,Reversed phase NEGATIVE ION MODE,ME367983,ST001521|AN002536|ME367983,Saccharin,Saccharin,RM0136623,Organoheterocyclic compounds,Benzothiazoles,Benzothiazoles,mapped_by_repository_refmet_field,repository-provided; exact class-name lookup; not independently verified,MW /data refmet_name; RefMet classification cache exact-name match,False,No explicit stable-isotope suffix detected,Retain as biological candidate; preserve analysis identity
ST001521,diet,AN002536,Reversed phase NEGATIVE ION MODE,ME367981,ST001521|AN002536|ME367981,Salicylic acid,Salicylic acid,RM0136132,Benzenoids,Benzoic acids,Hydroxybenzoic acids,mapped_by_repository_refmet_field,repository-provided; exact class-name lookup; not independently verified,MW /data refmet_name; RefMet classification cache exact-name match,False,No explicit stable-isotope suffix detected,Retain as biological candidate; preserve analysis identity
ST001521,diet,AN002536,Reversed phase NEGATIVE ION MODE,ME367985,ST001521|AN002536|ME367985,Salicyluric acid,Salicyluric acid,RM0136008,Benzenoids,Benzoic acids,Hydroxybenzoic acids,mapped_by_repository_refmet_field,repository-provided; exact class-name lookup; not independently verified,MW /data refmet_name; RefMet classification cache exact-name match,False,No explicit stable-isotope suffix detected,Retain as biological candidate; preserve analysis identity
ST001521,diet,AN002536,Reversed phase NEGATIVE ION MODE,ME367986,ST001521|AN002536|ME367986,Sebacic acid,Sebacic acid,RM0153047,Fatty Acyls,Fatty acids,Dicarboxylic acids,mapped_by_repository_refmet_field,repository-provided; exact class-name lookup; not independently verified,MW /data refmet_name; RefMet classification cache exact-name match,False,No explicit stable-isotope suffix detected,Retain as biological candidate; preserve analysis identity
ST001521,diet,AN002536,Reversed phase NEGATIVE ION MODE,ME367946,ST001521|AN002536|ME367946,Stearic acid,Stearic acid,RM0153574,Fatty Acyls,Fatty acids,Saturated FA,mapped_by_repository_refmet_field,repository-provided; exact class-name lookup; not independently verified,MW /data refmet_name; RefMet classification cache exact-name match,False,No explicit stable-isotope suffix detected,Retain as biological candidate; preserve analysis identity
ST001521,diet,AN002536,Reversed phase NEGATIVE ION MODE,ME367979,ST001521|AN002536|ME367979,Tauro-alpha-muricholic acid/Tauro-beta-muricholic acid,Tauromuricholic acid,RM0033822,Sterol Lipids,Bile acids,C24 bile acids,mapped_by_repository_refmet_field,repository-provided; exact class-name lookup; not independently verified,MW /data refmet_name; RefMet classification cache exact-name match,False,No explicit stable-isotope suffix detected,Retain as biological candidate; preserve analysis identity
ST001521,diet,AN002536,Reversed phase NEGATIVE ION MODE,ME367976,ST001521|AN002536|ME367976,Taurochenodeoxycholic acid,Taurochenodeoxycholic acid,RM0128369,Sterol Lipids,Bile acids,C24 bile acids,mapped_by_repository_refmet_field,repository-provided; exact class-name lookup; not independently verified,MW /data refmet_name; RefMet classification cache exact-name match,False,No explicit stable-isotope suffix detected,Retain as biological candidate; preserve analysis identity
ST001521,diet,AN002536,Reversed phase NEGATIVE ION MODE,ME367980,ST001521|AN002536|ME367980,Taurocholic acid,Taurocholic acid,RM0033602,Sterol Lipids,Bile acids,C24 bile acids,mapped_by_repository_refmet_field,repository-provided; exact class-name lookup; not independently verified,MW /data refmet_name; RefMet classification cache exact-name match,False,No explicit stable-isotope suffix detected,Retain as biological candidate; preserve analysis identity
ST001521,diet,AN002536,Reversed phase NEGATIVE ION MODE,ME367977,ST001521|AN002536|ME367977,Taurodeoxycholic acid,Taurodeoxycholic acid,RM0135855,Sterol Lipids,Bile acids,C24 bile acids,mapped_by_repository_refmet_field,repository-provided; exact class-name lookup; not independently verified,MW /data refmet_name; RefMet classification cache exact-name match,False,No explicit stable-isotope suffix detected,Retain as biological candidate; preserve analysis identity
ST001521,diet,AN002536,Reversed phase NEGATIVE ION MODE,ME367978,ST001521|AN002536|ME367978,Taurohyodeoxycholic acid/Tauroursodeoxycholic acid,Tauroursodeoxycholic acid,RM0135856,Sterol Lipids,Bile acids,C24 bile acids,mapped_by_repository_refmet_field,repository-provided; exact class-name lookup; not independently verified,MW /data refmet_name; RefMet classification cache exact-name match,False,No explicit stable-isotope suffix detected,Retain as biological candidate; preserve analysis identity
ST001521,diet,AN002536,Reversed phase NEGATIVE ION MODE,ME367975,ST001521|AN002536|ME367975,Taurolithocholic acid,Taurolithocholic acid,RM0011885,Sterol Lipids,Bile acids,C24 bile acids,mapped_by_repository_refmet_field,repository-provided; exact class-name lookup; not independently verified,MW /data refmet_name; RefMet classification cache exact-name match,False,No explicit stable-isotope suffix detected,Retain as biological candidate; preserve analysis identity
ST001521,diet,AN002536,Reversed phase NEGATIVE ION MODE,ME367938,ST001521|AN002536|ME367938,Tetradecanedioic acid,Tetradecanedioic acid,RM0153229,Fatty Acyls,Fatty acids,Dicarboxylic acids,mapped_by_repository_refmet_field,repository-provided; exact class-name lookup; not independently verified,MW /data refmet_name; RefMet classification cache exact-name match,False,No explicit stable-isotope suffix detected,Retain as biological candidate; preserve analysis identity
ST001521,diet,AN002536,Reversed phase NEGATIVE ION MODE,ME367982,ST001521|AN002536|ME367982,Theophylline,Theophylline,RM0136130,Nucleic acids,Purines,Xanthines,mapped_by_repository_refmet_field,repository-provided; exact class-name lookup; not independently verified,MW /data refmet_name; RefMet classification cache exact-name match,False,No explicit stable-isotope suffix detected,Retain as biological candidate; preserve analysis identity
ST001521,diet,AN002536,Reversed phase NEGATIVE ION MODE,ME367930,ST001521|AN002536|ME367930,Undecanedioic acid,Undecanedioic acid,RM0139029,Fatty Acyls,Fatty acids,Dicarboxylic acids,mapped_by_repository_refmet_field,repository-provided; exact class-name lookup; not independently verified,MW /data refmet_name; RefMet classification cache exact-name match,False,No explicit stable-isotope suffix detected,Retain as biological candidate; preserve analysis identity
ST001521,diet,AN002536,Reversed phase NEGATIVE ION MODE,ME367991,ST001521|AN002536|ME367991,alpha-CEHC,alpha-CEHC,RM0136108,Benzenoids,Benzopyrans,1-benzopyrans,mapped_by_repository_refmet_field,repository-provided; exact class-name lookup; not independently verified,MW /data refmet_name; RefMet classification cache exact-name match,False,No explicit stable-isotope suffix detected,Retain as biological candidate; preserve analysis identity
ST001521,diet,AN002536,Reversed phase NEGATIVE ION MODE,ME367943,ST001521|AN002536|ME367943,alpha-Linolenic acid,alpha-Linolenic acid,RM0152834,Fatty Acyls,Fatty acids,Unsaturated FA,mapped_by_repository_refmet_field,repository-provided; exact class-name lookup; not independently verified,MW /data refmet_name; RefMet classification cache exact-name match,False,No explicit stable-isotope suffix detected,Retain as biological candidate; preserve analysis identity
ST001521,diet,AN002536,Reversed phase NEGATIVE ION MODE,ME367968,ST001521|AN002536|ME367968,alpha-Muricholic acid,alpha-Muricholic acid,RM0128407,Sterol Lipids,Bile acids,C24 bile acids,mapped_by_repository_refmet_field,repository-provided; exact class-name lookup; not independently verified,MW /data refmet_name; RefMet classification cache exact-name match,False,No explicit stable-isotope suffix detected,Retain as biological candidate; preserve analysis identity
ST001521,diet,AN002536,Reversed phase NEGATIVE ION MODE,ME367961,ST001521|AN002536|ME367961,cis-Erucic acid,cis-Erucic acid,RM0153624,Fatty Acyls,Fatty acids,Unsaturated FA,mapped_by_repository_refmet_field,repository-provided; exact class-name lookup; not independently verified,MW /data refmet_name; RefMet classification cache exact-name match,False,No explicit stable-isotope suffix detected,Retain as biological candidate; preserve analysis identity
ST001521,diet,AN002536,Reversed phase NEGATIVE ION MODE,ME367942,ST001521|AN002536|ME367942,gamma-Linolenic acid,gamma-Linolenic acid,RM0139466,Fatty Acyls,Fatty acids,Unsaturated FA,mapped_by_repository_refmet_field,repository-provided; exact class-name lookup; not independently verified,MW /data refmet_name; RefMet classification cache exact-name match,False,No explicit stable-isotope suffix detected,Retain as biological candidate; preserve analysis identity
ST001521,diet,AN002536,Reversed phase NEGATIVE ION MODE,ME368000,ST001521|AN002536|ME368000,p-Hydroxyphenylacetic acid,4-Hydroxyphenylacetic acid,RM0009103,Organic acids,Phenylpropanoids,Cinnamic acids,mapped_by_repository_refmet_field,repository-provided; exact class-name lookup; not independently verified,MW /data refmet_name; RefMet classification cache exact-name match,False,No explicit stable-isotope suffix detected,Retain as biological candidate; preserve analysis identity
ST003348,exercise,AN005483,Reversed phase POSITIVE ION MODE,ME875412,ST003348|AN005483|ME875412,1-Methyladenosine,1-Methyladenosine,RM0156409,Nucleic acids,Purines,Purine ribonucleosides,mapped_by_repository_refmet_field,repository-provided; exact class-name lookup; not independently verified,MW /data refmet_name; RefMet classification cache exact-name match,False,No explicit stable-isotope suffix detected,Retain as biological candidate; preserve analysis identity
ST003348,exercise,AN005483,Reversed phase POSITIVE ION MODE,ME875426,ST003348|AN005483|ME875426,1-Methylguanosine,1-Methylguanosine,RM0030625,Nucleic acids,Purines,Purine ribonucleosides,mapped_by_repository_refmet_field,repository-provided; exact class-name lookup; not independently verified,MW /data refmet_name; RefMet classification cache exact-name match,False,No explicit stable-isotope suffix detected,Retain as biological candidate; preserve analysis identity
ST003348,exercise,AN005483,Reversed phase POSITIVE ION MODE,ME875561,ST003348|AN005483|ME875561,1-Methylhistidine,1-Methylhistidine,RM0162041,Organic acids,Amino acids and peptides,Amino acids,mapped_by_repository_refmet_field,repository-provided; exact class-name lookup; not independently verified,MW /data refmet_name; RefMet classification cache exact-name match,False,No explicit stable-isotope suffix detected,Retain as biological candidate; preserve analysis identity
ST003348,exercise,AN005483,Reversed phase POSITIVE ION MODE,ME875292,ST003348|AN005483|ME875292,1-Methylinosine,1-Methylinosine,RM0032910,Nucleic acids,Purines,Purine ribonucleosides,mapped_by_repository_refmet_field,repository-provided; exact class-name lookup; not independently verified,MW /data refmet_name; RefMet classification cache exact-name match,False,No explicit stable-isotope suffix detected,Retain as biological candidate; preserve analysis identity
ST003348,exercise,AN005483,Reversed phase POSITIVE ION MODE,ME875275,ST003348|AN005483|ME875275,1-Methylnicotinamide,1-Methyl nicotinamide,RM0030166,Alkaloids,Pyridine alkaloids,Nicotinic acid alkaloids,mapped_by_repository_refmet_field,repository-provided; exact class-name lookup; not independently verified,MW /data refmet_name; RefMet classification cache exact-name match,False,No explicit stable-isotope suffix detected,Retain as biological candidate; preserve analysis identity
ST003348,exercise,AN005483,Reversed phase POSITIVE ION MODE,ME875257,ST003348|AN005483|ME875257,1-Pyrroline-5-carboxylic acid,1-Pyrroline-5-carboxylic acid,RM0118021,Organoheterocyclic compounds,Pyrrolines,Pyrrolines,mapped_by_repository_refmet_field,repository-provided; exact class-name lookup; not independently verified,MW /data refmet_name; RefMet classification cache exact-name match,False,No explicit stable-isotope suffix detected,Retain as biological candidate; preserve analysis identity
ST003348,exercise,AN005483,Reversed phase POSITIVE ION MODE,ME875287,ST003348|AN005483|ME875287,2-Amino-5-methylhexanoic acid,,,Unclassified,Unclassified,Unclassified,unmapped_no_refmet_name,not mapped,MW /data refmet_name; no exact classification-cache match,False,No explicit stable-isotope suffix detected,Retain for within-study PCA; omit from RefMet overlap
ST003348,exercise,AN005483,Reversed phase POSITIVE ION MODE,ME875288,ST003348|AN005483|ME875288,2-Aminoheptanoic acid,2-Aminoheptanoic acid,RM0153207,Fatty Acyls,Fatty acids,Amino FA,mapped_by_repository_refmet_field,repository-provided; exact class-name lookup; not independently verified,MW /data refmet_name; RefMet classification cache exact-name match,False,No explicit stable-isotope suffix detected,Retain as biological candidate; preserve analysis identity
ST003348,exercise,AN005483,Reversed phase POSITIVE ION MODE,ME875278,ST003348|AN005483|ME875278,2-Aminonicotinic acid,2-Aminonicotinic acid,RM0037448,Alkaloids,Pyridine alkaloids,Nicotinic acid alkaloids,mapped_by_repository_refmet_field,repository-provided; exact class-name lookup; not independently verified,MW /data refmet_name; RefMet classification cache exact-name match,False,No explicit stable-isotope suffix detected,Retain as biological candidate; preserve analysis identity
ST003348,exercise,AN005483,Reversed phase POSITIVE ION MODE,ME875299,ST003348|AN005483|ME875299,2-Aminooctanoic acid,2-Aminocaprylic acid,RM0140624,Fatty Acyls,Fatty acids,Amino FA,mapped_by_repository_refmet_field,repository-provided; exact class-name lookup; not independently verified,MW /data refmet_name; RefMet classification cache exact-name match,False,No explicit stable-isotope suffix detected,Retain as biological candidate; preserve analysis identity
ST003348,exercise,AN005483,Reversed phase POSITIVE ION MODE,ME875256,ST003348|AN005483|ME875256,2-Chlorophenylalanine,,,Unclassified,Unclassified,Unclassified,unmapped_no_refmet_name,not mapped,MW /data refmet_name; no exact classification-cache match,False,No explicit stable-isotope suffix detected,Retain for within-study PCA; omit from RefMet overlap
ST003348,exercise,AN005483,Reversed phase POSITIVE ION MODE,ME875427,ST003348|AN005483|ME875427,2-Methylguanosine,2-Methylguanosine,RM0156402,Nucleic acids,Purines,Purine ribonucleosides,mapped_by_repository_refmet_field,repository-provided; exact class-name lookup; not independently verified,MW /data refmet_name; RefMet classification cache exact-name match,False,No explicit stable-isotope suffix detected,Retain as biological candidate; preserve analysis identity
ST003348,exercise,AN005483,Reversed phase POSITIVE ION MODE,ME875311,ST003348|AN005483|ME875311,2-Oxoarginine,2-Oxoarginine,RM0042323,Organic acids,Keto acids,Short-chain keto acids,mapped_by_repository_refmet_field,repository-provided; exact class-name lookup; not independently verified,MW /data refmet_name; RefMet classification cache exact-name match,False,No explicit stable-isotope suffix detected,Retain as biological candidate; preserve analysis identity
ST003348,exercise,AN005483,Reversed phase POSITIVE ION MODE,ME875252,ST003348|AN005483|ME875252,2-Piperidinone,2-Piperidinone,RM0016041,Organoheterocyclic compounds,Piperidines,Piperidinones,mapped_by_repository_refmet_field,repository-provided; exact class-name lookup; not independently verified,MW /data refmet_name; RefMet classification cache exact-name match,False,No explicit stable-isotope suffix detected,Retain as biological candidate; preserve analysis identity
ST003348,exercise,AN005483,Reversed phase POSITIVE ION MODE,ME875461,ST003348|AN005483|ME875461,25-Hydroxyvitamin D3,25-Hydroxyvitamin D3,RM0135793,Sterol Lipids,Secosterols,Vitamin D3,mapped_by_repository_refmet_field,repository-provided; exact class-name lookup; not independently verified,MW /data refmet_name; RefMet classification cache exact-name match,False,No explicit stable-isotope suffix detected,Retain as biological candidate; preserve analysis identity
ST003348,exercise,AN005483,Reversed phase POSITIVE ION MODE,ME875258,ST003348|AN005483|ME875258,3-Amino-2-piperidone,3-Amino-2-piperidone,RM0135942,Organoheterocyclic compounds,Piperidines,Piperidinones,mapped_by_repository_refmet_field,repository-provided; exact class-name lookup; not independently verified,MW /data refmet_name; RefMet classification cache exact-name match,False,No explicit stable-isotope suffix detected,Retain as biological candidate; preserve analysis identity
ST003348,exercise,AN005483,Reversed phase POSITIVE ION MODE,ME875272,ST003348|AN005483|ME875272,3-Carboxy-4-methyl-5-propyl-2-furanpropionic acid(CMPF),,,Unclassified,Unclassified,Unclassified,unmapped_no_refmet_name,not mapped,MW /data refmet_name; no exact classification-cache match,False,No explicit stable-isotope suffix detected,Retain for within-study PCA; omit from RefMet overlap
ST003348,exercise,AN005483,Reversed phase POSITIVE ION MODE,ME875345,ST003348|AN005483|ME875345,"3-Hydroxy-N6,N6,N6-trimethyl-L-lysine","3-Hydroxy-N6,N6,N6-trimethyl-lysine",RM0136098,Organic acids,Amino acids and peptides,Amino acids,mapped_by_repository_refmet_field,repository-provided; exact class-name lookup; not independently verified,MW /data refmet_name; RefMet classification cache exact-name match,False,No explicit stable-isotope suffix detected,Retain as biological candidate; preserve analysis identity
ST003348,exercise,AN005483,Reversed phase POSITIVE ION MODE,ME875350,ST003348|AN005483|ME875350,3-Methoxytyrosine,3-O-Methyl-DOPA,RM0205095,Organic acids,Amino acids and peptides,Amino acids,mapped_by_repository_refmet_field,repository-provided; exact class-name lookup; not independently verified,MW /data refmet_name; RefMet classification cache exact-name match,False,No explicit stable-isotope suffix detected,Retain as biological candidate; preserve analysis identity
ST003348,exercise,AN005483,Reversed phase POSITIVE ION MODE,ME875284,ST003348|AN005483|ME875284,4-Acetamidobutanoic acid,4-Acetamidobutanoic acid,RM0042346,Organic acids,Amino acids and peptides,Amino acids,mapped_by_repository_refmet_field,repository-provided; exact class-name lookup; not independently verified,MW /data refmet_name; RefMet classification cache exact-name match,False,No explicit stable-isotope suffix detected,Retain as biological candidate; preserve analysis identity
ST003348,exercise,AN005483,Reversed phase POSITIVE ION MODE,ME875341,ST003348|AN005483|ME875341,4-Aminoantipyrine,4-Aminoantipyrine,RM0204232,Alkaloids,Anthranilic acid alkaloids,Quinoline alkaloids,mapped_by_repository_refmet_field,repository-provided; exact class-name lookup; not independently verified,MW /data refmet_name; RefMet classification cache exact-name match,False,No explicit stable-isotope suffix detected,Retain as biological candidate; preserve analysis identity
ST003348,exercise,AN005483,Reversed phase POSITIVE ION MODE,ME875367,ST003348|AN005483|ME875367,4-Formylaminoantipyrine,,,Unclassified,Unclassified,Unclassified,unmapped_no_refmet_name,not mapped,MW /data refmet_name; no exact classification-cache match,False,No explicit stable-isotope suffix detected,Retain for within-study PCA; omit from RefMet overlap
ST003348,exercise,AN005483,Reversed phase POSITIVE ION MODE,ME875560,ST003348|AN005483|ME875560,4-Pyridoxic acid,4-Pyridoxic acid,RM0030084,Alkaloids,Pyridine alkaloids,Nicotinic acid alkaloids,mapped_by_repository_refmet_field,repository-provided; exact class-name lookup; not independently verified,MW /data refmet_name; RefMet classification cache exact-name match,False,No explicit stable-isotope suffix detected,Retain as biological candidate; preserve analysis identity
ST003348,exercise,AN005483,Reversed phase POSITIVE ION MODE,ME875286,ST003348|AN005483|ME875286,4-Trimethylammoniobutanoic acid,3-Dehydroxycarnitine,RM0136342,Fatty Acyls,Fatty esters,Acyl carnitines,mapped_by_repository_refmet_field,repository-provided; exact class-name lookup; not independently verified,MW /data refmet_name; RefMet classification cache exact-name match,False,No explicit stable-isotope suffix detected,Retain as biological candidate; preserve analysis identity
ST003348,exercise,AN005483,Reversed phase POSITIVE ION MODE,ME875425,ST003348|AN005483|ME875425,5'-Methylthioadenosine,5'-Methylthioadenosine,RM0136067,Nucleic acids,Purines,Purine ribonucleosides,mapped_by_repository_refmet_field,repository-provided; exact class-name lookup; not independently verified,MW /data refmet_name; RefMet classification cache exact-name match,False,No explicit stable-isotope suffix detected,Retain as biological candidate; preserve analysis identity
ST003348,exercise,AN005483,Reversed phase POSITIVE ION MODE,ME875334,ST003348|AN005483|ME875334,5-Hydroxyindoleacetic acid,5-Hydroxyindoleacetic acid,RM0135989,Alkaloids,Tryptophan alkaloids,Indoleacetic acids,mapped_by_repository_refmet_field,repository-provided; exact class-name lookup; not independently verified,MW /data refmet_name; RefMet classification cache exact-name match,False,No explicit stable-isotope suffix detected,Retain as biological candidate; preserve analysis identity
ST003348,exercise,AN005483,Reversed phase POSITIVE ION MODE,ME875371,ST003348|AN005483|ME875371,"7,8-Dihydrobiopterin","7,8-Dihydrobiopterin",RM0118349,Organoheterocyclic compounds,Pterins,Biopterins,mapped_by_repository_refmet_field,repository-provided; exact class-name lookup; not independently verified,MW /data refmet_name; RefMet classification cache exact-name match,False,No explicit stable-isotope suffix detected,Retain as biological candidate; preserve analysis identity
ST003348,exercise,AN005483,Reversed phase POSITIVE ION MODE,ME875304,ST003348|AN005483|ME875304,7-Methylguanine,7-Methylguanine,RM0156417,Nucleic acids,Purines,Hypoxanthines,mapped_by_repository_refmet_field,repository-provided; exact class-name lookup; not independently verified,MW /data refmet_name; RefMet classification cache exact-name match,False,No explicit stable-isotope suffix detected,Retain as biological candidate; preserve analysis identity
ST003348,exercise,AN005483,Reversed phase POSITIVE ION MODE,ME875339,ST003348|AN005483|ME875339,ADMA+SDMA,Dimethylarginine,RM0131870,Organic acids,Amino acids and peptides,Amino acids,mapped_by_repository_refmet_field,repository-provided; exact class-name lookup; not independently verified,MW /data refmet_name; RefMet classification cache exact-name match,False,No explicit stable-isotope suffix detected,Retain as biological candidate; preserve analysis identity
ST003348,exercise,AN005483,Reversed phase POSITIVE ION MODE,ME875452,ST003348|AN005483|ME875452,AcCa(12:0)-D9,CAR 12:0,RM0154012,Fatty Acyls,Fatty esters,Acyl carnitines,excluded_isotope_labeled_or_internal_standard,repository-provided; exact class-name lookup; not independently verified,MW /data refmet_name; RefMet classification cache exact-name match,True,Explicit stable-isotope suffix in source-reported name,Exclude row from biological analyses
ST003348,exercise,AN005483,Reversed phase POSITIVE ION MODE,ME875470,ST003348|AN005483|ME875470,AcCa(18:0)-D3,CAR 18:0,RM0153850,Fatty Acyls,Fatty esters,Acyl carnitines,excluded_isotope_labeled_or_internal_standard,repository-provided; exact class-name lookup; not independently verified,MW /data refmet_name; RefMet classification cache exact-name match,True,Explicit stable-isotope suffix in source-reported name,Exclude row from biological analyses
ST003348,exercise,AN005483,Reversed phase POSITIVE ION MODE,ME875399,ST003348|AN005483|ME875399,Adenosine,Adenosine,RM0135870,Nucleic acids,Purines,Purine ribonucleosides,mapped_by_repository_refmet_field,repository-provided; exact class-name lookup; not independently verified,MW /data refmet_name; RefMet classification cache exact-name match,False,No explicit stable-isotope suffix detected,Retain as biological candidate; preserve analysis identity
ST003348,exercise,AN005483,Reversed phase POSITIVE ION MODE,ME875420,ST003348|AN005483|ME875420,Adipoylcarnitine(AcCa(6:0-DC),CAR DC6:0,RM0154030,Fatty Acyls,Fatty esters,Acyl carnitines,mapped_by_repository_refmet_field,repository-provided; exact class-name lookup; not independently verified,MW /data refmet_name; RefMet classification cache exact-name match,False,No explicit stable-isotope suffix detected,Retain as biological candidate; preserve analysis identity
ST003348,exercise,AN005483,Reversed phase POSITIVE ION MODE,ME875552,ST003348|AN005483|ME875552,Alanine+Sarcosine,Alanine,RM0135898,Organic acids,Amino acids and peptides,Amino acids,mapped_by_repository_refmet_field,repository-provided; exact class-name lookup; not independently verified,MW /data refmet_name; RefMet classification cache exact-name match,False,No explicit stable-isotope suffix detected,Retain as biological candidate; preserve analysis identity
ST003348,exercise,AN005483,Reversed phase POSITIVE ION MODE,ME875326,ST003348|AN005483|ME875326,Antipyrine,Antipyrine,RM0200158,Organoheterocyclic compounds,Azoles,Pyrazoles,mapped_by_repository_refmet_field,repository-provided; exact class-name lookup; not independently verified,MW /data refmet_name; RefMet classification cache exact-name match,False,No explicit stable-isotope suffix detected,Retain as biological candidate; preserve analysis identity
ST003348,exercise,AN005483,Reversed phase POSITIVE ION MODE,ME875477,ST003348|AN005483|ME875477,Arachidylcarnitine(AcCa(20:0),CAR 20:0,RM0154165,Fatty Acyls,Fatty esters,Acyl carnitines,mapped_by_repository_refmet_field,repository-provided; exact class-name lookup; not independently verified,MW /data refmet_name; RefMet classification cache exact-name match,False,No explicit stable-isotope suffix detected,Retain as biological candidate; preserve analysis identity
ST003348,exercise,AN005483,Reversed phase POSITIVE ION MODE,ME875382,ST003348|AN005483|ME875382,Asp-Ile,Asp-Ile,RM0129796,Organic acids,Amino acids and peptides,Dipeptides,mapped_by_repository_refmet_field,repository-provided; exact class-name lookup; not independently verified,MW /data refmet_name; RefMet classification cache exact-name match,False,No explicit stable-isotope suffix detected,Retain as biological candidate; preserve analysis identity
ST003348,exercise,AN005483,Reversed phase POSITIVE ION MODE,ME875383,ST003348|AN005483|ME875383,Asp-Leu,Asp-Leu,RM0001725,Organic acids,Amino acids and peptides,Dipeptides,mapped_by_repository_refmet_field,repository-provided; exact class-name lookup; not independently verified,MW /data refmet_name; RefMet classification cache exact-name match,False,No explicit stable-isotope suffix detected,Retain as biological candidate; preserve analysis identity
ST003348,exercise,AN005483,Reversed phase POSITIVE ION MODE,ME875411,ST003348|AN005483|ME875411,Asp-Phe,Asp-Phe,RM0137512,Organic acids,Amino acids and peptides,Dipeptides,mapped_by_repository_refmet_field,repository-provided; exact class-name lookup; not independently verified,MW /data refmet_name; RefMet classification cache exact-name match,False,No explicit stable-isotope suffix detected,Retain as biological candidate; preserve analysis identity
ST003348,exercise,AN005483,Reversed phase POSITIVE ION MODE,ME875259,ST003348|AN005483|ME875259,Betaine,Betaine,RM0135869,Organic acids,Amino acids and peptides,Amino acids,mapped_by_repository_refmet_field,repository-provided; exact class-name lookup; not independently verified,MW /data refmet_name; RefMet classification cache exact-name match,False,No explicit stable-isotope suffix detected,Retain as biological candidate; preserve analysis identity
ST003348,exercise,AN005483,Reversed phase POSITIVE ION MODE,ME875558,ST003348|AN005483|ME875558,Bilirubin,Bilirubin,RM0135872,Organoheterocyclic compounds,Bilirubins,Bilirubins,mapped_by_repository_refmet_field,repository-provided; exact class-name lookup; not independently verified,MW /data refmet_name; RefMet classification cache exact-name match,False,No explicit stable-isotope suffix detected,Retain as biological candidate; preserve analysis identity
ST003348,exercise,AN005483,Reversed phase POSITIVE ION MODE,ME875533,ST003348|AN005483|ME875533,Biliverdin,Biliverdin,RM0136810,Organoheterocyclic compounds,Bilirubins,Bilirubins,mapped_by_repository_refmet_field,repository-provided; exact class-name lookup; not independently verified,MW /data refmet_name; RefMet classification cache exact-name match,False,No explicit stable-isotope suffix detected,Retain as biological candidate; preserve analysis identity
ST003348,exercise,AN005483,Reversed phase POSITIVE ION MODE,ME875568,ST003348|AN005483|ME875568,Biliverdin isomer1,Biliverdin,RM0136810,Organoheterocyclic compounds,Bilirubins,Bilirubins,mapped_by_repository_refmet_field,repository-provided; exact class-name lookup; not independently verified,MW /data refmet_name; RefMet classification cache exact-name match,False,No explicit stable-isotope suffix detected,Retain as biological candidate; preserve analysis identity
ST003348,exercise,AN005483,Reversed phase POSITIVE ION MODE,ME875569,ST003348|AN005483|ME875569,Biliverdin isomer2,Biliverdin,RM0136810,Organoheterocyclic compounds,Bilirubins,Bilirubins,mapped_by_repository_refmet_field,repository-provided; exact class-name lookup; not independently verified,MW /data refmet_name; RefMet classification cache exact-name match,False,No explicit stable-isotope suffix detected,Retain as biological candidate; preserve analysis identity
ST003348,exercise,AN005483,Reversed phase POSITIVE ION MODE,ME875570,ST003348|AN005483|ME875570,Biliverdin isomer3,Biliverdin,RM0136810,Organoheterocyclic compounds,Bilirubins,Bilirubins,mapped_by_repository_refmet_field,repository-provided; exact class-name lookup; not independently verified,MW /data refmet_name; RefMet classification cache exact-name match,False,No explicit stable-isotope suffix detected,Retain as biological candidate; preserve analysis identity
ST003348,exercise,AN005483,Reversed phase POSITIVE ION MODE,ME875375,ST003348|AN005483|ME875375,Biotin,Biotin,RM0028735,Organoheterocyclic compounds,Biotins,Biotins,mapped_by_repository_refmet_field,repository-provided; exact class-name lookup; not independently verified,MW /data refmet_name; RefMet classification cache exact-name match,False,No explicit stable-isotope suffix detected,Retain as biological candidate; preserve analysis identity
ST003348,exercise,AN005483,Reversed phase POSITIVE ION MODE,ME875363,ST003348|AN005483|ME875363,Butenylcarnitine(AcCa(4:1),CAR 4:1,RM0154020,Fatty Acyls,Fatty esters,Acyl carnitines,mapped_by_repository_refmet_field,repository-provided; exact class-name lookup; not independently verified,MW /data refmet_name; RefMet classification cache exact-name match,False,No explicit stable-isotope suffix detected,Retain as biological candidate; preserve analysis identity
ST003348,exercise,AN005483,Reversed phase POSITIVE ION MODE,ME875369,ST003348|AN005483|ME875369,Butyrylcarnitine(AcCa(4:0),CAR 4:0,RM0153847,Fatty Acyls,Fatty esters,Acyl carnitines,mapped_by_repository_refmet_field,repository-provided; exact class-name lookup; not independently verified,MW /data refmet_name; RefMet classification cache exact-name match,False,No explicit stable-isotope suffix detected,Retain as biological candidate; preserve analysis identity
ST003348,exercise,AN005483,Reversed phase POSITIVE ION MODE,ME875337,ST003348|AN005483|ME875337,Caffeine,Caffeine,RM0032992,Nucleic acids,Purines,Xanthines,mapped_by_repository_refmet_field,repository-provided; exact class-name lookup; not independently verified,MW /data refmet_name; RefMet classification cache exact-name match,False,No explicit stable-isotope suffix detected,Retain as biological candidate; preserve analysis identity
ST003348,exercise,AN005483,Reversed phase POSITIVE ION MODE,ME875254,ST003348|AN005483|ME875254,Choline,Choline,RM0028739,Organic nitrogen compounds,Cholines,Cholines,mapped_by_repository_refmet_field,repository-provided; exact class-name lookup; not independently verified,MW /data refmet_name; RefMet classification cache exact-name match,False,No explicit stable-isotope suffix detected,Retain as biological candidate; preserve analysis identity
ST003348,exercise,AN005483,Reversed phase POSITIVE ION MODE,ME875333,ST003348|AN005483|ME875333,Citrulline,Citrulline,RM0136022,Organic acids,Amino acids and peptides,Amino acids,mapped_by_repository_refmet_field,repository-provided; exact class-name lookup; not independently verified,MW /data refmet_name; RefMet classification cache exact-name match,False,No explicit stable-isotope suffix detected,Retain as biological candidate; preserve analysis identity
ST003348,exercise,AN005483,Reversed phase POSITIVE ION MODE,ME875416,ST003348|AN005483|ME875416,Clenbuterol-D9,,,Unclassified,Unclassified,Unclassified,excluded_isotope_labeled_or_internal_standard,not mapped,MW /data refmet_name; no exact classification-cache match,True,Explicit stable-isotope suffix in source-reported name,Exclude row from biological analyses
ST003348,exercise,AN005483,Reversed phase POSITIVE ION MODE,ME875454,ST003348|AN005483|ME875454,Cortisol,Cortisol,RM0135767,Sterol Lipids,Steroids,C21 Steroids,mapped_by_repository_refmet_field,repository-provided; exact class-name lookup; not independently verified,MW /data refmet_name; RefMet classification cache exact-name match,False,No explicit stable-isotope suffix detected,Retain as biological candidate; preserve analysis identity
ST003348,exercise,AN005483,Reversed phase POSITIVE ION MODE,ME875317,ST003348|AN005483|ME875317,Cotinine,Cotinine,RM0040469,Alkaloids,Pyridine alkaloids,Nicotinic acid alkaloids,mapped_by_repository_refmet_field,repository-provided; exact class-name lookup; not independently verified,MW /data refmet_name; RefMet classification cache exact-name match,False,No explicit stable-isotope suffix detected,Retain as biological candidate; preserve analysis identity
ST003348,exercise,AN005483,Reversed phase POSITIVE ION MODE,ME875269,ST003348|AN005483|ME875269,Creatine,Creatine,RM0135876,Organic acids,Amino acids and peptides,Amino acids,mapped_by_repository_refmet_field,repository-provided; exact class-name lookup; not independently verified,MW /data refmet_name; RefMet classification cache exact-name match,False,No explicit stable-isotope suffix detected,Retain as biological candidate; preserve analysis identity
ST003348,exercise,AN005483,Reversed phase POSITIVE ION MODE,ME875422,ST003348|AN005483|ME875422,Creatinine,Creatinine,RM0028430,Organoheterocyclic compounds,Azoles,Imidazolines,mapped_by_repository_refmet_field,repository-provided; exact class-name lookup; not independently verified,MW /data refmet_name; RefMet classification cache exact-name match,False,No explicit stable-isotope suffix detected,Retain as biological candidate; preserve analysis identity
ST003348,exercise,AN005483,Reversed phase POSITIVE ION MODE,ME875403,ST003348|AN005483|ME875403,Cyclandelate,Cyclandelate,RM0033104,Benzenoids,Phenylacetic acids,Phenylacetic acids,mapped_by_repository_refmet_field,repository-provided; exact class-name lookup; not independently verified,MW /data refmet_name; RefMet classification cache exact-name match,False,No explicit stable-isotope suffix detected,Retain as biological candidate; preserve analysis identity
ST003348,exercise,AN005483,Reversed phase POSITIVE ION MODE,ME875255,ST003348|AN005483|ME875255,Cytosine,Cytosine,RM0050550,Nucleic acids,Pyrimidines,Pyrimidones,mapped_by_repository_refmet_field,repository-provided; exact class-name lookup; not independently verified,MW /data refmet_name; RefMet classification cache exact-name match,False,No explicit stable-isotope suffix detected,Retain as biological candidate; preserve analysis identity
ST003348,exercise,AN005483,Reversed phase POSITIVE ION MODE,ME875483,ST003348|AN005483|ME875483,Decaethylene Glycol(PEG-10),Decaethylene glycol,RM0005502,Organic oxygen compounds,Ethers,Polyethylene glycols,mapped_by_repository_refmet_field,repository-provided; exact class-name lookup; not independently verified,MW /data refmet_name; RefMet classification cache exact-name match,False,No explicit stable-isotope suffix detected,Retain as biological candidate; preserve analysis identity
ST003348,exercise,AN005483,Reversed phase POSITIVE ION MODE,ME875439,ST003348|AN005483|ME875439,Decanoylcarnitine(AcCa(10:0),CAR 10:0,RM0153849,Fatty Acyls,Fatty esters,Acyl carnitines,mapped_by_repository_refmet_field,repository-provided; exact class-name lookup; not independently verified,MW /data refmet_name; RefMet classification cache exact-name match,False,No explicit stable-isotope suffix detected,Retain as biological candidate; preserve analysis identity
ST003348,exercise,AN005483,Reversed phase POSITIVE ION MODE,ME875438,ST003348|AN005483|ME875438,Decenoylcarnitine(AcCa(10:1),CAR 10:1,RM0154082,Fatty Acyls,Fatty esters,Acyl carnitines,mapped_by_repository_refmet_field,repository-provided; exact class-name lookup; not independently verified,MW /data refmet_name; RefMet classification cache exact-name match,False,No explicit stable-isotope suffix detected,Retain as biological candidate; preserve analysis identity
ST003348,exercise,AN005483,Reversed phase POSITIVE ION MODE,ME875564,ST003348|AN005483|ME875564,Decenoylcarnitine(AcCa(10:1) 1,CAR 10:1,RM0154082,Fatty Acyls,Fatty esters,Acyl carnitines,mapped_by_repository_refmet_field,repository-provided; exact class-name lookup; not independently verified,MW /data refmet_name; RefMet classification cache exact-name match,False,No explicit stable-isotope suffix detected,Retain as biological candidate; preserve analysis identity
ST003348,exercise,AN005483,Reversed phase POSITIVE ION MODE,ME875565,ST003348|AN005483|ME875565,Decenoylcarnitine(AcCa(10:1) 2,CAR 10:1,RM0154082,Fatty Acyls,Fatty esters,Acyl carnitines,mapped_by_repository_refmet_field,repository-provided; exact class-name lookup; not independently verified,MW /data refmet_name; RefMet classification cache exact-name match,False,No explicit stable-isotope suffix detected,Retain as biological candidate; preserve analysis identity
ST003348,exercise,AN005483,Reversed phase POSITIVE ION MODE,ME875566,ST003348|AN005483|ME875566,Decenoylcarnitine(AcCa(10:1) 3,CAR 10:1,RM0154082,Fatty Acyls,Fatty esters,Acyl carnitines,mapped_by_repository_refmet_field,repository-provided; exact class-name lookup; not independently verified,MW /data refmet_name; RefMet classification cache exact-name match,False,No explicit stable-isotope suffix detected,Retain as biological candidate; preserve analysis identity
ST003348,exercise,AN005483,Reversed phase POSITIVE ION MODE,ME875265,ST003348|AN005483|ME875265,Dihydrothymine,Dihydrothymine,RM0135880,Organoheterocyclic compounds,Cyclic ureas,Ureides,mapped_by_repository_refmet_field,repository-provided; exact class-name lookup; not independently verified,MW /data refmet_name; RefMet classification cache exact-name match,False,No explicit stable-isotope suffix detected,Retain as biological candidate; preserve analysis identity
ST003348,exercise,AN005483,Reversed phase POSITIVE ION MODE,ME875528,ST003348|AN005483|ME875528,Dodecaethylene glycol(PEG-12),,,Unclassified,Unclassified,Unclassified,unmapped_no_refmet_name,not mapped,MW /data refmet_name; no exact classification-cache match,False,No explicit stable-isotope suffix detected,Retain for within-study PCA; omit from RefMet overlap
ST003348,exercise,AN005483,Reversed phase POSITIVE ION MODE,ME875450,ST003348|AN005483|ME875450,Dodecanoylcarnitine(AcCa(12:0),CAR 12:0,RM0154012,Fatty Acyls,Fatty esters,Acyl carnitines,mapped_by_repository_refmet_field,repository-provided; exact class-name lookup; not independently verified,MW /data refmet_name; RefMet classification cache exact-name match,False,No explicit stable-isotope suffix detected,Retain as biological candidate; preserve analysis identity
ST003348,exercise,AN005483,Reversed phase POSITIVE ION MODE,ME875447,ST003348|AN005483|ME875447,Dodecenoylcarnitine(AcCa(12:1),CAR 12:1,RM0154155,Fatty Acyls,Fatty esters,Acyl carnitines,mapped_by_repository_refmet_field,repository-provided; exact class-name lookup; not independently verified,MW /data refmet_name; RefMet classification cache exact-name match,False,No explicit stable-isotope suffix detected,Retain as biological candidate; preserve analysis identity
ST003348,exercise,AN005483,Reversed phase POSITIVE ION MODE,ME875293,ST003348|AN005483|ME875293,Dopamine quinone,Dopamine quinone,RM0136377,Organic oxygen compounds,Carbonyl compounds,Other carbonyl compounds,mapped_by_repository_refmet_field,repository-provided; exact class-name lookup; not independently verified,MW /data refmet_name; RefMet classification cache exact-name match,False,No explicit stable-isotope suffix detected,Retain as biological candidate; preserve analysis identity
ST003348,exercise,AN005483,Reversed phase POSITIVE ION MODE,ME875476,ST003348|AN005483|ME875476,Eicoseneoylcarnitine(AcCa(20:1),CAR 20:1,RM0154154,Fatty Acyls,Fatty esters,Acyl carnitines,mapped_by_repository_refmet_field,repository-provided; exact class-name lookup; not independently verified,MW /data refmet_name; RefMet classification cache exact-name match,False,No explicit stable-isotope suffix detected,Retain as biological candidate; preserve analysis identity
ST003348,exercise,AN005483,Reversed phase POSITIVE ION MODE,ME875310,ST003348|AN005483|ME875310,Gabapentin,Gabapentin,RM0128506,Organic acids,Amino acids and peptides,Amino acids,mapped_by_repository_refmet_field,repository-provided; exact class-name lookup; not independently verified,MW /data refmet_name; RefMet classification cache exact-name match,False,No explicit stable-isotope suffix detected,Retain as biological candidate; preserve analysis identity
ST003348,exercise,AN005483,Reversed phase POSITIVE ION MODE,ME875267,ST003348|AN005483|ME875267,Glp-Gly,Pyroglutamylglycine,RM0188061,Organic acids,Amino acids and peptides,Dipeptides,mapped_by_repository_refmet_field,repository-provided; exact class-name lookup; not independently verified,MW /data refmet_name; RefMet classification cache exact-name match,False,No explicit stable-isotope suffix detected,Retain as biological candidate; preserve analysis identity
ST003348,exercise,AN005483,Reversed phase POSITIVE ION MODE,ME875394,ST003348|AN005483|ME875394,Glu-Leu,Glu-Leu,RM0137520,Organic acids,Amino acids and peptides,Dipeptides,mapped_by_repository_refmet_field,repository-provided; exact class-name lookup; not independently verified,MW /data refmet_name; RefMet classification cache exact-name match,False,No explicit stable-isotope suffix detected,Retain as biological candidate; preserve analysis identity
ST003348,exercise,AN005483,Reversed phase POSITIVE ION MODE,ME875424,ST003348|AN005483|ME875424,Glu-Phe,Glu-Phe,RM0129813,Organic acids,Amino acids and peptides,Dipeptides,mapped_by_repository_refmet_field,repository-provided; exact class-name lookup; not independently verified,MW /data refmet_name; RefMet classification cache exact-name match,False,No explicit stable-isotope suffix detected,Retain as biological candidate; preserve analysis identity
ST003348,exercise,AN005483,Reversed phase POSITIVE ION MODE,ME875402,ST003348|AN005483|ME875402,Glutarylcarnitine(AcCa(5:0-DC),CAR DC5:0,RM0153962,Fatty Acyls,Fatty esters,Acyl carnitines,mapped_by_repository_refmet_field,repository-provided; exact class-name lookup; not independently verified,MW /data refmet_name; RefMet classification cache exact-name match,False,No explicit stable-isotope suffix detected,Retain as biological candidate; preserve analysis identity
ST003348,exercise,AN005483,Reversed phase POSITIVE ION MODE,ME875343,ST003348|AN005483|ME875343,Gly-Glu,Gly-Glu,RM0130267,Organic acids,Amino acids and peptides,Dipeptides,mapped_by_repository_refmet_field,repository-provided; exact class-name lookup; not independently verified,MW /data refmet_name; RefMet classification cache exact-name match,False,No explicit stable-isotope suffix detected,Retain as biological candidate; preserve analysis identity
ST003348,exercise,AN005483,Reversed phase POSITIVE ION MODE,ME875330,ST003348|AN005483|ME875330,Gly-Leu,Gly-Leu,RM0129881,Organic acids,Amino acids and peptides,Dipeptides,mapped_by_repository_refmet_field,repository-provided; exact class-name lookup; not independently verified,MW /data refmet_name; RefMet classification cache exact-name match,False,No explicit stable-isotope suffix detected,Retain as biological candidate; preserve analysis identity
ST003348,exercise,AN005483,Reversed phase POSITIVE ION MODE,ME875356,ST003348|AN005483|ME875356,Gly-Phe,Gly-Phe,RM0130444,Organic acids,Amino acids and peptides,Dipeptides,mapped_by_repository_refmet_field,repository-provided; exact class-name lookup; not independently verified,MW /data refmet_name; RefMet classification cache exact-name match,False,No explicit stable-isotope suffix detected,Retain as biological candidate; preserve analysis identity
ST003348,exercise,AN005483,Reversed phase POSITIVE ION MODE,ME875390,ST003348|AN005483|ME875390,Glycerophosphocholine,sn-Glycero-3-phosphocholine,RM0110472,Organic acids,Organic phosphoric acids,Organic phosphoric acids,mapped_by_repository_refmet_field,repository-provided; exact class-name lookup; not independently verified,MW /data refmet_name; RefMet classification cache exact-name match,False,No explicit stable-isotope suffix detected,Retain as biological candidate; preserve analysis identity
ST003348,exercise,AN005483,Reversed phase POSITIVE ION MODE,ME875567,ST003348|AN005483|ME875567,Glycerylphosphorylethanolamine,sn-Glycero-3-phosphoethanolamine,RM0157553,Organic acids,Organic phosphoric acids,Organic phosphoric acids,mapped_by_repository_refmet_field,repository-provided; exact class-name lookup; not independently verified,MW /data refmet_name; RefMet classification cache exact-name match,False,No explicit stable-isotope suffix detected,Retain as biological candidate; preserve analysis identity
ST003348,exercise,AN005483,Reversed phase POSITIVE ION MODE,ME875536,ST003348|AN005483|ME875536,Hematoporphyrin,Hematoporphyrin,RM0118321,Organoheterocyclic compounds,Porphyrins,Porphyrins,mapped_by_repository_refmet_field,repository-provided; exact class-name lookup; not independently verified,MW /data refmet_name; RefMet classification cache exact-name match,False,No explicit stable-isotope suffix detected,Retain as biological candidate; preserve analysis identity
ST003348,exercise,AN005483,Reversed phase POSITIVE ION MODE,ME875449,ST003348|AN005483|ME875449,Heptaethylene Glycol(PEG-7),Heptaethylene glycol,RM0137069,Organic oxygen compounds,Ethers,Polyethylene glycols,mapped_by_repository_refmet_field,repository-provided; exact class-name lookup; not independently verified,MW /data refmet_name; RefMet classification cache exact-name match,False,No explicit stable-isotope suffix detected,Retain as biological candidate; preserve analysis identity
ST003348,exercise,AN005483,Reversed phase POSITIVE ION MODE,ME875463,ST003348|AN005483|ME875463,Hexadecadienoylcarnitine(AcCa(16:2),CAR 16:2,RM0154197,Fatty Acyls,Fatty esters,Acyl carnitines,mapped_by_repository_refmet_field,repository-provided; exact class-name lookup; not independently verified,MW /data refmet_name; RefMet classification cache exact-name match,False,No explicit stable-isotope suffix detected,Retain as biological candidate; preserve analysis identity
ST003348,exercise,AN005483,Reversed phase POSITIVE ION MODE,ME875464,ST003348|AN005483|ME875464,Hexadecenoylcarnitine(AcCa(16:1),CAR 16:0,RM0153848,Fatty Acyls,Fatty esters,Acyl carnitines,mapped_by_repository_refmet_field,repository-provided; exact class-name lookup; not independently verified,MW /data refmet_name; RefMet classification cache exact-name match,False,No explicit stable-isotope suffix detected,Retain as biological candidate; preserve analysis identity
ST003348,exercise,AN005483,Reversed phase POSITIVE ION MODE,ME875393,ST003348|AN005483|ME875393,Hexanoylcarnitine(AcCa(6:0),CAR 6:0,RM0153846,Fatty Acyls,Fatty esters,Acyl carnitines,mapped_by_repository_refmet_field,repository-provided; exact class-name lookup; not independently verified,MW /data refmet_name; RefMet classification cache exact-name match,False,No explicit stable-isotope suffix detected,Retain as biological candidate; preserve analysis identity
ST003348,exercise,AN005483,Reversed phase POSITIVE ION MODE,ME875391,ST003348|AN005483|ME875391,Hexenoylcarnitine(AcCa(6:1),CAR 6:1,RM0154208,Fatty Acyls,Fatty esters,Acyl carnitines,mapped_by_repository_refmet_field,repository-provided; exact class-name lookup; not independently verified,MW /data refmet_name; RefMet classification cache exact-name match,False,No explicit stable-isotope suffix detected,Retain as biological candidate; preserve analysis identity
ST003348,exercise,AN005483,Reversed phase POSITIVE ION MODE,ME875370,ST003348|AN005483|ME875370,Hippuric acid,Hippuric acid,RM0135980,Benzenoids,Benzamides,Hippuric acids,mapped_by_repository_refmet_field,repository-provided; exact class-name lookup; not independently verified,MW /data refmet_name; RefMet classification cache exact-name match,False,No explicit stable-isotope suffix detected,Retain as biological candidate; preserve analysis identity
ST003348,exercise,AN005483,Reversed phase POSITIVE ION MODE,ME875253,ST003348|AN005483|ME875253,Hippuric acid-D5,Hippuric acid,RM0135980,Benzenoids,Benzamides,Hippuric acids,excluded_isotope_labeled_or_internal_standard,repository-provided; exact class-name lookup; not independently verified,MW /data refmet_name; RefMet classification cache exact-name match,True,Explicit stable-isotope suffix in source-reported name,Exclude row from biological analyses
ST003348,exercise,AN005483,Reversed phase POSITIVE ION MODE,ME875446,ST003348|AN005483|ME875446,His-Trp,His-Trp,RM0022480,Organic acids,Amino acids and peptides,Dipeptides,mapped_by_repository_refmet_field,repository-provided; exact class-name lookup; not independently verified,MW /data refmet_name; RefMet classification cache exact-name match,False,No explicit stable-isotope suffix detected,Retain as biological candidate; preserve analysis identity
ST003348,exercise,AN005483,Reversed phase POSITIVE ION MODE,ME875331,ST003348|AN005483|ME875331,Homo-L-Arg,,,Unclassified,Unclassified,Unclassified,unmapped_no_refmet_name,not mapped,MW /data refmet_name; no exact classification-cache match,False,No explicit stable-isotope suffix detected,Retain for within-study PCA; omit from RefMet overlap
ST003348,exercise,AN005483,Reversed phase POSITIVE ION MODE,ME875296,ST003348|AN005483|ME875296,Homostachydrine,(S)-Homostachydrine,RM0161801,Organic acids,Amino acids and peptides,Amino acids,mapped_by_repository_refmet_field,repository-provided; exact class-name lookup; not independently verified,MW /data refmet_name; RefMet classification cache exact-name match,False,No explicit stable-isotope suffix detected,Retain as biological candidate; preserve analysis identity
ST003348,exercise,AN005483,Reversed phase POSITIVE ION MODE,ME875539,ST003348|AN005483|ME875539,Human Fibrinopeptide A,,,Unclassified,Unclassified,Unclassified,unmapped_no_refmet_name,not mapped,MW /data refmet_name; no exact classification-cache match,False,No explicit stable-isotope suffix detected,Retain for within-study PCA; omit from RefMet overlap
ST003348,exercise,AN005483,Reversed phase POSITIVE ION MODE,ME875540,ST003348|AN005483|ME875540,Human Fibrinopeptide B,,,Unclassified,Unclassified,Unclassified,unmapped_no_refmet_name,not mapped,MW /data refmet_name; no exact classification-cache match,False,No explicit stable-isotope suffix detected,Retain for within-study PCA; omit from RefMet overlap
ST003348,exercise,AN005483,Reversed phase POSITIVE ION MODE,ME875335,ST003348|AN005483|ME875335,Hydroxycotinine,trans-3-Hydroxycotinine,RM0159961,Alkaloids,Alkaloids,Other alkaloids,mapped_by_repository_refmet_field,repository-provided; exact class-name lookup; not independently verified,MW /data refmet_name; RefMet classification cache exact-name match,False,No explicit stable-isotope suffix detected,Retain as biological candidate; preserve analysis identity
ST003348,exercise,AN005483,Reversed phase POSITIVE ION MODE,ME875398,ST003348|AN005483|ME875398,Hydroxyisovaleroyl carnitine(AcCa(5:0-OH),"CAR 4:0;OH,Me",RM0153950,Fatty Acyls,Fatty esters,Acyl carnitines,mapped_by_repository_refmet_field,repository-provided; exact class-name lookup; not independently verified,MW /data refmet_name; RefMet classification cache exact-name match,False,No explicit stable-isotope suffix detected,Retain as biological candidate; preserve analysis identity
ST003348,exercise,AN005483,Reversed phase POSITIVE ION MODE,ME875555,ST003348|AN005483|ME875555,Hypoxanthine,Hypoxanthine,RM0135895,Nucleic acids,Purines,Hypoxanthines,mapped_by_repository_refmet_field,repository-provided; exact class-name lookup; not independently verified,MW /data refmet_name; RefMet classification cache exact-name match,False,No explicit stable-isotope suffix detected,Retain as biological candidate; preserve analysis identity
ST003348,exercise,AN005483,Reversed phase POSITIVE ION MODE,ME875473,ST003348|AN005483|ME875473,Icosadienoylcarnitine(AcCa(20:2),CAR 20:2,RM0154125,Fatty Acyls,Fatty esters,Acyl carnitines,mapped_by_repository_refmet_field,repository-provided; exact class-name lookup; not independently verified,MW /data refmet_name; RefMet classification cache exact-name match,False,No explicit stable-isotope suffix detected,Retain as biological candidate; preserve analysis identity
ST003348,exercise,AN005483,Reversed phase POSITIVE ION MODE,ME875472,ST003348|AN005483|ME875472,Icosatrienoylcarnitine(AcCa(20:3),CAR 20:3,RM0154160,Fatty Acyls,Fatty esters,Acyl carnitines,mapped_by_repository_refmet_field,repository-provided; exact class-name lookup; not independently verified,MW /data refmet_name; RefMet classification cache exact-name match,False,No explicit stable-isotope suffix detected,Retain as biological candidate; preserve analysis identity
ST003348,exercise,AN005483,Reversed phase POSITIVE ION MODE,ME875392,ST003348|AN005483|ME875392,Ile-Gln + Leu-Gln,,,Unclassified,Unclassified,Unclassified,unmapped_no_refmet_name,not mapped,MW /data refmet_name; no exact classification-cache match,False,No explicit stable-isotope suffix detected,Retain for within-study PCA; omit from RefMet overlap
ST003348,exercise,AN005483,Reversed phase POSITIVE ION MODE,ME875328,ST003348|AN005483|ME875328,Ile-Gly,Ile-Gly,RM0137531,Organic acids,Amino acids and peptides,Dipeptides,mapped_by_repository_refmet_field,repository-provided; exact class-name lookup; not independently verified,MW /data refmet_name; RefMet classification cache exact-name match,False,No explicit stable-isotope suffix detected,Retain as biological candidate; preserve analysis identity
ST003348,exercise,AN005483,Reversed phase POSITIVE ION MODE,ME875376,ST003348|AN005483|ME875376,Ile-Ile,Ile-Ile,RM0028383,Organic acids,Amino acids and peptides,Dipeptides,mapped_by_repository_refmet_field,repository-provided; exact class-name lookup; not independently verified,MW /data refmet_name; RefMet classification cache exact-name match,False,No explicit stable-isotope suffix detected,Retain as biological candidate; preserve analysis identity
ST003348,exercise,AN005483,Reversed phase POSITIVE ION MODE,ME875377,ST003348|AN005483|ME875377,Ile-Leu + Leu-Ile,,,Unclassified,Unclassified,Unclassified,unmapped_no_refmet_name,not mapped,MW /data refmet_name; no exact classification-cache match,False,No explicit stable-isotope suffix detected,Retain for within-study PCA; omit from RefMet overlap
ST003348,exercise,AN005483,Reversed phase POSITIVE ION MODE,ME875407,ST003348|AN005483|ME875407,Ile-Phe,Ile-Phe,RM0041937,Organic acids,Amino acids and peptides,Dipeptides,mapped_by_repository_refmet_field,repository-provided; exact class-name lookup; not independently verified,MW /data refmet_name; RefMet classification cache exact-name match,False,No explicit stable-isotope suffix detected,Retain as biological candidate; preserve analysis identity
ST003348,exercise,AN005483,Reversed phase POSITIVE ION MODE,ME875361,ST003348|AN005483|ME875361,Ile-Pro,Ile-Pro,RM0039061,Organic acids,Amino acids and peptides,Dipeptides,mapped_by_repository_refmet_field,repository-provided; exact class-name lookup; not independently verified,MW /data refmet_name; RefMet classification cache exact-name match,False,No explicit stable-isotope suffix detected,Retain as biological candidate; preserve analysis identity
ST003348,exercise,AN005483,Reversed phase POSITIVE ION MODE,ME875364,ST003348|AN005483|ME875364,Ile-Val,Ile-Val,RM0130345,Organic acids,Amino acids and peptides,Dipeptides,mapped_by_repository_refmet_field,repository-provided; exact class-name lookup; not independently verified,MW /data refmet_name; RefMet classification cache exact-name match,False,No explicit stable-isotope suffix detected,Retain as biological candidate; preserve analysis identity
ST003348,exercise,AN005483,Reversed phase POSITIVE ION MODE,ME875283,ST003348|AN005483|ME875283,Indole-3-carboxaldehyde,1H-Indole-3-carboxaldehyde,RM0170863,Alkaloids,Tryptophan alkaloids,Simple indole alkaloids,mapped_by_repository_refmet_field,repository-provided; exact class-name lookup; not independently verified,MW /data refmet_name; RefMet classification cache exact-name match,False,No explicit stable-isotope suffix detected,Retain as biological candidate; preserve analysis identity
ST003348,exercise,AN005483,Reversed phase POSITIVE ION MODE,ME875562,ST003348|AN005483|ME875562,Indole-3-methyl acetate,Indole-3-methyl acetate,RM0136624,Alkaloids,Tryptophan alkaloids,Indoleacetic acids,mapped_by_repository_refmet_field,repository-provided; exact class-name lookup; not independently verified,MW /data refmet_name; RefMet classification cache exact-name match,False,No explicit stable-isotope suffix detected,Retain as biological candidate; preserve analysis identity
ST003348,exercise,AN005483,Reversed phase POSITIVE ION MODE,ME875315,ST003348|AN005483|ME875315,Indole-3-propionic acid,3-Indolepropionic acid,RM0136180,Alkaloids,Tryptophan alkaloids,Indolecarboxylic acids,mapped_by_repository_refmet_field,repository-provided; exact class-name lookup; not independently verified,MW /data refmet_name; RefMet classification cache exact-name match,False,No explicit stable-isotope suffix detected,Retain as biological candidate; preserve analysis identity
ST003348,exercise,AN005483,Reversed phase POSITIVE ION MODE,ME875316,ST003348|AN005483|ME875316,Indoleacetic acid,Indoleacetic acid,RM0135909,Alkaloids,Tryptophan alkaloids,Indoleacetic acids,mapped_by_repository_refmet_field,repository-provided; exact class-name lookup; not independently verified,MW /data refmet_name; RefMet classification cache exact-name match,False,No explicit stable-isotope suffix detected,Retain as biological candidate; preserve analysis identity
ST003348,exercise,AN005483,Reversed phase POSITIVE ION MODE,ME875380,ST003348|AN005483|ME875380,Indolelactic acid,Indolelactic acid,RM0044363,Alkaloids,Tryptophan alkaloids,Indolecarboxylic acids,mapped_by_repository_refmet_field,repository-provided; exact class-name lookup; not independently verified,MW /data refmet_name; RefMet classification cache exact-name match,False,No explicit stable-isotope suffix detected,Retain as biological candidate; preserve analysis identity
ST003348,exercise,AN005483,Reversed phase POSITIVE ION MODE,ME875368,ST003348|AN005483|ME875368,Isobutyrylcarnitine(AcCa(iso4:0),CAR 3:0;2Me,RM0153770,Fatty Acyls,Fatty esters,Acyl carnitines,mapped_by_repository_refmet_field,repository-provided; exact class-name lookup; not independently verified,MW /data refmet_name; RefMet classification cache exact-name match,False,No explicit stable-isotope suffix detected,Retain as biological candidate; preserve analysis identity
ST003348,exercise,AN005483,Reversed phase POSITIVE ION MODE,ME875344,ST003348|AN005483|ME875344,Isobutyrylglycine,Isobutyrylglycine,RM0048090,Organic acids,Amino acids and peptides,Amino acids,mapped_by_repository_refmet_field,repository-provided; exact class-name lookup; not independently verified,MW /data refmet_name; RefMet classification cache exact-name match,False,No explicit stable-isotope suffix detected,Retain as biological candidate; preserve analysis identity
ST003348,exercise,AN005483,Reversed phase POSITIVE ION MODE,ME875379,ST003348|AN005483|ME875379,Isovalerylcarnitine(AcCa(iso5:0),CAR 4:0;3Me,RM0154016,Fatty Acyls,Fatty esters,Acyl carnitines,mapped_by_repository_refmet_field,repository-provided; exact class-name lookup; not independently verified,MW /data refmet_name; RefMet classification cache exact-name match,False,No explicit stable-isotope suffix detected,Retain as biological candidate; preserve analysis identity
ST003348,exercise,AN005483,Reversed phase POSITIVE ION MODE,ME875346,ST003348|AN005483|ME875346,Kynurenic acid,Kynurenic acid,RM0032431,Alkaloids,Anthranilic acid alkaloids,Acridone alkaloids,mapped_by_repository_refmet_field,repository-provided; exact class-name lookup; not independently verified,MW /data refmet_name; RefMet classification cache exact-name match,False,No explicit stable-isotope suffix detected,Retain as biological candidate; preserve analysis identity
ST003348,exercise,AN005483,Reversed phase POSITIVE ION MODE,ME875342,ST003348|AN005483|ME875342,L-Acetylcarnitine(AcCa(2:0),CAR 2:0,RM0154009,Fatty Acyls,Fatty esters,Acyl carnitines,mapped_by_repository_refmet_field,repository-provided; exact class-name lookup; not independently verified,MW /data refmet_name; RefMet classification cache exact-name match,False,No explicit stable-isotope suffix detected,Retain as biological candidate; preserve analysis identity
ST003348,exercise,AN005483,Reversed phase POSITIVE ION MODE,ME875428,ST003348|AN005483|ME875428,L-Arginine,Arginine,RM0135963,Organic acids,Amino acids and peptides,Amino acids,mapped_by_repository_refmet_field,repository-provided; exact class-name lookup; not independently verified,MW /data refmet_name; RefMet classification cache exact-name match,False,No explicit stable-isotope suffix detected,Retain as biological candidate; preserve analysis identity
ST003348,exercise,AN005483,Reversed phase POSITIVE ION MODE,ME875549,ST003348|AN005483|ME875549,L-Asparagine,Asparagine,RM0135724,Organic acids,Amino acids and peptides,Amino acids,mapped_by_repository_refmet_field,repository-provided; exact class-name lookup; not independently verified,MW /data refmet_name; RefMet classification cache exact-name match,False,No explicit stable-isotope suffix detected,Retain as biological candidate; preserve analysis identity
ST003348,exercise,AN005483,Reversed phase POSITIVE ION MODE,ME875544,ST003348|AN005483|ME875544,L-Aspartic acid,Aspartic acid,RM0135905,Organic acids,Amino acids and peptides,Amino acids,mapped_by_repository_refmet_field,repository-provided; exact class-name lookup; not independently verified,MW /data refmet_name; RefMet classification cache exact-name match,False,No explicit stable-isotope suffix detected,Retain as biological candidate; preserve analysis identity
ST003348,exercise,AN005483,Reversed phase POSITIVE ION MODE,ME875301,ST003348|AN005483|ME875301,L-Carnitine,Carnitine,RM0008606,Organic nitrogen compounds,Carnitines,Carnitines,mapped_by_repository_refmet_field,repository-provided; exact class-name lookup; not independently verified,MW /data refmet_name; RefMet classification cache exact-name match,False,No explicit stable-isotope suffix detected,Retain as biological candidate; preserve analysis identity
ST003348,exercise,AN005483,Reversed phase POSITIVE ION MODE,ME875543,ST003348|AN005483|ME875543,L-Cystine,Cystine,RM0135906,Organic acids,Amino acids and peptides,Amino acids,mapped_by_repository_refmet_field,repository-provided; exact class-name lookup; not independently verified,MW /data refmet_name; RefMet classification cache exact-name match,False,No explicit stable-isotope suffix detected,Retain as biological candidate; preserve analysis identity
ST003348,exercise,AN005483,Reversed phase POSITIVE ION MODE,ME875556,ST003348|AN005483|ME875556,L-Glutamic acid,Glutamic acid,RM0135893,Organic acids,Amino acids and peptides,Amino acids,mapped_by_repository_refmet_field,repository-provided; exact class-name lookup; not independently verified,MW /data refmet_name; RefMet classification cache exact-name match,False,No explicit stable-isotope suffix detected,Retain as biological candidate; preserve analysis identity
ST003348,exercise,AN005483,Reversed phase POSITIVE ION MODE,ME875400,ST003348|AN005483|ME875400,L-Glutamine,Glutamine,RM0012560,Organic acids,Amino acids and peptides,Amino acids,mapped_by_repository_refmet_field,repository-provided; exact class-name lookup; not independently verified,MW /data refmet_name; RefMet classification cache exact-name match,False,No explicit stable-isotope suffix detected,Retain as biological candidate; preserve analysis identity
ST003348,exercise,AN005483,Reversed phase POSITIVE ION MODE,ME875548,ST003348|AN005483|ME875548,L-Histidine,Histidine,RM0129894,Organic acids,Amino acids and peptides,Amino acids,mapped_by_repository_refmet_field,repository-provided; exact class-name lookup; not independently verified,MW /data refmet_name; RefMet classification cache exact-name match,False,No explicit stable-isotope suffix detected,Retain as biological candidate; preserve analysis identity
ST003348,exercise,AN005483,Reversed phase POSITIVE ION MODE,ME875270,ST003348|AN005483|ME875270,L-Isoleucine,Isoleucine,RM0134975,Organic acids,Amino acids and peptides,Amino acids,mapped_by_repository_refmet_field,repository-provided; exact class-name lookup; not independently verified,MW /data refmet_name; RefMet classification cache exact-name match,False,No explicit stable-isotope suffix detected,Retain as biological candidate; preserve analysis identity
ST003348,exercise,AN005483,Reversed phase POSITIVE ION MODE,ME875349,ST003348|AN005483|ME875349,L-Kynurenine,Kynurenine,RM0132226,Organic acids,Amino acids and peptides,Amino acids,mapped_by_repository_refmet_field,repository-provided; exact class-name lookup; not independently verified,MW /data refmet_name; RefMet classification cache exact-name match,False,No explicit stable-isotope suffix detected,Retain as biological candidate; preserve analysis identity
ST003348,exercise,AN005483,Reversed phase POSITIVE ION MODE,ME875271,ST003348|AN005483|ME875271,L-Leucine,Leucine,RM0136379,Organic acids,Amino acids and peptides,Amino acids,mapped_by_repository_refmet_field,repository-provided; exact class-name lookup; not independently verified,MW /data refmet_name; RefMet classification cache exact-name match,False,No explicit stable-isotope suffix detected,Retain as biological candidate; preserve analysis identity
ST003348,exercise,AN005483,Reversed phase POSITIVE ION MODE,ME875547,ST003348|AN005483|ME875547,L-Lysine,Lysine,RM0135903,Organic acids,Amino acids and peptides,Amino acids,mapped_by_repository_refmet_field,repository-provided; exact class-name lookup; not independently verified,MW /data refmet_name; RefMet classification cache exact-name match,False,No explicit stable-isotope suffix detected,Retain as biological candidate; preserve analysis identity
ST003348,exercise,AN005483,Reversed phase POSITIVE ION MODE,ME875372,ST003348|AN005483|ME875372,L-Methionine,Methionine,RM0161726,Organic acids,Amino acids and peptides,Amino acids,mapped_by_repository_refmet_field,repository-provided; exact class-name lookup; not independently verified,MW /data refmet_name; RefMet classification cache exact-name match,False,No explicit stable-isotope suffix detected,Retain as biological candidate; preserve analysis identity
ST003348,exercise,AN005483,Reversed phase POSITIVE ION MODE,ME875553,ST003348|AN005483|ME875553,L-Phenylalanine,Phenylalanine,RM0135897,Organic acids,Amino acids and peptides,Amino acids,mapped_by_repository_refmet_field,repository-provided; exact class-name lookup; not independently verified,MW /data refmet_name; RefMet classification cache exact-name match,False,No explicit stable-isotope suffix detected,Retain as biological candidate; preserve analysis identity
ST003348,exercise,AN005483,Reversed phase POSITIVE ION MODE,ME875551,ST003348|AN005483|ME875551,L-Proline,Proline,RM0135899,Organic acids,Amino acids and peptides,Amino acids,mapped_by_repository_refmet_field,repository-provided; exact class-name lookup; not independently verified,MW /data refmet_name; RefMet classification cache exact-name match,False,No explicit stable-isotope suffix detected,Retain as biological candidate; preserve analysis identity
ST003348,exercise,AN005483,Reversed phase POSITIVE ION MODE,ME875545,ST003348|AN005483|ME875545,L-Serine,Serine,RM0032433,Organic acids,Amino acids and peptides,Amino acids,mapped_by_repository_refmet_field,repository-provided; exact class-name lookup; not independently verified,MW /data refmet_name; RefMet classification cache exact-name match,False,No explicit stable-isotope suffix detected,Retain as biological candidate; preserve analysis identity
ST003348,exercise,AN005483,Reversed phase POSITIVE ION MODE,ME875550,ST003348|AN005483|ME875550,L-Threonine,Threonine,RM0135900,Organic acids,Amino acids and peptides,Amino acids,mapped_by_repository_refmet_field,repository-provided; exact class-name lookup; not independently verified,MW /data refmet_name; RefMet classification cache exact-name match,False,No explicit stable-isotope suffix detected,Retain as biological candidate; preserve analysis identity
ST003348,exercise,AN005483,Reversed phase POSITIVE ION MODE,ME875325,ST003348|AN005483|ME875325,L-Tryptophan,Tryptophan,RM0136024,Organic acids,Amino acids and peptides,Amino acids,mapped_by_repository_refmet_field,repository-provided; exact class-name lookup; not independently verified,MW /data refmet_name; RefMet classification cache exact-name match,False,No explicit stable-isotope suffix detected,Retain as biological candidate; preserve analysis identity
ST003348,exercise,AN005483,Reversed phase POSITIVE ION MODE,ME875554,ST003348|AN005483|ME875554,L-Tyrosine,Tyrosine,RM0135896,Organic acids,Amino acids and peptides,Amino acids,mapped_by_repository_refmet_field,repository-provided; exact class-name lookup; not independently verified,MW /data refmet_name; RefMet classification cache exact-name match,False,No explicit stable-isotope suffix detected,Retain as biological candidate; preserve analysis identity
ST003348,exercise,AN005483,Reversed phase POSITIVE ION MODE,ME875329,ST003348|AN005483|ME875329,Leu-Gly,Leu-Gly,RM0020458,Organic acids,Amino acids and peptides,Dipeptides,mapped_by_repository_refmet_field,repository-provided; exact class-name lookup; not independently verified,MW /data refmet_name; RefMet classification cache exact-name match,False,No explicit stable-isotope suffix detected,Retain as biological candidate; preserve analysis identity
ST003348,exercise,AN005483,Reversed phase POSITIVE ION MODE,ME875378,ST003348|AN005483|ME875378,Leu-Leu,Leu-Leu,RM0129935,Organic acids,Amino acids and peptides,Dipeptides,mapped_by_repository_refmet_field,repository-provided; exact class-name lookup; not independently verified,MW /data refmet_name; RefMet classification cache exact-name match,False,No explicit stable-isotope suffix detected,Retain as biological candidate; preserve analysis identity
ST003348,exercise,AN005483,Reversed phase POSITIVE ION MODE,ME875408,ST003348|AN005483|ME875408,Leu-Phe,Leu-Phe,RM0039120,Organic acids,Amino acids and peptides,Dipeptides,mapped_by_repository_refmet_field,repository-provided; exact class-name lookup; not independently verified,MW /data refmet_name; RefMet classification cache exact-name match,False,No explicit stable-isotope suffix detected,Retain as biological candidate; preserve analysis identity
ST003348,exercise,AN005483,Reversed phase POSITIVE ION MODE,ME875362,ST003348|AN005483|ME875362,Leu-Pro,Leu-Pro,RM0052764,Organic acids,Amino acids and peptides,Dipeptides,mapped_by_repository_refmet_field,repository-provided; exact class-name lookup; not independently verified,MW /data refmet_name; RefMet classification cache exact-name match,False,No explicit stable-isotope suffix detected,Retain as biological candidate; preserve analysis identity
ST003348,exercise,AN005483,Reversed phase POSITIVE ION MODE,ME875410,ST003348|AN005483|ME875410,Linoleamide,Linoleamide,RM0150637,Fatty Acyls,Fatty amides,Primary amides,mapped_by_repository_refmet_field,repository-provided; exact class-name lookup; not independently verified,MW /data refmet_name; RefMet classification cache exact-name match,False,No explicit stable-isotope suffix detected,Retain as biological candidate; preserve analysis identity
ST003348,exercise,AN005483,Reversed phase POSITIVE ION MODE,ME875466,ST003348|AN005483|ME875466,Linolenylcarnitine(AcCa(18:3),CAR 18:3,RM0154067,Fatty Acyls,Fatty esters,Acyl carnitines,mapped_by_repository_refmet_field,repository-provided; exact class-name lookup; not independently verified,MW /data refmet_name; RefMet classification cache exact-name match,False,No explicit stable-isotope suffix detected,Retain as biological candidate; preserve analysis identity
ST003348,exercise,AN005483,Reversed phase POSITIVE ION MODE,ME875442,ST003348|AN005483|ME875442,Linoleoylethanolamide,Linoleoyl-EA,RM0140131,Fatty Acyls,Fatty amides,NAE,mapped_by_repository_refmet_field,repository-provided; exact class-name lookup; not independently verified,MW /data refmet_name; RefMet classification cache exact-name match,False,No explicit stable-isotope suffix detected,Retain as biological candidate; preserve analysis identity
ST003348,exercise,AN005483,Reversed phase POSITIVE ION MODE,ME875467,ST003348|AN005483|ME875467,Linoleylcarnitine(AcCa(18:2),CAR 18:2,RM0154158,Fatty Acyls,Fatty esters,Acyl carnitines,mapped_by_repository_refmet_field,repository-provided; exact class-name lookup; not independently verified,MW /data refmet_name; RefMet classification cache exact-name match,False,No explicit stable-isotope suffix detected,Retain as biological candidate; preserve analysis identity
ST003348,exercise,AN005483,Reversed phase POSITIVE ION MODE,ME875260,ST003348|AN005483|ME875260,Lysine-d4,Standard,,Unclassified,Unclassified,Unclassified,excluded_isotope_labeled_or_internal_standard,repository-provided; exact class-name lookup; not independently verified,MW /data refmet_name; no exact classification-cache match,True,Explicit stable-isotope suffix in source-reported name,Exclude row from biological analyses
ST003348,exercise,AN005483,Reversed phase POSITIVE ION MODE,ME875481,ST003348|AN005483|ME875481,LysoPC(0:0/14:0),LPC 0:0/14:0,RM0048631,Glycerophospholipids,Glycerophosphocholines,LPC,mapped_by_repository_refmet_field,repository-provided; exact class-name lookup; not independently verified,MW /data refmet_name; RefMet classification cache exact-name match,False,No explicit stable-isotope suffix detected,Retain as biological candidate; preserve analysis identity
ST003348,exercise,AN005483,Reversed phase POSITIVE ION MODE,ME875495,ST003348|AN005483|ME875495,LysoPC(0:0/16:0),LPC 0:0/16:0,RM0134494,Glycerophospholipids,Glycerophosphocholines,LPC,mapped_by_repository_refmet_field,repository-provided; exact class-name lookup; not independently verified,MW /data refmet_name; RefMet classification cache exact-name match,False,No explicit stable-isotope suffix detected,Retain as biological candidate; preserve analysis identity
ST003348,exercise,AN005483,Reversed phase POSITIVE ION MODE,ME875493,ST003348|AN005483|ME875493,LysoPC(0:0/16:1),LPC 0:0/16:1,RM0134484,Glycerophospholipids,Glycerophosphocholines,LPC,mapped_by_repository_refmet_field,repository-provided; exact class-name lookup; not independently verified,MW /data refmet_name; RefMet classification cache exact-name match,False,No explicit stable-isotope suffix detected,Retain as biological candidate; preserve analysis identity
ST003348,exercise,AN005483,Reversed phase POSITIVE ION MODE,ME875509,ST003348|AN005483|ME875509,LysoPC(0:0/18:1),LPC 0:0/18:1,RM0048633,Glycerophospholipids,Glycerophosphocholines,LPC,mapped_by_repository_refmet_field,repository-provided; exact class-name lookup; not independently verified,MW /data refmet_name; RefMet classification cache exact-name match,False,No explicit stable-isotope suffix detected,Retain as biological candidate; preserve analysis identity
ST003348,exercise,AN005483,Reversed phase POSITIVE ION MODE,ME875507,ST003348|AN005483|ME875507,LysoPC(0:0/18:2),LPC 0:0/18:2,RM0103832,Glycerophospholipids,Glycerophosphocholines,LPC,mapped_by_repository_refmet_field,repository-provided; exact class-name lookup; not independently verified,MW /data refmet_name; RefMet classification cache exact-name match,False,No explicit stable-isotope suffix detected,Retain as biological candidate; preserve analysis identity
ST003348,exercise,AN005483,Reversed phase POSITIVE ION MODE,ME875505,ST003348|AN005483|ME875505,LysoPC(0:0/18:3),LPC 0:0/18:3,RM0161594,Glycerophospholipids,Glycerophosphocholines,LPC,mapped_by_repository_refmet_field,repository-provided; exact class-name lookup; not independently verified,MW /data refmet_name; RefMet classification cache exact-name match,False,No explicit stable-isotope suffix detected,Retain as biological candidate; preserve analysis identity
ST003348,exercise,AN005483,Reversed phase POSITIVE ION MODE,ME875517,ST003348|AN005483|ME875517,LysoPC(0:0/19:0),LPC 0:0/19:0,RM0161586,Glycerophospholipids,Glycerophosphocholines,LPC,mapped_by_repository_refmet_field,repository-provided; exact class-name lookup; not independently verified,MW /data refmet_name; RefMet classification cache exact-name match,False,No explicit stable-isotope suffix detected,Retain as biological candidate; preserve analysis identity
ST003348,exercise,AN005483,Reversed phase POSITIVE ION MODE,ME875523,ST003348|AN005483|ME875523,LysoPC(0:0/20:3),LPC 0:0/20:3,RM0048634,Glycerophospholipids,Glycerophosphocholines,LPC,mapped_by_repository_refmet_field,repository-provided; exact class-name lookup; not independently verified,MW /data refmet_name; RefMet classification cache exact-name match,False,No explicit stable-isotope suffix detected,Retain as biological candidate; preserve analysis identity
ST003348,exercise,AN005483,Reversed phase POSITIVE ION MODE,ME875521,ST003348|AN005483|ME875521,LysoPC(0:0/20:4),LPC 0:0/20:4,RM0048627,Glycerophospholipids,Glycerophosphocholines,LPC,mapped_by_repository_refmet_field,repository-provided; exact class-name lookup; not independently verified,MW /data refmet_name; RefMet classification cache exact-name match,False,No explicit stable-isotope suffix detected,Retain as biological candidate; preserve analysis identity
ST003348,exercise,AN005483,Reversed phase POSITIVE ION MODE,ME875519,ST003348|AN005483|ME875519,LysoPC(0:0/20:5),LPC 0:0/20:5,RM0134485,Glycerophospholipids,Glycerophosphocholines,LPC,mapped_by_repository_refmet_field,repository-provided; exact class-name lookup; not independently verified,MW /data refmet_name; RefMet classification cache exact-name match,False,No explicit stable-isotope suffix detected,Retain as biological candidate; preserve analysis identity
ST003348,exercise,AN005483,Reversed phase POSITIVE ION MODE,ME875530,ST003348|AN005483|ME875530,LysoPC(0:0/22:4),LPC 0:0/22:4,RM0007275,Glycerophospholipids,Glycerophosphocholines,LPC,mapped_by_repository_refmet_field,repository-provided; exact class-name lookup; not independently verified,MW /data refmet_name; RefMet classification cache exact-name match,False,No explicit stable-isotope suffix detected,Retain as biological candidate; preserve analysis identity
ST003348,exercise,AN005483,Reversed phase POSITIVE ION MODE,ME875482,ST003348|AN005483|ME875482,LysoPC(14:0/0:0),LPC 14:0/0:0,RM0134470,Glycerophospholipids,Glycerophosphocholines,LPC,mapped_by_repository_refmet_field,repository-provided; exact class-name lookup; not independently verified,MW /data refmet_name; RefMet classification cache exact-name match,False,No explicit stable-isotope suffix detected,Retain as biological candidate; preserve analysis identity
ST003348,exercise,AN005483,Reversed phase POSITIVE ION MODE,ME875491,ST003348|AN005483|ME875491,LysoPC(15:0/0:0),LPC 15:0/0:0,RM0161552,Glycerophospholipids,Glycerophosphocholines,LPC,mapped_by_repository_refmet_field,repository-provided; exact class-name lookup; not independently verified,MW /data refmet_name; RefMet classification cache exact-name match,False,No explicit stable-isotope suffix detected,Retain as biological candidate; preserve analysis identity
ST003348,exercise,AN005483,Reversed phase POSITIVE ION MODE,ME875480,ST003348|AN005483|ME875480,LysoPC(15:0p/0:0),,,Unclassified,Unclassified,Unclassified,unmapped_no_refmet_name,not mapped,MW /data refmet_name; no exact classification-cache match,False,No explicit stable-isotope suffix detected,Retain for within-study PCA; omit from RefMet overlap
ST003348,exercise,AN005483,Reversed phase POSITIVE ION MODE,ME875496,ST003348|AN005483|ME875496,LysoPC(16:0/0:0),LPC 16:0/0:0,RM0135071,Glycerophospholipids,Glycerophosphocholines,LPC,mapped_by_repository_refmet_field,repository-provided; exact class-name lookup; not independently verified,MW /data refmet_name; RefMet classification cache exact-name match,False,No explicit stable-isotope suffix detected,Retain as biological candidate; preserve analysis identity
ST003348,exercise,AN005483,Reversed phase POSITIVE ION MODE,ME875492,ST003348|AN005483|ME875492,LysoPC(16:0e/0:0),,,Unclassified,Unclassified,Unclassified,unmapped_no_refmet_name,not mapped,MW /data refmet_name; no exact classification-cache match,False,No explicit stable-isotope suffix detected,Retain for within-study PCA; omit from RefMet overlap
ST003348,exercise,AN005483,Reversed phase POSITIVE ION MODE,ME875489,ST003348|AN005483|ME875489,LysoPC(16:0p/0:0),LPC P-16:0,RM0133228,Glycerophospholipids,Glycerophosphocholines,O-LPC,mapped_by_repository_refmet_field,repository-provided; exact class-name lookup; not independently verified,MW /data refmet_name; RefMet classification cache exact-name match,False,No explicit stable-isotope suffix detected,Retain as biological candidate; preserve analysis identity
ST003348,exercise,AN005483,Reversed phase POSITIVE ION MODE,ME875494,ST003348|AN005483|ME875494,LysoPC(16:1/0:0),LPC 16:1/0:0,RM0048628,Glycerophospholipids,Glycerophosphocholines,LPC,mapped_by_repository_refmet_field,repository-provided; exact class-name lookup; not independently verified,MW /data refmet_name; RefMet classification cache exact-name match,False,No explicit stable-isotope suffix detected,Retain as biological candidate; preserve analysis identity
ST003348,exercise,AN005483,Reversed phase POSITIVE ION MODE,ME875486,ST003348|AN005483|ME875486,LysoPC(16:1p),LPC P-16:1,RM0096646,Glycerophospholipids,Glycerophosphocholines,O-LPC,mapped_by_repository_refmet_field,repository-provided; exact class-name lookup; not independently verified,MW /data refmet_name; RefMet classification cache exact-name match,False,No explicit stable-isotope suffix detected,Retain as biological candidate; preserve analysis identity
ST003348,exercise,AN005483,Reversed phase POSITIVE ION MODE,ME875504,ST003348|AN005483|ME875504,LysoPC(17:0/0:0),LPC 17:0/0:0,RM0048622,Glycerophospholipids,Glycerophosphocholines,LPC,mapped_by_repository_refmet_field,repository-provided; exact class-name lookup; not independently verified,MW /data refmet_name; RefMet classification cache exact-name match,False,No explicit stable-isotope suffix detected,Retain as biological candidate; preserve analysis identity
ST003348,exercise,AN005483,Reversed phase POSITIVE ION MODE,ME875502,ST003348|AN005483|ME875502,LysoPC(17:1/0:0),LPC 17:1/0:0,RM0161543,Glycerophospholipids,Glycerophosphocholines,LPC,mapped_by_repository_refmet_field,repository-provided; exact class-name lookup; not independently verified,MW /data refmet_name; RefMet classification cache exact-name match,False,No explicit stable-isotope suffix detected,Retain as biological candidate; preserve analysis identity
ST003348,exercise,AN005483,Reversed phase POSITIVE ION MODE,ME875511,ST003348|AN005483|ME875511,LysoPC(18:0/0:0),LPC 18:0/0:0,RM0048621,Glycerophospholipids,Glycerophosphocholines,LPC,mapped_by_repository_refmet_field,repository-provided; exact class-name lookup; not independently verified,MW /data refmet_name; RefMet classification cache exact-name match,False,No explicit stable-isotope suffix detected,Retain as biological candidate; preserve analysis identity
ST003348,exercise,AN005483,Reversed phase POSITIVE ION MODE,ME875503,ST003348|AN005483|ME875503,LysoPC(18:0p/0:0),LPC P-18:0,RM0133230,Glycerophospholipids,Glycerophosphocholines,O-LPC,mapped_by_repository_refmet_field,repository-provided; exact class-name lookup; not independently verified,MW /data refmet_name; RefMet classification cache exact-name match,False,No explicit stable-isotope suffix detected,Retain as biological candidate; preserve analysis identity
ST003348,exercise,AN005483,Reversed phase POSITIVE ION MODE,ME875510,ST003348|AN005483|ME875510,LysoPC(18:1/0:0),LPC 18:1/0:0,RM0048632,Glycerophospholipids,Glycerophosphocholines,LPC,mapped_by_repository_refmet_field,repository-provided; exact class-name lookup; not independently verified,MW /data refmet_name; RefMet classification cache exact-name match,False,No explicit stable-isotope suffix detected,Retain as biological candidate; preserve analysis identity
ST003348,exercise,AN005483,Reversed phase POSITIVE ION MODE,ME875501,ST003348|AN005483|ME875501,LysoPC(18:1p/0:0),,,Unclassified,Unclassified,Unclassified,unmapped_no_refmet_name,not mapped,MW /data refmet_name; no exact classification-cache match,False,No explicit stable-isotope suffix detected,Retain for within-study PCA; omit from RefMet overlap
ST003348,exercise,AN005483,Reversed phase POSITIVE ION MODE,ME875508,ST003348|AN005483|ME875508,LysoPC(18:2/0:0),LPC 18:2/0:0,RM0134486,Glycerophospholipids,Glycerophosphocholines,LPC,mapped_by_repository_refmet_field,repository-provided; exact class-name lookup; not independently verified,MW /data refmet_name; RefMet classification cache exact-name match,False,No explicit stable-isotope suffix detected,Retain as biological candidate; preserve analysis identity
ST003348,exercise,AN005483,Reversed phase POSITIVE ION MODE,ME875506,ST003348|AN005483|ME875506,LysoPC(18:3/0:0),LPC 18:3/0:0,RM0163374,Glycerophospholipids,Glycerophosphocholines,LPC,mapped_by_repository_refmet_field,repository-provided; exact class-name lookup; not independently verified,MW /data refmet_name; RefMet classification cache exact-name match,False,No explicit stable-isotope suffix detected,Retain as biological candidate; preserve analysis identity
ST003348,exercise,AN005483,Reversed phase POSITIVE ION MODE,ME875518,ST003348|AN005483|ME875518,LysoPC(19:0/0:0),LPC 19:0/0:0,RM0048602,Glycerophospholipids,Glycerophosphocholines,LPC,mapped_by_repository_refmet_field,repository-provided; exact class-name lookup; not independently verified,MW /data refmet_name; RefMet classification cache exact-name match,False,No explicit stable-isotope suffix detected,Retain as biological candidate; preserve analysis identity
ST003348,exercise,AN005483,Reversed phase POSITIVE ION MODE,ME875526,ST003348|AN005483|ME875526,LysoPC(20:1/0:0),LPC 20:1/0:0,RM0134487,Glycerophospholipids,Glycerophosphocholines,LPC,mapped_by_repository_refmet_field,repository-provided; exact class-name lookup; not independently verified,MW /data refmet_name; RefMet classification cache exact-name match,False,No explicit stable-isotope suffix detected,Retain as biological candidate; preserve analysis identity
ST003348,exercise,AN005483,Reversed phase POSITIVE ION MODE,ME875525,ST003348|AN005483|ME875525,LysoPC(20:2/0:0),LPC 20:2/0:0,RM0161655,Glycerophospholipids,Glycerophosphocholines,LPC,mapped_by_repository_refmet_field,repository-provided; exact class-name lookup; not independently verified,MW /data refmet_name; RefMet classification cache exact-name match,False,No explicit stable-isotope suffix detected,Retain as biological candidate; preserve analysis identity
ST003348,exercise,AN005483,Reversed phase POSITIVE ION MODE,ME875524,ST003348|AN005483|ME875524,LysoPC(20:3/0:0),LPC 20:3/0:0,RM0161621,Glycerophospholipids,Glycerophosphocholines,LPC,mapped_by_repository_refmet_field,repository-provided; exact class-name lookup; not independently verified,MW /data refmet_name; RefMet classification cache exact-name match,False,No explicit stable-isotope suffix detected,Retain as biological candidate; preserve analysis identity
ST003348,exercise,AN005483,Reversed phase POSITIVE ION MODE,ME875522,ST003348|AN005483|ME875522,LysoPC(20:4/0:0),LPC 20:4/0:0,RM0048623,Glycerophospholipids,Glycerophosphocholines,LPC,mapped_by_repository_refmet_field,repository-provided; exact class-name lookup; not independently verified,MW /data refmet_name; RefMet classification cache exact-name match,False,No explicit stable-isotope suffix detected,Retain as biological candidate; preserve analysis identity
ST003348,exercise,AN005483,Reversed phase POSITIVE ION MODE,ME875520,ST003348|AN005483|ME875520,LysoPC(20:5/0:0),LPC 20:5/0:0,RM0048629,Glycerophospholipids,Glycerophosphocholines,LPC,mapped_by_repository_refmet_field,repository-provided; exact class-name lookup; not independently verified,MW /data refmet_name; RefMet classification cache exact-name match,False,No explicit stable-isotope suffix detected,Retain as biological candidate; preserve analysis identity
ST003348,exercise,AN005483,Reversed phase POSITIVE ION MODE,ME875531,ST003348|AN005483|ME875531,LysoPC(22:4/0:0),LPC 22:4/0:0,RM0134488,Glycerophospholipids,Glycerophosphocholines,LPC,mapped_by_repository_refmet_field,repository-provided; exact class-name lookup; not independently verified,MW /data refmet_name; RefMet classification cache exact-name match,False,No explicit stable-isotope suffix detected,Retain as biological candidate; preserve analysis identity
ST003348,exercise,AN005483,Reversed phase POSITIVE ION MODE,ME875529,ST003348|AN005483|ME875529,LysoPC(22:5n3/0:0)+LysoPC(0:0/22:5n6),,,Unclassified,Unclassified,Unclassified,unmapped_no_refmet_name,not mapped,MW /data refmet_name; no exact classification-cache match,False,No explicit stable-isotope suffix detected,Retain for within-study PCA; omit from RefMet overlap
ST003348,exercise,AN005483,Reversed phase POSITIVE ION MODE,ME875527,ST003348|AN005483|ME875527,LysoPC(22:6/0:0),LPC 22:6/0:0,RM0134489,Glycerophospholipids,Glycerophosphocholines,LPC,mapped_by_repository_refmet_field,repository-provided; exact class-name lookup; not independently verified,MW /data refmet_name; RefMet classification cache exact-name match,False,No explicit stable-isotope suffix detected,Retain as biological candidate; preserve analysis identity
ST003348,exercise,AN005483,Reversed phase POSITIVE ION MODE,ME875474,ST003348|AN005483|ME875474,LysoPE(0:0/16:0),LPE 0:0/16:0,RM0163368,Glycerophospholipids,Glycerophosphoethanolamines,LPE,mapped_by_repository_refmet_field,repository-provided; exact class-name lookup; not independently verified,MW /data refmet_name; RefMet classification cache exact-name match,False,No explicit stable-isotope suffix detected,Retain as biological candidate; preserve analysis identity
ST003348,exercise,AN005483,Reversed phase POSITIVE ION MODE,ME875487,ST003348|AN005483|ME875487,LysoPE(0:0/18:1),LPE 0:0/18:1,RM0048674,Glycerophospholipids,Glycerophosphoethanolamines,LPE,mapped_by_repository_refmet_field,repository-provided; exact class-name lookup; not independently verified,MW /data refmet_name; RefMet classification cache exact-name match,False,No explicit stable-isotope suffix detected,Retain as biological candidate; preserve analysis identity
ST003348,exercise,AN005483,Reversed phase POSITIVE ION MODE,ME875484,ST003348|AN005483|ME875484,LysoPE(0:0/18:2),LPE 0:0/18:2,RM0163369,Glycerophospholipids,Glycerophosphoethanolamines,LPE,mapped_by_repository_refmet_field,repository-provided; exact class-name lookup; not independently verified,MW /data refmet_name; RefMet classification cache exact-name match,False,No explicit stable-isotope suffix detected,Retain as biological candidate; preserve analysis identity
ST003348,exercise,AN005483,Reversed phase POSITIVE ION MODE,ME875499,ST003348|AN005483|ME875499,LysoPE(0:0/20:3),LPE 0:0/20:3,RM0133406,Glycerophospholipids,Glycerophosphoethanolamines,LPE,mapped_by_repository_refmet_field,repository-provided; exact class-name lookup; not independently verified,MW /data refmet_name; RefMet classification cache exact-name match,False,No explicit stable-isotope suffix detected,Retain as biological candidate; preserve analysis identity
ST003348,exercise,AN005483,Reversed phase POSITIVE ION MODE,ME875497,ST003348|AN005483|ME875497,LysoPE(0:0/20:4),LPE 0:0/20:4,RM0163352,Glycerophospholipids,Glycerophosphoethanolamines,LPE,mapped_by_repository_refmet_field,repository-provided; exact class-name lookup; not independently verified,MW /data refmet_name; RefMet classification cache exact-name match,False,No explicit stable-isotope suffix detected,Retain as biological candidate; preserve analysis identity
ST003348,exercise,AN005483,Reversed phase POSITIVE ION MODE,ME875514,ST003348|AN005483|ME875514,LysoPE(0:0/22:5n3),"LPE 0:0/22:5(7Z,10Z,13Z,16Z,19Z)",RM0133415,Glycerophospholipids,Glycerophosphoethanolamines,LPE,mapped_by_repository_refmet_field,repository-provided; exact class-name lookup; not independently verified,MW /data refmet_name; RefMet classification cache exact-name match,False,No explicit stable-isotope suffix detected,Retain as biological candidate; preserve analysis identity
ST003348,exercise,AN005483,Reversed phase POSITIVE ION MODE,ME875515,ST003348|AN005483|ME875515,LysoPE(0:0/22:5n6)+LysoPE(22:5n3/0:0),,,Unclassified,Unclassified,Unclassified,unmapped_no_refmet_name,not mapped,MW /data refmet_name; no exact classification-cache match,False,No explicit stable-isotope suffix detected,Retain for within-study PCA; omit from RefMet overlap
ST003348,exercise,AN005483,Reversed phase POSITIVE ION MODE,ME875512,ST003348|AN005483|ME875512,LysoPE(0:0/22:6),LPE 0:0/22:6,RM0048651,Glycerophospholipids,Glycerophosphoethanolamines,LPE,mapped_by_repository_refmet_field,repository-provided; exact class-name lookup; not independently verified,MW /data refmet_name; RefMet classification cache exact-name match,False,No explicit stable-isotope suffix detected,Retain as biological candidate; preserve analysis identity
ST003348,exercise,AN005483,Reversed phase POSITIVE ION MODE,ME875475,ST003348|AN005483|ME875475,LysoPE(16:0/0:0),LPE 16:0/0:0,RM0163373,Glycerophospholipids,Glycerophosphoethanolamines,LPE,mapped_by_repository_refmet_field,repository-provided; exact class-name lookup; not independently verified,MW /data refmet_name; RefMet classification cache exact-name match,False,No explicit stable-isotope suffix detected,Retain as biological candidate; preserve analysis identity
ST003348,exercise,AN005483,Reversed phase POSITIVE ION MODE,ME875471,ST003348|AN005483|ME875471,LysoPE(16:0p/0:0),LPE P-16:0,RM0092657,Glycerophospholipids,Glycerophosphoethanolamines,O-LPE,mapped_by_repository_refmet_field,repository-provided; exact class-name lookup; not independently verified,MW /data refmet_name; RefMet classification cache exact-name match,False,No explicit stable-isotope suffix detected,Retain as biological candidate; preserve analysis identity
ST003348,exercise,AN005483,Reversed phase POSITIVE ION MODE,ME875490,ST003348|AN005483|ME875490,LysoPE(18:0/0:0),LPE 18:0/0:0,RM0134457,Glycerophospholipids,Glycerophosphoethanolamines,LPE,mapped_by_repository_refmet_field,repository-provided; exact class-name lookup; not independently verified,MW /data refmet_name; RefMet classification cache exact-name match,False,No explicit stable-isotope suffix detected,Retain as biological candidate; preserve analysis identity
ST003348,exercise,AN005483,Reversed phase POSITIVE ION MODE,ME875479,ST003348|AN005483|ME875479,LysoPE(18:0p/0:0),LPE P-18:0,RM0133224,Glycerophospholipids,Glycerophosphoethanolamines,O-LPE,mapped_by_repository_refmet_field,repository-provided; exact class-name lookup; not independently verified,MW /data refmet_name; RefMet classification cache exact-name match,False,No explicit stable-isotope suffix detected,Retain as biological candidate; preserve analysis identity
ST003348,exercise,AN005483,Reversed phase POSITIVE ION MODE,ME875488,ST003348|AN005483|ME875488,LysoPE(18:1/0:0),LPE 18:1/0:0,RM0163371,Glycerophospholipids,Glycerophosphoethanolamines,LPE,mapped_by_repository_refmet_field,repository-provided; exact class-name lookup; not independently verified,MW /data refmet_name; RefMet classification cache exact-name match,False,No explicit stable-isotope suffix detected,Retain as biological candidate; preserve analysis identity
ST003348,exercise,AN005483,Reversed phase POSITIVE ION MODE,ME875478,ST003348|AN005483|ME875478,LysoPE(18:1p/0:0),,,Unclassified,Unclassified,Unclassified,unmapped_no_refmet_name,not mapped,MW /data refmet_name; no exact classification-cache match,False,No explicit stable-isotope suffix detected,Retain for within-study PCA; omit from RefMet overlap
ST003348,exercise,AN005483,Reversed phase POSITIVE ION MODE,ME875485,ST003348|AN005483|ME875485,LysoPE(18:2/0:0),LPE 18:2/0:0,RM0134460,Glycerophospholipids,Glycerophosphoethanolamines,LPE,mapped_by_repository_refmet_field,repository-provided; exact class-name lookup; not independently verified,MW /data refmet_name; RefMet classification cache exact-name match,False,No explicit stable-isotope suffix detected,Retain as biological candidate; preserve analysis identity
ST003348,exercise,AN005483,Reversed phase POSITIVE ION MODE,ME875500,ST003348|AN005483|ME875500,LysoPE(20:3/0:0),LPE 20:3/0:0,RM0048673,Glycerophospholipids,Glycerophosphoethanolamines,LPE,mapped_by_repository_refmet_field,repository-provided; exact class-name lookup; not independently verified,MW /data refmet_name; RefMet classification cache exact-name match,False,No explicit stable-isotope suffix detected,Retain as biological candidate; preserve analysis identity
ST003348,exercise,AN005483,Reversed phase POSITIVE ION MODE,ME875498,ST003348|AN005483|ME875498,LysoPE(20:4/0:0),LPE 20:4/0:0,RM0134450,Glycerophospholipids,Glycerophosphoethanolamines,LPE,mapped_by_repository_refmet_field,repository-provided; exact class-name lookup; not independently verified,MW /data refmet_name; RefMet classification cache exact-name match,False,No explicit stable-isotope suffix detected,Retain as biological candidate; preserve analysis identity
ST003348,exercise,AN005483,Reversed phase POSITIVE ION MODE,ME875516,ST003348|AN005483|ME875516,LysoPE(22:5n6/0:0),,,Unclassified,Unclassified,Unclassified,unmapped_no_refmet_name,not mapped,MW /data refmet_name; no exact classification-cache match,False,No explicit stable-isotope suffix detected,Retain for within-study PCA; omit from RefMet overlap
ST003348,exercise,AN005483,Reversed phase POSITIVE ION MODE,ME875513,ST003348|AN005483|ME875513,LysoPE(22:6/0:0),LPE 22:6/0:0,RM0134464,Glycerophospholipids,Glycerophosphoethanolamines,LPE,mapped_by_repository_refmet_field,repository-provided; exact class-name lookup; not independently verified,MW /data refmet_name; RefMet classification cache exact-name match,False,No explicit stable-isotope suffix detected,Retain as biological candidate; preserve analysis identity
ST003348,exercise,AN005483,Reversed phase POSITIVE ION MODE,ME875303,ST003348|AN005483|ME875303,Methionine sulfoxide,Methionine sulfoxide,RM0050489,Organic acids,Amino acids and peptides,Amino acids,mapped_by_repository_refmet_field,repository-provided; exact class-name lookup; not independently verified,MW /data refmet_name; RefMet classification cache exact-name match,False,No explicit stable-isotope suffix detected,Retain as biological candidate; preserve analysis identity
ST003348,exercise,AN005483,Reversed phase POSITIVE ION MODE,ME875320,ST003348|AN005483|ME875320,Methylcysteine,Methylcysteine,RM0012952,Organic acids,Amino acids and peptides,Amino acids,mapped_by_repository_refmet_field,repository-provided; exact class-name lookup; not independently verified,MW /data refmet_name; RefMet classification cache exact-name match,False,No explicit stable-isotope suffix detected,Retain as biological candidate; preserve analysis identity
ST003348,exercise,AN005483,Reversed phase POSITIVE ION MODE,ME875419,ST003348|AN005483|ME875419,Methylglutarylcarnitine(AcCa(iso6:0-DC),CAR DC5:0;3Me,RM0154056,Fatty Acyls,Fatty esters,Acyl carnitines,mapped_by_repository_refmet_field,repository-provided; exact class-name lookup; not independently verified,MW /data refmet_name; RefMet classification cache exact-name match,False,No explicit stable-isotope suffix detected,Retain as biological candidate; preserve analysis identity
ST003348,exercise,AN005483,Reversed phase POSITIVE ION MODE,ME875279,ST003348|AN005483|ME875279,Methylimidazoleacetic acid,Methylimidazoleacetic acid,RM0138952,Alkaloids,Histidine alkaloids,Imidazole alkaloids,mapped_by_repository_refmet_field,repository-provided; exact class-name lookup; not independently verified,MW /data refmet_name; RefMet classification cache exact-name match,False,No explicit stable-isotope suffix detected,Retain as biological candidate; preserve analysis identity
ST003348,exercise,AN005483,Reversed phase POSITIVE ION MODE,ME875401,ST003348|AN005483|ME875401,Metoprol,,,Unclassified,Unclassified,Unclassified,unmapped_no_refmet_name,not mapped,MW /data refmet_name; no exact classification-cache match,False,No explicit stable-isotope suffix detected,Retain for within-study PCA; omit from RefMet overlap
ST003348,exercise,AN005483,Reversed phase POSITIVE ION MODE,ME875309,ST003348|AN005483|ME875309,Metronidazole,Metronidazole,RM0136528,Alkaloids,Histidine alkaloids,Imidazole alkaloids,mapped_by_repository_refmet_field,repository-provided; exact class-name lookup; not independently verified,MW /data refmet_name; RefMet classification cache exact-name match,False,No explicit stable-isotope suffix detected,Retain as biological candidate; preserve analysis identity
ST003348,exercise,AN005483,Reversed phase POSITIVE ION MODE,ME875300,ST003348|AN005483|ME875300,N(6)-Methyllysine,N(6)-Methyllysine,RM0020527,Organic acids,Amino acids and peptides,Amino acids,mapped_by_repository_refmet_field,repository-provided; exact class-name lookup; not independently verified,MW /data refmet_name; RefMet classification cache exact-name match,False,No explicit stable-isotope suffix detected,Retain as biological candidate; preserve analysis identity
ST003348,exercise,AN005483,Reversed phase POSITIVE ION MODE,ME875360,ST003348|AN005483|ME875360,"N,N,N-Trimethyl-alanyl-proline betaine","N,N,N-Trimethyl-alanylproline betaine",RM0002582,Organic acids,Amino acids and peptides,Dipeptides,mapped_by_repository_refmet_field,repository-provided; exact class-name lookup; not independently verified,MW /data refmet_name; RefMet classification cache exact-name match,False,No explicit stable-isotope suffix detected,Retain as biological candidate; preserve analysis identity
ST003348,exercise,AN005483,Reversed phase POSITIVE ION MODE,ME875298,ST003348|AN005483|ME875298,"N,N,N-trimethyl-5-aminovaleric acid",delta-Valerobetaine,RM0187568,Fatty Acyls,Fatty acids,Amino FA,mapped_by_repository_refmet_field,repository-provided; exact class-name lookup; not independently verified,MW /data refmet_name; RefMet classification cache exact-name match,False,No explicit stable-isotope suffix detected,Retain as biological candidate; preserve analysis identity
ST003348,exercise,AN005483,Reversed phase POSITIVE ION MODE,ME875322,ST003348|AN005483|ME875322,N-(3-acetamidopropyl)pyrrolidin-2-one,Acisoga,RM0021446,Alkaloids,Ornithine alkaloids,Pyrrolidine alkaloids,mapped_by_repository_refmet_field,repository-provided; exact class-name lookup; not independently verified,MW /data refmet_name; RefMet classification cache exact-name match,False,No explicit stable-isotope suffix detected,Retain as biological candidate; preserve analysis identity
ST003348,exercise,AN005483,Reversed phase POSITIVE ION MODE,ME875348,ST003348|AN005483|ME875348,N-Acetyl-L-phenylalanine,N-Acetylphenylalanine,RM0138929,Organic acids,Amino acids and peptides,Amino acids,mapped_by_repository_refmet_field,repository-provided; exact class-name lookup; not independently verified,MW /data refmet_name; RefMet classification cache exact-name match,False,No explicit stable-isotope suffix detected,Retain as biological candidate; preserve analysis identity
ST003348,exercise,AN005483,Reversed phase POSITIVE ION MODE,ME875313,ST003348|AN005483|ME875313,N-Acetylasparagine,N-Acetylasparagine,RM0136298,Organic acids,Amino acids and peptides,Amino acids,mapped_by_repository_refmet_field,repository-provided; exact class-name lookup; not independently verified,MW /data refmet_name; RefMet classification cache exact-name match,False,No explicit stable-isotope suffix detected,Retain as biological candidate; preserve analysis identity
ST003348,exercise,AN005483,Reversed phase POSITIVE ION MODE,ME875282,ST003348|AN005483|ME875282,N-Acetylcadaverine,N-Acetylcadaverine,RM0136179,Alkaloids,Ornithine alkaloids,Polyamines,mapped_by_repository_refmet_field,repository-provided; exact class-name lookup; not independently verified,MW /data refmet_name; RefMet classification cache exact-name match,False,No explicit stable-isotope suffix detected,Retain as biological candidate; preserve analysis identity
ST003348,exercise,AN005483,Reversed phase POSITIVE ION MODE,ME875323,ST003348|AN005483|ME875323,N-Acetylglutamic acid,N-Acetylglutamic acid,RM0136738,Organic acids,Amino acids and peptides,Amino acids,mapped_by_repository_refmet_field,repository-provided; exact class-name lookup; not independently verified,MW /data refmet_name; RefMet classification cache exact-name match,False,No explicit stable-isotope suffix detected,Retain as biological candidate; preserve analysis identity
ST003348,exercise,AN005483,Reversed phase POSITIVE ION MODE,ME875307,ST003348|AN005483|ME875307,N-Acetylglutamine,N-Acetylglutamine,RM0138125,Organic acids,Amino acids and peptides,Amino acids,mapped_by_repository_refmet_field,repository-provided; exact class-name lookup; not independently verified,MW /data refmet_name; RefMet classification cache exact-name match,False,No explicit stable-isotope suffix detected,Retain as biological candidate; preserve analysis identity
ST003348,exercise,AN005483,Reversed phase POSITIVE ION MODE,ME875559,ST003348|AN005483|ME875559,N-Acetylisoleucine,N-Acetylisoleucine,RM0132242,Organic acids,Amino acids and peptides,Amino acids,mapped_by_repository_refmet_field,repository-provided; exact class-name lookup; not independently verified,MW /data refmet_name; RefMet classification cache exact-name match,False,No explicit stable-isotope suffix detected,Retain as biological candidate; preserve analysis identity
ST003348,exercise,AN005483,Reversed phase POSITIVE ION MODE,ME875312,ST003348|AN005483|ME875312,N-Acetylleucine,N-Acetylleucine,RM0136362,Organic acids,Amino acids and peptides,Amino acids,mapped_by_repository_refmet_field,repository-provided; exact class-name lookup; not independently verified,MW /data refmet_name; RefMet classification cache exact-name match,False,No explicit stable-isotope suffix detected,Retain as biological candidate; preserve analysis identity
ST003348,exercise,AN005483,Reversed phase POSITIVE ION MODE,ME875314,ST003348|AN005483|ME875314,N-Acetylornithine,N-Acetylornithine,RM0136214,Organic acids,Amino acids and peptides,Amino acids,mapped_by_repository_refmet_field,repository-provided; exact class-name lookup; not independently verified,MW /data refmet_name; RefMet classification cache exact-name match,False,No explicit stable-isotope suffix detected,Retain as biological candidate; preserve analysis identity
ST003348,exercise,AN005483,Reversed phase POSITIVE ION MODE,ME875268,ST003348|AN005483|ME875268,N-Acetylputrescine,N-Acetylputrescine,RM0136156,Alkaloids,Ornithine alkaloids,Polyamines,mapped_by_repository_refmet_field,repository-provided; exact class-name lookup; not independently verified,MW /data refmet_name; RefMet classification cache exact-name match,False,No explicit stable-isotope suffix detected,Retain as biological candidate; preserve analysis identity
ST003348,exercise,AN005483,Reversed phase POSITIVE ION MODE,ME875357,ST003348|AN005483|ME875357,N-Acetyltyrosine,N-Acetyltyrosine,RM0136012,Organic acids,Amino acids and peptides,Amino acids,mapped_by_repository_refmet_field,repository-provided; exact class-name lookup; not independently verified,MW /data refmet_name; RefMet classification cache exact-name match,False,No explicit stable-isotope suffix detected,Retain as biological candidate; preserve analysis identity
ST003348,exercise,AN005483,Reversed phase POSITIVE ION MODE,ME875386,ST003348|AN005483|ME875386,N-Hexosyl Alanine,,,Unclassified,Unclassified,Unclassified,unmapped_no_refmet_name,not mapped,MW /data refmet_name; no exact classification-cache match,False,No explicit stable-isotope suffix detected,Retain for within-study PCA; omit from RefMet overlap
ST003348,exercise,AN005483,Reversed phase POSITIVE ION MODE,ME875432,ST003348|AN005483|ME875432,N-Hexosyl Glutamine,,,Unclassified,Unclassified,Unclassified,unmapped_no_refmet_name,not mapped,MW /data refmet_name; no exact classification-cache match,False,No explicit stable-isotope suffix detected,Retain for within-study PCA; omit from RefMet overlap
ST003348,exercise,AN005483,Reversed phase POSITIVE ION MODE,ME875421,ST003348|AN005483|ME875421,N-Hexosyl Isoleucine,,,Unclassified,Unclassified,Unclassified,unmapped_no_refmet_name,not mapped,MW /data refmet_name; no exact classification-cache match,False,No explicit stable-isotope suffix detected,Retain for within-study PCA; omit from RefMet overlap
ST003348,exercise,AN005483,Reversed phase POSITIVE ION MODE,ME875263,ST003348|AN005483|ME875263,N-Hexosyl Leucine,,,Unclassified,Unclassified,Unclassified,unmapped_no_refmet_name,not mapped,MW /data refmet_name; no exact classification-cache match,False,No explicit stable-isotope suffix detected,Retain for within-study PCA; omit from RefMet overlap
ST003348,exercise,AN005483,Reversed phase POSITIVE ION MODE,ME875433,ST003348|AN005483|ME875433,N-Hexosyl Lysine,,,Unclassified,Unclassified,Unclassified,unmapped_no_refmet_name,not mapped,MW /data refmet_name; no exact classification-cache match,False,No explicit stable-isotope suffix detected,Retain for within-study PCA; omit from RefMet overlap
ST003348,exercise,AN005483,Reversed phase POSITIVE ION MODE,ME875443,ST003348|AN005483|ME875443,N-Hexosyl Phenylalanine,,,Unclassified,Unclassified,Unclassified,unmapped_no_refmet_name,not mapped,MW /data refmet_name; no exact classification-cache match,False,No explicit stable-isotope suffix detected,Retain for within-study PCA; omit from RefMet overlap
ST003348,exercise,AN005483,Reversed phase POSITIVE ION MODE,ME875404,ST003348|AN005483|ME875404,N-Hexosyl Proline,,,Unclassified,Unclassified,Unclassified,unmapped_no_refmet_name,not mapped,MW /data refmet_name; no exact classification-cache match,False,No explicit stable-isotope suffix detected,Retain for within-study PCA; omit from RefMet overlap
ST003348,exercise,AN005483,Reversed phase POSITIVE ION MODE,ME875448,ST003348|AN005483|ME875448,N-Hexosyl Tyrosine,,,Unclassified,Unclassified,Unclassified,unmapped_no_refmet_name,not mapped,MW /data refmet_name; no exact classification-cache match,False,No explicit stable-isotope suffix detected,Retain for within-study PCA; omit from RefMet overlap
ST003348,exercise,AN005483,Reversed phase POSITIVE ION MODE,ME875409,ST003348|AN005483|ME875409,N-Hexosyl Valine,,,Unclassified,Unclassified,Unclassified,unmapped_no_refmet_name,not mapped,MW /data refmet_name; no exact classification-cache match,False,No explicit stable-isotope suffix detected,Retain for within-study PCA; omit from RefMet overlap
ST003348,exercise,AN005483,Reversed phase POSITIVE ION MODE,ME875455,ST003348|AN005483|ME875455,N-Hexosyl tryptophan,,,Unclassified,Unclassified,Unclassified,unmapped_no_refmet_name,not mapped,MW /data refmet_name; no exact classification-cache match,False,No explicit stable-isotope suffix detected,Retain for within-study PCA; omit from RefMet overlap
ST003348,exercise,AN005483,Reversed phase POSITIVE ION MODE,ME875351,ST003348|AN005483|ME875351,N-a-Acetyl-L-arginine,N-Acetylarginine,RM0132228,Organic acids,Amino acids and peptides,Amino acids,mapped_by_repository_refmet_field,repository-provided; exact class-name lookup; not independently verified,MW /data refmet_name; RefMet classification cache exact-name match,False,No explicit stable-isotope suffix detected,Retain as biological candidate; preserve analysis identity
ST003348,exercise,AN005483,Reversed phase POSITIVE ION MODE,ME875290,ST003348|AN005483|ME875290,N-acetyltryptophan,N-Acetyl-tryptophan,,Unclassified,Unclassified,Unclassified,mapped_by_repository_refmet_field,repository-provided; exact class-name lookup; not independently verified,MW /data refmet_name; no exact classification-cache match,False,No explicit stable-isotope suffix detected,Retain as biological candidate; preserve analysis identity
ST003348,exercise,AN005483,Reversed phase POSITIVE ION MODE,ME875274,ST003348|AN005483|ME875274,N-gamma-Glu-Gln,,,Unclassified,Unclassified,Unclassified,unmapped_no_refmet_name,not mapped,MW /data refmet_name; no exact classification-cache match,False,No explicit stable-isotope suffix detected,Retain for within-study PCA; omit from RefMet overlap
ST003348,exercise,AN005483,Reversed phase POSITIVE ION MODE,ME875324,ST003348|AN005483|ME875324,N1-Acetylspermidine+N8-Acetylspermidine,N1-Acetylspermidine,RM0053025,Alkaloids,Ornithine alkaloids,Polyamines,mapped_by_repository_refmet_field,repository-provided; exact class-name lookup; not independently verified,MW /data refmet_name; RefMet classification cache exact-name match,False,No explicit stable-isotope suffix detected,Retain as biological candidate; preserve analysis identity
ST003348,exercise,AN005483,Reversed phase POSITIVE ION MODE,ME875308,ST003348|AN005483|ME875308,N1-Methyl-2-pyridone-5-carboxamide,N1-Methyl-2-pyridone-5-carboxamide,RM0030027,Alkaloids,Pyridine alkaloids,Nicotinic acid alkaloids,mapped_by_repository_refmet_field,repository-provided; exact class-name lookup; not independently verified,MW /data refmet_name; RefMet classification cache exact-name match,False,No explicit stable-isotope suffix detected,Retain as biological candidate; preserve analysis identity
ST003348,exercise,AN005483,Reversed phase POSITIVE ION MODE,ME875435,ST003348|AN005483|ME875435,"N2,N2-Dimethylguanosine","N2,N2-Dimethylguanosine",RM0136278,Nucleic acids,Purines,Purine ribonucleosides,mapped_by_repository_refmet_field,repository-provided; exact class-name lookup; not independently verified,MW /data refmet_name; RefMet classification cache exact-name match,False,No explicit stable-isotope suffix detected,Retain as biological candidate; preserve analysis identity
ST003348,exercise,AN005483,Reversed phase POSITIVE ION MODE,ME875305,ST003348|AN005483|ME875305,N2-Methylguanine,N2-Methylguanine,RM0188813,Nucleic acids,Purines,Hypoxanthines,mapped_by_repository_refmet_field,repository-provided; exact class-name lookup; not independently verified,MW /data refmet_name; RefMet classification cache exact-name match,False,No explicit stable-isotope suffix detected,Retain as biological candidate; preserve analysis identity
ST003348,exercise,AN005483,Reversed phase POSITIVE ION MODE,ME875332,ST003348|AN005483|ME875332,"N6,N6,N6-Trimethyl-L-lysine",N-6-Trimethyllysine,RM0009124,Organic acids,Amino acids and peptides,Amino acids,mapped_by_repository_refmet_field,repository-provided; exact class-name lookup; not independently verified,MW /data refmet_name; RefMet classification cache exact-name match,False,No explicit stable-isotope suffix detected,Retain as biological candidate; preserve analysis identity
ST003348,exercise,AN005483,Reversed phase POSITIVE ION MODE,ME875327,ST003348|AN005483|ME875327,N6-Acetyl-L-lysine,N6-Acetyllysine,RM0135910,Organic acids,Amino acids and peptides,Amino acids,mapped_by_repository_refmet_field,repository-provided; exact class-name lookup; not independently verified,MW /data refmet_name; RefMet classification cache exact-name match,False,No explicit stable-isotope suffix detected,Retain as biological candidate; preserve analysis identity
ST003348,exercise,AN005483,Reversed phase POSITIVE ION MODE,ME875413,ST003348|AN005483|ME875413,N6-Methyladenosine,N6-Methyladenosine,RM0156410,Nucleic acids,Purines,Purine ribonucleosides,mapped_by_repository_refmet_field,repository-provided; exact class-name lookup; not independently verified,MW /data refmet_name; RefMet classification cache exact-name match,False,No explicit stable-isotope suffix detected,Retain as biological candidate; preserve analysis identity
ST003348,exercise,AN005483,Reversed phase POSITIVE ION MODE,ME875262,ST003348|AN005483|ME875262,Niacinamide,Niacinamide,RM0156450,Alkaloids,Pyridine alkaloids,Nicotinic acid alkaloids,mapped_by_repository_refmet_field,repository-provided; exact class-name lookup; not independently verified,MW /data refmet_name; RefMet classification cache exact-name match,False,No explicit stable-isotope suffix detected,Retain as biological candidate; preserve analysis identity
ST003348,exercise,AN005483,Reversed phase POSITIVE ION MODE,ME875430,ST003348|AN005483|ME875430,Nonanoylcarnitine(AcCa(9:0),CAR 9:0,RM0153881,Fatty Acyls,Fatty esters,Acyl carnitines,mapped_by_repository_refmet_field,repository-provided; exact class-name lookup; not independently verified,MW /data refmet_name; RefMet classification cache exact-name match,False,No explicit stable-isotope suffix detected,Retain as biological candidate; preserve analysis identity
ST003348,exercise,AN005483,Reversed phase POSITIVE ION MODE,ME875415,ST003348|AN005483|ME875415,Octadecanamide,Stearamide,RM0153092,Fatty Acyls,Fatty amides,Primary amides,mapped_by_repository_refmet_field,repository-provided; exact class-name lookup; not independently verified,MW /data refmet_name; RefMet classification cache exact-name match,False,No explicit stable-isotope suffix detected,Retain as biological candidate; preserve analysis identity
ST003348,exercise,AN005483,Reversed phase POSITIVE ION MODE,ME875462,ST003348|AN005483|ME875462,Octaethylene glycol(PEG-8),Octaethylene glycol,RM0022047,Organic oxygen compounds,Ethers,Polyethylene glycols,mapped_by_repository_refmet_field,repository-provided; exact class-name lookup; not independently verified,MW /data refmet_name; RefMet classification cache exact-name match,False,No explicit stable-isotope suffix detected,Retain as biological candidate; preserve analysis identity
ST003348,exercise,AN005483,Reversed phase POSITIVE ION MODE,ME875418,ST003348|AN005483|ME875418,Octanoylcarnitine(AcCa(8:0),CAR 8:0,RM0154093,Fatty Acyls,Fatty esters,Acyl carnitines,mapped_by_repository_refmet_field,repository-provided; exact class-name lookup; not independently verified,MW /data refmet_name; RefMet classification cache exact-name match,False,No explicit stable-isotope suffix detected,Retain as biological candidate; preserve analysis identity
ST003348,exercise,AN005483,Reversed phase POSITIVE ION MODE,ME875417,ST003348|AN005483|ME875417,Octenoylcarnitine(AcCa(8:1),CAR 8:1,RM0154083,Fatty Acyls,Fatty esters,Acyl carnitines,mapped_by_repository_refmet_field,repository-provided; exact class-name lookup; not independently verified,MW /data refmet_name; RefMet classification cache exact-name match,False,No explicit stable-isotope suffix detected,Retain as biological candidate; preserve analysis identity
ST003348,exercise,AN005483,Reversed phase POSITIVE ION MODE,ME875563,ST003348|AN005483|ME875563,Octenoylcarnitine(AcCa(8:1) isomer,CAR 8:1,RM0154083,Fatty Acyls,Fatty esters,Acyl carnitines,mapped_by_repository_refmet_field,repository-provided; exact class-name lookup; not independently verified,MW /data refmet_name; RefMet classification cache exact-name match,False,No explicit stable-isotope suffix detected,Retain as biological candidate; preserve analysis identity
ST003348,exercise,AN005483,Reversed phase POSITIVE ION MODE,ME875414,ST003348|AN005483|ME875414,Oleamide,Oleamide,RM0150636,Fatty Acyls,Fatty amides,Primary amides,mapped_by_repository_refmet_field,repository-provided; exact class-name lookup; not independently verified,MW /data refmet_name; RefMet classification cache exact-name match,False,No explicit stable-isotope suffix detected,Retain as biological candidate; preserve analysis identity
ST003348,exercise,AN005483,Reversed phase POSITIVE ION MODE,ME875468,ST003348|AN005483|ME875468,Oleoylcarnitine(AcCa(18:1),CAR 18:1(9Z),RM0154188,Fatty Acyls,Fatty esters,Acyl carnitines,mapped_by_repository_refmet_field,repository-provided; exact class-name lookup; not independently verified,MW /data refmet_name; RefMet classification cache exact-name match,False,No explicit stable-isotope suffix detected,Retain as biological candidate; preserve analysis identity
ST003348,exercise,AN005483,Reversed phase POSITIVE ION MODE,ME875541,ST003348|AN005483|ME875541,Ornithine,Ornithine,RM0135912,Organic acids,Amino acids and peptides,Amino acids,mapped_by_repository_refmet_field,repository-provided; exact class-name lookup; not independently verified,MW /data refmet_name; RefMet classification cache exact-name match,False,No explicit stable-isotope suffix detected,Retain as biological candidate; preserve analysis identity
ST003348,exercise,AN005483,Reversed phase POSITIVE ION MODE,ME875389,ST003348|AN005483|ME875389,Palmitic amide,Palmitamide,RM0150638,Fatty Acyls,Fatty amides,Primary amides,mapped_by_repository_refmet_field,repository-provided; exact class-name lookup; not independently verified,MW /data refmet_name; RefMet classification cache exact-name match,False,No explicit stable-isotope suffix detected,Retain as biological candidate; preserve analysis identity
ST003348,exercise,AN005483,Reversed phase POSITIVE ION MODE,ME875465,ST003348|AN005483|ME875465,Palmitoylcarnitine(AcCa(16:0),CAR 16:0,RM0153848,Fatty Acyls,Fatty esters,Acyl carnitines,mapped_by_repository_refmet_field,repository-provided; exact class-name lookup; not independently verified,MW /data refmet_name; RefMet classification cache exact-name match,False,No explicit stable-isotope suffix detected,Retain as biological candidate; preserve analysis identity
ST003348,exercise,AN005483,Reversed phase POSITIVE ION MODE,ME875321,ST003348|AN005483|ME875321,Palmitoylethanolamide,Palmitoyl-EA,RM0153080,Fatty Acyls,Fatty amides,NAE,mapped_by_repository_refmet_field,repository-provided; exact class-name lookup; not independently verified,MW /data refmet_name; RefMet classification cache exact-name match,False,No explicit stable-isotope suffix detected,Retain as biological candidate; preserve analysis identity
ST003348,exercise,AN005483,Reversed phase POSITIVE ION MODE,ME875542,ST003348|AN005483|ME875542,Pantothenic acid,Pantothenic acid,RM0136730,Organic acids,Amino acids and peptides,Amino acids,mapped_by_repository_refmet_field,repository-provided; exact class-name lookup; not independently verified,MW /data refmet_name; RefMet classification cache exact-name match,False,No explicit stable-isotope suffix detected,Retain as biological candidate; preserve analysis identity
ST003348,exercise,AN005483,Reversed phase POSITIVE ION MODE,ME875347,ST003348|AN005483|ME875347,Pantothenol,Pantothenol,RM0155733,Organic acids,Amino acids and peptides,Amino acids,mapped_by_repository_refmet_field,repository-provided; exact class-name lookup; not independently verified,MW /data refmet_name; RefMet classification cache exact-name match,False,No explicit stable-isotope suffix detected,Retain as biological candidate; preserve analysis identity
ST003348,exercise,AN005483,Reversed phase POSITIVE ION MODE,ME875423,ST003348|AN005483|ME875423,Phe-Glu,Phe-Glu,RM0041814,Organic acids,Amino acids and peptides,Dipeptides,mapped_by_repository_refmet_field,repository-provided; exact class-name lookup; not independently verified,MW /data refmet_name; RefMet classification cache exact-name match,False,No explicit stable-isotope suffix detected,Retain as biological candidate; preserve analysis identity
ST003348,exercise,AN005483,Reversed phase POSITIVE ION MODE,ME875355,ST003348|AN005483|ME875355,Phe-Gly,Phe-Gly,RM0027565,Organic acids,Amino acids and peptides,Dipeptides,mapped_by_repository_refmet_field,repository-provided; exact class-name lookup; not independently verified,MW /data refmet_name; RefMet classification cache exact-name match,False,No explicit stable-isotope suffix detected,Retain as biological candidate; preserve analysis identity
ST003348,exercise,AN005483,Reversed phase POSITIVE ION MODE,ME875285,ST003348|AN005483|ME875285,Phe-Ile,Phe-Ile,RM0129804,Organic acids,Amino acids and peptides,Dipeptides,mapped_by_repository_refmet_field,repository-provided; exact class-name lookup; not independently verified,MW /data refmet_name; RefMet classification cache exact-name match,False,No explicit stable-isotope suffix detected,Retain as biological candidate; preserve analysis identity
ST003348,exercise,AN005483,Reversed phase POSITIVE ION MODE,ME875294,ST003348|AN005483|ME875294,Phe-Phe,Phe-Phe,RM0137544,Organic acids,Amino acids and peptides,Dipeptides,mapped_by_repository_refmet_field,repository-provided; exact class-name lookup; not independently verified,MW /data refmet_name; RefMet classification cache exact-name match,False,No explicit stable-isotope suffix detected,Retain as biological candidate; preserve analysis identity
ST003348,exercise,AN005483,Reversed phase POSITIVE ION MODE,ME875387,ST003348|AN005483|ME875387,Phe-Ser,Phe-Ser,RM0012475,Organic acids,Amino acids and peptides,Dipeptides,mapped_by_repository_refmet_field,repository-provided; exact class-name lookup; not independently verified,MW /data refmet_name; RefMet classification cache exact-name match,False,No explicit stable-isotope suffix detected,Retain as biological candidate; preserve analysis identity
ST003348,exercise,AN005483,Reversed phase POSITIVE ION MODE,ME875451,ST003348|AN005483|ME875451,Phe-Trp,Phe-Trp,RM0012532,Organic acids,Amino acids and peptides,Dipeptides,mapped_by_repository_refmet_field,repository-provided; exact class-name lookup; not independently verified,MW /data refmet_name; RefMet classification cache exact-name match,False,No explicit stable-isotope suffix detected,Retain as biological candidate; preserve analysis identity
ST003348,exercise,AN005483,Reversed phase POSITIVE ION MODE,ME875295,ST003348|AN005483|ME875295,Phenylacetylglutamine,alpha-N-Phenylacetylglutamine,RM0056200,Organic acids,Amino acids and peptides,Amino acids,mapped_by_repository_refmet_field,repository-provided; exact class-name lookup; not independently verified,MW /data refmet_name; RefMet classification cache exact-name match,False,No explicit stable-isotope suffix detected,Retain as biological candidate; preserve analysis identity
ST003348,exercise,AN005483,Reversed phase POSITIVE ION MODE,ME875336,ST003348|AN005483|ME875336,Phenylacetylglycine,Phenylacetylglycine,RM0012731,Organic acids,Amino acids and peptides,Amino acids,mapped_by_repository_refmet_field,repository-provided; exact class-name lookup; not independently verified,MW /data refmet_name; RefMet classification cache exact-name match,False,No explicit stable-isotope suffix detected,Retain as biological candidate; preserve analysis identity
ST003348,exercise,AN005483,Reversed phase POSITIVE ION MODE,ME875441,ST003348|AN005483|ME875441,Phytosphingosine,Phytosphingosine,RM0135447,Sphingolipids,Sphingoid bases,Phytosphingosines,mapped_by_repository_refmet_field,repository-provided; exact class-name lookup; not independently verified,MW /data refmet_name; RefMet classification cache exact-name match,False,No explicit stable-isotope suffix detected,Retain as biological candidate; preserve analysis identity
ST003348,exercise,AN005483,Reversed phase POSITIVE ION MODE,ME875557,ST003348|AN005483|ME875557,Pipecolic acid,Pipecolic acid,RM0135981,Organic acids,Amino acids and peptides,Amino acids,mapped_by_repository_refmet_field,repository-provided; exact class-name lookup; not independently verified,MW /data refmet_name; RefMet classification cache exact-name match,False,No explicit stable-isotope suffix detected,Retain as biological candidate; preserve analysis identity
ST003348,exercise,AN005483,Reversed phase POSITIVE ION MODE,ME875358,ST003348|AN005483|ME875358,Porphobilinogen,Porphobilinogen,RM0138927,Organic nitrogen compounds,Amines,Aralkylamines,mapped_by_repository_refmet_field,repository-provided; exact class-name lookup; not independently verified,MW /data refmet_name; RefMet classification cache exact-name match,False,No explicit stable-isotope suffix detected,Retain as biological candidate; preserve analysis identity
ST003348,exercise,AN005483,Reversed phase POSITIVE ION MODE,ME875359,ST003348|AN005483|ME875359,Pro-Hyp,,,Unclassified,Unclassified,Unclassified,unmapped_no_refmet_name,not mapped,MW /data refmet_name; no exact classification-cache match,False,No explicit stable-isotope suffix detected,Retain for within-study PCA; omit from RefMet overlap
ST003348,exercise,AN005483,Reversed phase POSITIVE ION MODE,ME875281,ST003348|AN005483|ME875281,Proline betaine,Proline betaine,RM0012987,Organic acids,Amino acids and peptides,Amino acids,mapped_by_repository_refmet_field,repository-provided; exact class-name lookup; not independently verified,MW /data refmet_name; RefMet classification cache exact-name match,False,No explicit stable-isotope suffix detected,Retain as biological candidate; preserve analysis identity
ST003348,exercise,AN005483,Reversed phase POSITIVE ION MODE,ME875352,ST003348|AN005483|ME875352,Propionylcarnitine(AcCa(3:0),CAR 3:0,RM0154041,Fatty Acyls,Fatty esters,Acyl carnitines,mapped_by_repository_refmet_field,repository-provided; exact class-name lookup; not independently verified,MW /data refmet_name; RefMet classification cache exact-name match,False,No explicit stable-isotope suffix detected,Retain as biological candidate; preserve analysis identity
ST003348,exercise,AN005483,Reversed phase POSITIVE ION MODE,ME875273,ST003348|AN005483|ME875273,Propylparaben,Propylparaben,RM0136658,Benzenoids,Benzoic acids,Hydroxybenzoic acids,mapped_by_repository_refmet_field,repository-provided; exact class-name lookup; not independently verified,MW /data refmet_name; RefMet classification cache exact-name match,False,No explicit stable-isotope suffix detected,Retain as biological candidate; preserve analysis identity
ST003348,exercise,AN005483,Reversed phase POSITIVE ION MODE,ME875532,ST003348|AN005483|ME875532,Pyroglutamic acid,Pyroglutamic acid,RM0135924,Organic acids,Amino acids and peptides,Amino acids,mapped_by_repository_refmet_field,repository-provided; exact class-name lookup; not independently verified,MW /data refmet_name; RefMet classification cache exact-name match,False,No explicit stable-isotope suffix detected,Retain as biological candidate; preserve analysis identity
ST003348,exercise,AN005483,Reversed phase POSITIVE ION MODE,ME875264,ST003348|AN005483|ME875264,Pyroglutamine,Pyroglutamine,RM0048167,Organic acids,Amino acids and peptides,Amino acids,mapped_by_repository_refmet_field,repository-provided; exact class-name lookup; not independently verified,MW /data refmet_name; RefMet classification cache exact-name match,False,No explicit stable-isotope suffix detected,Retain as biological candidate; preserve analysis identity
ST003348,exercise,AN005483,Reversed phase POSITIVE ION MODE,ME875306,ST003348|AN005483|ME875306,Quinolinic acid,Quinolinic acid,RM0135916,Alkaloids,Pyridine alkaloids,Nicotinic acid alkaloids,mapped_by_repository_refmet_field,repository-provided; exact class-name lookup; not independently verified,MW /data refmet_name; RefMet classification cache exact-name match,False,No explicit stable-isotope suffix detected,Retain as biological candidate; preserve analysis identity
ST003348,exercise,AN005483,Reversed phase POSITIVE ION MODE,ME875302,ST003348|AN005483|ME875302,S-Methylmethionine,S-Methylmethionine,RM0002543,Organic acids,Amino acids and peptides,Amino acids,mapped_by_repository_refmet_field,repository-provided; exact class-name lookup; not independently verified,MW /data refmet_name; RefMet classification cache exact-name match,False,No explicit stable-isotope suffix detected,Retain as biological candidate; preserve analysis identity
ST003348,exercise,AN005483,Reversed phase POSITIVE ION MODE,ME875354,ST003348|AN005483|ME875354,Ser-Leu,Ser-Leu,RM0012859,Organic acids,Amino acids and peptides,Dipeptides,mapped_by_repository_refmet_field,repository-provided; exact class-name lookup; not independently verified,MW /data refmet_name; RefMet classification cache exact-name match,False,No explicit stable-isotope suffix detected,Retain as biological candidate; preserve analysis identity
ST003348,exercise,AN005483,Reversed phase POSITIVE ION MODE,ME875388,ST003348|AN005483|ME875388,Ser-Phe,Ser-Phe,RM0012832,Organic acids,Amino acids and peptides,Dipeptides,mapped_by_repository_refmet_field,repository-provided; exact class-name lookup; not independently verified,MW /data refmet_name; RefMet classification cache exact-name match,False,No explicit stable-isotope suffix detected,Retain as biological candidate; preserve analysis identity
ST003348,exercise,AN005483,Reversed phase POSITIVE ION MODE,ME875297,ST003348|AN005483|ME875297,Serotonin,Serotonin,RM0050344,Alkaloids,Tryptophan alkaloids,Tryptamines,mapped_by_repository_refmet_field,repository-provided; exact class-name lookup; not independently verified,MW /data refmet_name; RefMet classification cache exact-name match,False,No explicit stable-isotope suffix detected,Retain as biological candidate; preserve analysis identity
ST003348,exercise,AN005483,Reversed phase POSITIVE ION MODE,ME875289,ST003348|AN005483|ME875289,Spermidine,Spermidine,RM0041813,Alkaloids,Ornithine alkaloids,Polyamines,mapped_by_repository_refmet_field,repository-provided; exact class-name lookup; not independently verified,MW /data refmet_name; RefMet classification cache exact-name match,False,No explicit stable-isotope suffix detected,Retain as biological candidate; preserve analysis identity
ST003348,exercise,AN005483,Reversed phase POSITIVE ION MODE,ME875340,ST003348|AN005483|ME875340,Spermine,Spermine,RM0033343,Alkaloids,Ornithine alkaloids,Polyamines,mapped_by_repository_refmet_field,repository-provided; exact class-name lookup; not independently verified,MW /data refmet_name; RefMet classification cache exact-name match,False,No explicit stable-isotope suffix detected,Retain as biological candidate; preserve analysis identity
ST003348,exercise,AN005483,Reversed phase POSITIVE ION MODE,ME875431,ST003348|AN005483|ME875431,Sphinganine,Sphinganine,RM0135445,Sphingolipids,Sphingoid bases,Sphinganines,mapped_by_repository_refmet_field,repository-provided; exact class-name lookup; not independently verified,MW /data refmet_name; RefMet classification cache exact-name match,False,No explicit stable-isotope suffix detected,Retain as biological candidate; preserve analysis identity
ST003348,exercise,AN005483,Reversed phase POSITIVE ION MODE,ME875460,ST003348|AN005483|ME875460,Sphinganine 1-phosphate,Sphinganine 1-phosphate,RM0135449,Sphingolipids,Sphingoid bases,Sphingoid base 1-P,mapped_by_repository_refmet_field,repository-provided; exact class-name lookup; not independently verified,MW /data refmet_name; RefMet classification cache exact-name match,False,No explicit stable-isotope suffix detected,Retain as biological candidate; preserve analysis identity
ST003348,exercise,AN005483,Reversed phase POSITIVE ION MODE,ME875429,ST003348|AN005483|ME875429,Sphingosine,Sphingosine,RM0135443,Sphingolipids,Sphingoid bases,Sphingosines,mapped_by_repository_refmet_field,repository-provided; exact class-name lookup; not independently verified,MW /data refmet_name; RefMet classification cache exact-name match,False,No explicit stable-isotope suffix detected,Retain as biological candidate; preserve analysis identity
ST003348,exercise,AN005483,Reversed phase POSITIVE ION MODE,ME875459,ST003348|AN005483|ME875459,Sphingosine 1-phosphate,Sphingosine 1-phosphate,RM0138834,Sphingolipids,Sphingoid bases,Sphingoid base 1-P,mapped_by_repository_refmet_field,repository-provided; exact class-name lookup; not independently verified,MW /data refmet_name; RefMet classification cache exact-name match,False,No explicit stable-isotope suffix detected,Retain as biological candidate; preserve analysis identity
ST003348,exercise,AN005483,Reversed phase POSITIVE ION MODE,ME875469,ST003348|AN005483|ME875469,Stearoylcarnitine(AcCa(18:0),CAR 18:0,RM0153850,Fatty Acyls,Fatty esters,Acyl carnitines,mapped_by_repository_refmet_field,repository-provided; exact class-name lookup; not independently verified,MW /data refmet_name; RefMet classification cache exact-name match,False,No explicit stable-isotope suffix detected,Retain as biological candidate; preserve analysis identity
ST003348,exercise,AN005483,Reversed phase POSITIVE ION MODE,ME875444,ST003348|AN005483|ME875444,Stearoylethanolamide,Stearoyl-EA,RM0153067,Fatty Acyls,Fatty amides,NAE,mapped_by_repository_refmet_field,repository-provided; exact class-name lookup; not independently verified,MW /data refmet_name; RefMet classification cache exact-name match,False,No explicit stable-isotope suffix detected,Retain as biological candidate; preserve analysis identity
ST003348,exercise,AN005483,Reversed phase POSITIVE ION MODE,ME875397,ST003348|AN005483|ME875397,Succinylcarnitine(AcCa(4:0-DC),CAR DC4:0,RM0154186,Fatty Acyls,Fatty esters,Acyl carnitines,mapped_by_repository_refmet_field,repository-provided; exact class-name lookup; not independently verified,MW /data refmet_name; RefMet classification cache exact-name match,False,No explicit stable-isotope suffix detected,Retain as biological candidate; preserve analysis identity
ST003348,exercise,AN005483,Reversed phase POSITIVE ION MODE,ME875534,ST003348|AN005483|ME875534,Taurine,Taurine,RM0118223,Organic acids,Sulfonic acids,Sulfonic acids,mapped_by_repository_refmet_field,repository-provided; exact class-name lookup; not independently verified,MW /data refmet_name; RefMet classification cache exact-name match,False,No explicit stable-isotope suffix detected,Retain as biological candidate; preserve analysis identity
ST003348,exercise,AN005483,Reversed phase POSITIVE ION MODE,ME875546,ST003348|AN005483|ME875546,Taurine-D4,Taurine,RM0118223,Organic acids,Sulfonic acids,Sulfonic acids,excluded_isotope_labeled_or_internal_standard,repository-provided; exact class-name lookup; not independently verified,MW /data refmet_name; RefMet classification cache exact-name match,True,Explicit stable-isotope suffix in source-reported name,Exclude row from biological analyses
ST003348,exercise,AN005483,Reversed phase POSITIVE ION MODE,ME875291,ST003348|AN005483|ME875291,Tetradecadiencarnitine(AcCa(14:2) 1,CAR 14:2,RM0154069,Fatty Acyls,Fatty esters,Acyl carnitines,mapped_by_repository_refmet_field,repository-provided; exact class-name lookup; not independently verified,MW /data refmet_name; RefMet classification cache exact-name match,False,No explicit stable-isotope suffix detected,Retain as biological candidate; preserve analysis identity
ST003348,exercise,AN005483,Reversed phase POSITIVE ION MODE,ME875537,ST003348|AN005483|ME875537,Tetradecaethylene glycol(PEG-14),,,Unclassified,Unclassified,Unclassified,unmapped_no_refmet_name,not mapped,MW /data refmet_name; no exact classification-cache match,False,No explicit stable-isotope suffix detected,Retain for within-study PCA; omit from RefMet overlap
ST003348,exercise,AN005483,Reversed phase POSITIVE ION MODE,ME875458,ST003348|AN005483|ME875458,Tetradecanoylcarnitine(AcCa(14:0),CAR 14:0,RM0154013,Fatty Acyls,Fatty esters,Acyl carnitines,mapped_by_repository_refmet_field,repository-provided; exact class-name lookup; not independently verified,MW /data refmet_name; RefMet classification cache exact-name match,False,No explicit stable-isotope suffix detected,Retain as biological candidate; preserve analysis identity
ST003348,exercise,AN005483,Reversed phase POSITIVE ION MODE,ME875457,ST003348|AN005483|ME875457,Tetradecenoylcarnitine(AcCa(14:1),CAR 14:1,RM0154190,Fatty Acyls,Fatty esters,Acyl carnitines,mapped_by_repository_refmet_field,repository-provided; exact class-name lookup; not independently verified,MW /data refmet_name; RefMet classification cache exact-name match,False,No explicit stable-isotope suffix detected,Retain as biological candidate; preserve analysis identity
ST003348,exercise,AN005483,Reversed phase POSITIVE ION MODE,ME875338,ST003348|AN005483|ME875338,Tetraethylene glycol(PEG-4),Tetraethylene glycol,RM0031738,Organic oxygen compounds,Ethers,Polyethylene glycols,mapped_by_repository_refmet_field,repository-provided; exact class-name lookup; not independently verified,MW /data refmet_name; RefMet classification cache exact-name match,False,No explicit stable-isotope suffix detected,Retain as biological candidate; preserve analysis identity
ST003348,exercise,AN005483,Reversed phase POSITIVE ION MODE,ME875318,ST003348|AN005483|ME875318,Theobromine,Theobromine,RM0159435,Nucleic acids,Purines,Xanthines,mapped_by_repository_refmet_field,repository-provided; exact class-name lookup; not independently verified,MW /data refmet_name; RefMet classification cache exact-name match,False,No explicit stable-isotope suffix detected,Retain as biological candidate; preserve analysis identity
ST003348,exercise,AN005483,Reversed phase POSITIVE ION MODE,ME875319,ST003348|AN005483|ME875319,Theophylline,Theophylline,RM0136130,Nucleic acids,Purines,Xanthines,mapped_by_repository_refmet_field,repository-provided; exact class-name lookup; not independently verified,MW /data refmet_name; RefMet classification cache exact-name match,False,No explicit stable-isotope suffix detected,Retain as biological candidate; preserve analysis identity
ST003348,exercise,AN005483,Reversed phase POSITIVE ION MODE,ME875535,ST003348|AN005483|ME875535,Thyroxine,Thyroxine,RM0135922,Organic acids,Amino acids and peptides,Amino acids,mapped_by_repository_refmet_field,repository-provided; exact class-name lookup; not independently verified,MW /data refmet_name; RefMet classification cache exact-name match,False,No explicit stable-isotope suffix detected,Retain as biological candidate; preserve analysis identity
ST003348,exercise,AN005483,Reversed phase POSITIVE ION MODE,ME875373,ST003348|AN005483|ME875373,Tiglylcarnitine(AcCa(5:1),CAR 4:1;2Me,RM0154204,Fatty Acyls,Fatty esters,Acyl carnitines,mapped_by_repository_refmet_field,repository-provided; exact class-name lookup; not independently verified,MW /data refmet_name; RefMet classification cache exact-name match,False,No explicit stable-isotope suffix detected,Retain as biological candidate; preserve analysis identity
ST003348,exercise,AN005483,Reversed phase POSITIVE ION MODE,ME875453,ST003348|AN005483|ME875453,Tridecanoylcarnitine(AcCa(13:0),CAR 13:0,RM0154157,Fatty Acyls,Fatty esters,Acyl carnitines,mapped_by_repository_refmet_field,repository-provided; exact class-name lookup; not independently verified,MW /data refmet_name; RefMet classification cache exact-name match,False,No explicit stable-isotope suffix detected,Retain as biological candidate; preserve analysis identity
ST003348,exercise,AN005483,Reversed phase POSITIVE ION MODE,ME875276,ST003348|AN005483|ME875276,Trigonelline,Trigonelline,RM0136017,Alkaloids,Pyridine alkaloids,Nicotinic acid alkaloids,mapped_by_repository_refmet_field,repository-provided; exact class-name lookup; not independently verified,MW /data refmet_name; RefMet classification cache exact-name match,False,No explicit stable-isotope suffix detected,Retain as biological candidate; preserve analysis identity
ST003348,exercise,AN005483,Reversed phase POSITIVE ION MODE,ME875538,ST003348|AN005483|ME875538,Trimethylamine N-oxide,Trimethylamine N-oxide,RM0156066,Organic nitrogen compounds,Amine oxides,Trisubstituted amine oxides,mapped_by_repository_refmet_field,repository-provided; exact class-name lookup; not independently verified,MW /data refmet_name; RefMet classification cache exact-name match,False,No explicit stable-isotope suffix detected,Retain as biological candidate; preserve analysis identity
ST003348,exercise,AN005483,Reversed phase POSITIVE ION MODE,ME875280,ST003348|AN005483|ME875280,Tryptamine,Tryptamine,RM0049799,Alkaloids,Tryptophan alkaloids,Tryptamines,mapped_by_repository_refmet_field,repository-provided; exact class-name lookup; not independently verified,MW /data refmet_name; RefMet classification cache exact-name match,False,No explicit stable-isotope suffix detected,Retain as biological candidate; preserve analysis identity
ST003348,exercise,AN005483,Reversed phase POSITIVE ION MODE,ME875266,ST003348|AN005483|ME875266,Tryptophan 2-C-mannoside,alpha-C-Mannosyltryptophan,RM0157976,Organoheterocyclic compounds,Indolyl carboxylic acids,Indolyl carboxylic acids,mapped_by_repository_refmet_field,repository-provided; exact class-name lookup; not independently verified,MW /data refmet_name; RefMet classification cache exact-name match,False,No explicit stable-isotope suffix detected,Retain as biological candidate; preserve analysis identity
ST003348,exercise,AN005483,Reversed phase POSITIVE ION MODE,ME875384,ST003348|AN005483|ME875384,Tryptophan betaine,Lenticin,RM0108718,Alkaloids,Tryptophan alkaloids,Tryptamines,mapped_by_repository_refmet_field,repository-provided; exact class-name lookup; not independently verified,MW /data refmet_name; RefMet classification cache exact-name match,False,No explicit stable-isotope suffix detected,Retain as biological candidate; preserve analysis identity
ST003348,exercise,AN005483,Reversed phase POSITIVE ION MODE,ME875445,ST003348|AN005483|ME875445,Undecanoylcarnitine(AcCa(11:0),CAR 11:0,RM0154085,Fatty Acyls,Fatty esters,Acyl carnitines,mapped_by_repository_refmet_field,repository-provided; exact class-name lookup; not independently verified,MW /data refmet_name; RefMet classification cache exact-name match,False,No explicit stable-isotope suffix detected,Retain as biological candidate; preserve analysis identity
ST003348,exercise,AN005483,Reversed phase POSITIVE ION MODE,ME875437,ST003348|AN005483|ME875437,Uracil,Uracil,RM0135934,Nucleic acids,Pyrimidines,Other pyrimidines,mapped_by_repository_refmet_field,repository-provided; exact class-name lookup; not independently verified,MW /data refmet_name; RefMet classification cache exact-name match,False,No explicit stable-isotope suffix detected,Retain as biological candidate; preserve analysis identity
ST003348,exercise,AN005483,Reversed phase POSITIVE ION MODE,ME875261,ST003348|AN005483|ME875261,Urea,Urea,RM0117395,Organic nitrogen compounds,Organonitrogen compounds,Ureas,mapped_by_repository_refmet_field,repository-provided; exact class-name lookup; not independently verified,MW /data refmet_name; RefMet classification cache exact-name match,False,No explicit stable-isotope suffix detected,Retain as biological candidate; preserve analysis identity
ST003348,exercise,AN005483,Reversed phase POSITIVE ION MODE,ME875456,ST003348|AN005483|ME875456,Uric acid,Uric acid,RM0160856,Nucleic acids,Purines,Xanthines,mapped_by_repository_refmet_field,repository-provided; exact class-name lookup; not independently verified,MW /data refmet_name; RefMet classification cache exact-name match,False,No explicit stable-isotope suffix detected,Retain as biological candidate; preserve analysis identity
ST003348,exercise,AN005483,Reversed phase POSITIVE ION MODE,ME875374,ST003348|AN005483|ME875374,Uridine+Pseudouridine,Uridine,RM0135933,Nucleic acids,Pyrimidines,Pyrimidine ribonucleosides,mapped_by_repository_refmet_field,repository-provided; exact class-name lookup; not independently verified,MW /data refmet_name; RefMet classification cache exact-name match,False,No explicit stable-isotope suffix detected,Retain as biological candidate; preserve analysis identity
ST003348,exercise,AN005483,Reversed phase POSITIVE ION MODE,ME875277,ST003348|AN005483|ME875277,Urocanic acid,Urocanic acid,RM0135935,Alkaloids,Histidine alkaloids,Imidazole alkaloids,mapped_by_repository_refmet_field,repository-provided; exact class-name lookup; not independently verified,MW /data refmet_name; RefMet classification cache exact-name match,False,No explicit stable-isotope suffix detected,Retain as biological candidate; preserve analysis identity
ST003348,exercise,AN005483,Reversed phase POSITIVE ION MODE,ME875365,ST003348|AN005483|ME875365,Val-Ile + Leu-Val,,,Unclassified,Unclassified,Unclassified,unmapped_no_refmet_name,not mapped,MW /data refmet_name; no exact classification-cache match,False,No explicit stable-isotope suffix detected,Retain for within-study PCA; omit from RefMet overlap
ST003348,exercise,AN005483,Reversed phase POSITIVE ION MODE,ME875366,ST003348|AN005483|ME875366,Val-Leu,Val-Leu,RM0129809,Organic acids,Amino acids and peptides,Dipeptides,mapped_by_repository_refmet_field,repository-provided; exact class-name lookup; not independently verified,MW /data refmet_name; RefMet classification cache exact-name match,False,No explicit stable-isotope suffix detected,Retain as biological candidate; preserve analysis identity
ST003348,exercise,AN005483,Reversed phase POSITIVE ION MODE,ME875440,ST003348|AN005483|ME875440,Xanthine,Xanthine,RM0135930,Nucleic acids,Purines,Xanthines,mapped_by_repository_refmet_field,repository-provided; exact class-name lookup; not independently verified,MW /data refmet_name; RefMet classification cache exact-name match,False,No explicit stable-isotope suffix detected,Retain as biological candidate; preserve analysis identity
ST003348,exercise,AN005483,Reversed phase POSITIVE ION MODE,ME875436,ST003348|AN005483|ME875436,alpha-Aminobutyric acid,2-Aminobutyric acid,RM0162502,Organic acids,Amino acids and peptides,Amino acids,mapped_by_repository_refmet_field,repository-provided; exact class-name lookup; not independently verified,MW /data refmet_name; RefMet classification cache exact-name match,False,No explicit stable-isotope suffix detected,Retain as biological candidate; preserve analysis identity
ST003348,exercise,AN005483,Reversed phase POSITIVE ION MODE,ME875353,ST003348|AN005483|ME875353,gamma-Glu-Ala,gamma-Glutamylalanine,RM0136304,Organic acids,Amino acids and peptides,Dipeptides,mapped_by_repository_refmet_field,repository-provided; exact class-name lookup; not independently verified,MW /data refmet_name; RefMet classification cache exact-name match,False,No explicit stable-isotope suffix detected,Retain as biological candidate; preserve analysis identity
ST003348,exercise,AN005483,Reversed phase POSITIVE ION MODE,ME875395,ST003348|AN005483|ME875395,gamma-Glu-Ile,gamma-Glutamylisoleucine,RM0131708,Organic acids,Amino acids and peptides,Dipeptides,mapped_by_repository_refmet_field,repository-provided; exact class-name lookup; not independently verified,MW /data refmet_name; RefMet classification cache exact-name match,False,No explicit stable-isotope suffix detected,Retain as biological candidate; preserve analysis identity
ST003348,exercise,AN005483,Reversed phase POSITIVE ION MODE,ME875396,ST003348|AN005483|ME875396,gamma-Glu-Leu,gamma-Glutamylleucine,RM0012894,Organic acids,Amino acids and peptides,Dipeptides,mapped_by_repository_refmet_field,repository-provided; exact class-name lookup; not independently verified,MW /data refmet_name; RefMet classification cache exact-name match,False,No explicit stable-isotope suffix detected,Retain as biological candidate; preserve analysis identity
ST003348,exercise,AN005483,Reversed phase POSITIVE ION MODE,ME875405,ST003348|AN005483|ME875405,gamma-Glu-Met,gamma-Glutamylmethionine,RM0137490,Organic acids,Amino acids and peptides,Dipeptides,mapped_by_repository_refmet_field,repository-provided; exact class-name lookup; not independently verified,MW /data refmet_name; RefMet classification cache exact-name match,False,No explicit stable-isotope suffix detected,Retain as biological candidate; preserve analysis identity
ST003348,exercise,AN005483,Reversed phase POSITIVE ION MODE,ME875406,ST003348|AN005483|ME875406,gamma-Glu-Phe,gamma-Glutamylphenylalanine,RM0020395,Organic acids,Amino acids and peptides,Dipeptides,mapped_by_repository_refmet_field,repository-provided; exact class-name lookup; not independently verified,MW /data refmet_name; RefMet classification cache exact-name match,False,No explicit stable-isotope suffix detected,Retain as biological candidate; preserve analysis identity
ST003348,exercise,AN005483,Reversed phase POSITIVE ION MODE,ME875385,ST003348|AN005483|ME875385,gamma-Glu-Thr,gamma-Glutamylthreonine,RM0052735,Organic acids,Amino acids and peptides,Dipeptides,mapped_by_repository_refmet_field,repository-provided; exact class-name lookup; not independently verified,MW /data refmet_name; RefMet classification cache exact-name match,False,No explicit stable-isotope suffix detected,Retain as biological candidate; preserve analysis identity
ST003348,exercise,AN005483,Reversed phase POSITIVE ION MODE,ME875434,ST003348|AN005483|ME875434,gamma-Glu-Tyr,gamma-Glutamyltyrosine,RM0136359,Organic acids,Amino acids and peptides,Dipeptides,mapped_by_repository_refmet_field,repository-provided; exact class-name lookup; not independently verified,MW /data refmet_name; RefMet classification cache exact-name match,False,No explicit stable-isotope suffix detected,Retain as biological candidate; preserve analysis identity
ST003348,exercise,AN005483,Reversed phase POSITIVE ION MODE,ME875381,ST003348|AN005483|ME875381,gamma-Glu-Val,gamma-Glutamylvaline,RM0137112,Organic acids,Amino acids and peptides,Dipeptides,mapped_by_repository_refmet_field,repository-provided; exact class-name lookup; not independently verified,MW /data refmet_name; RefMet classification cache exact-name match,False,No explicit stable-isotope suffix detected,Retain as biological candidate; preserve analysis identity
ST003348,exercise,AN005484,Reversed phase NEGATIVE ION MODE,ME875824,ST003348|AN005484|ME875824,"(4E,15E)-Bilirubin IXa",,,Unclassified,Unclassified,Unclassified,unmapped_no_refmet_name,not mapped,MW /data refmet_name; no exact classification-cache match,False,No explicit stable-isotope suffix detected,Retain for within-study PCA; omit from RefMet overlap
ST003348,exercise,AN005484,Reversed phase NEGATIVE ION MODE,ME875826,ST003348|AN005484|ME875826,"(4E,15Z)-Bilirubin IXa",,,Unclassified,Unclassified,Unclassified,unmapped_no_refmet_name,not mapped,MW /data refmet_name; no exact classification-cache match,False,No explicit stable-isotope suffix detected,Retain for within-study PCA; omit from RefMet overlap
ST003348,exercise,AN005484,Reversed phase NEGATIVE ION MODE,ME875601,ST003348|AN005484|ME875601,"1,5-Anhydrosorbitol","1,5-Anhydrosorbitol",RM0028221,Carbohydrates,Monosaccharides,Hexoses,mapped_by_repository_refmet_field,repository-provided; exact class-name lookup; not independently verified,MW /data refmet_name; RefMet classification cache exact-name match,False,No explicit stable-isotope suffix detected,Retain as biological candidate; preserve analysis identity
ST003348,exercise,AN005484,Reversed phase NEGATIVE ION MODE,ME875630,ST003348|AN005484|ME875630,"1,7-Dimethyluric acid","1,7-Dimethyluric acid",RM0033507,Nucleic acids,Purines,Xanthines,mapped_by_repository_refmet_field,repository-provided; exact class-name lookup; not independently verified,MW /data refmet_name; RefMet classification cache exact-name match,False,No explicit stable-isotope suffix detected,Retain as biological candidate; preserve analysis identity
ST003348,exercise,AN005484,Reversed phase NEGATIVE ION MODE,ME875750,ST003348|AN005484|ME875750,11-HETE,11-HETE,RM0153440,Fatty Acyls,Eicosanoids,HETE,mapped_by_repository_refmet_field,repository-provided; exact class-name lookup; not independently verified,MW /data refmet_name; RefMet classification cache exact-name match,False,No explicit stable-isotope suffix detected,Retain as biological candidate; preserve analysis identity
ST003348,exercise,AN005484,Reversed phase NEGATIVE ION MODE,ME875744,ST003348|AN005484|ME875744,"12,13-DHOME","12,13-DiHOME",RM0138124,Fatty Acyls,Octadecanoids,DiHOME,mapped_by_repository_refmet_field,repository-provided; exact class-name lookup; not independently verified,MW /data refmet_name; RefMet classification cache exact-name match,False,No explicit stable-isotope suffix detected,Retain as biological candidate; preserve analysis identity
ST003348,exercise,AN005484,Reversed phase NEGATIVE ION MODE,ME875749,ST003348|AN005484|ME875749,12-HETE,12-HETE,RM0152612,Fatty Acyls,Eicosanoids,HETE,mapped_by_repository_refmet_field,repository-provided; exact class-name lookup; not independently verified,MW /data refmet_name; RefMet classification cache exact-name match,False,No explicit stable-isotope suffix detected,Retain as biological candidate; preserve analysis identity
ST003348,exercise,AN005484,Reversed phase NEGATIVE ION MODE,ME875725,ST003348|AN005484|ME875725,12-Hydroxystearic acid,12-Hydroxy stearic acid,RM0158548,Fatty Acyls,Octadecanoids,HODA,mapped_by_repository_refmet_field,repository-provided; exact class-name lookup; not independently verified,MW /data refmet_name; RefMet classification cache exact-name match,False,No explicit stable-isotope suffix detected,Retain as biological candidate; preserve analysis identity
ST003348,exercise,AN005484,Reversed phase NEGATIVE ION MODE,ME875661,ST003348|AN005484|ME875661,14-Hydroxymyristic acid(FFA(14:0-OH),,,Unclassified,Unclassified,Unclassified,unmapped_no_refmet_name,not mapped,MW /data refmet_name; no exact classification-cache match,False,No explicit stable-isotope suffix detected,Retain for within-study PCA; omit from RefMet overlap
ST003348,exercise,AN005484,Reversed phase NEGATIVE ION MODE,ME875748,ST003348|AN005484|ME875748,15-HETE,15-HETE,RM0153441,Fatty Acyls,Eicosanoids,HETE,mapped_by_repository_refmet_field,repository-provided; exact class-name lookup; not independently verified,MW /data refmet_name; RefMet classification cache exact-name match,False,No explicit stable-isotope suffix detected,Retain as biological candidate; preserve analysis identity
ST003348,exercise,AN005484,Reversed phase NEGATIVE ION MODE,ME875692,ST003348|AN005484|ME875692,16-Hydroxyhexadecanoic acid,Juniperic acid,RM0153658,Fatty Acyls,Fatty acids,Hydroxy FA,mapped_by_repository_refmet_field,repository-provided; exact class-name lookup; not independently verified,MW /data refmet_name; RefMet classification cache exact-name match,False,No explicit stable-isotope suffix detected,Retain as biological candidate; preserve analysis identity
ST003348,exercise,AN005484,Reversed phase NEGATIVE ION MODE,ME875678,ST003348|AN005484|ME875678,2'-O-Methyluridine,2'-O-Methyluridine,RM0137001,Nucleic acids,Pyrimidines,Other pyrimidines,mapped_by_repository_refmet_field,repository-provided; exact class-name lookup; not independently verified,MW /data refmet_name; RefMet classification cache exact-name match,False,No explicit stable-isotope suffix detected,Retain as biological candidate; preserve analysis identity
ST003348,exercise,AN005484,Reversed phase NEGATIVE ION MODE,ME875616,ST003348|AN005484|ME875616,"2,3-Dihydroxy-5-methylthio-4-pentenoic acid(DMTPA)",,,Unclassified,Unclassified,Unclassified,unmapped_no_refmet_name,not mapped,MW /data refmet_name; no exact classification-cache match,False,No explicit stable-isotope suffix detected,Retain for within-study PCA; omit from RefMet overlap
ST003348,exercise,AN005484,Reversed phase NEGATIVE ION MODE,ME875578,ST003348|AN005484|ME875578,2-Hydroxy-3-methylbutyric acid+3-Hydroxy-3-methylbutyric acid,,,Unclassified,Unclassified,Unclassified,unmapped_no_refmet_name,not mapped,MW /data refmet_name; no exact classification-cache match,False,No explicit stable-isotope suffix detected,Retain for within-study PCA; omit from RefMet overlap
ST003348,exercise,AN005484,Reversed phase NEGATIVE ION MODE,ME875572,ST003348|AN005484|ME875572,2-Hydroxybutyric acid+3-Hydroxybutyric acid,,,Unclassified,Unclassified,Unclassified,unmapped_no_refmet_name,not mapped,MW /data refmet_name; no exact classification-cache match,False,No explicit stable-isotope suffix detected,Retain for within-study PCA; omit from RefMet overlap
ST003348,exercise,AN005484,Reversed phase NEGATIVE ION MODE,ME875648,ST003348|AN005484|ME875648,2-Hydroxydodecanoic acid,2-Hydroxylauric acid,RM0139522,Fatty Acyls,Fatty acids,Hydroxy FA,mapped_by_repository_refmet_field,repository-provided; exact class-name lookup; not independently verified,MW /data refmet_name; RefMet classification cache exact-name match,False,No explicit stable-isotope suffix detected,Retain as biological candidate; preserve analysis identity
ST003348,exercise,AN005484,Reversed phase NEGATIVE ION MODE,ME875591,ST003348|AN005484|ME875591,2-Hydroxyglutaric acid,2-Hydroxyglutaric acid,RM0153554,Fatty Acyls,Fatty acids,Dicarboxylic acids,mapped_by_repository_refmet_field,repository-provided; exact class-name lookup; not independently verified,MW /data refmet_name; RefMet classification cache exact-name match,False,No explicit stable-isotope suffix detected,Retain as biological candidate; preserve analysis identity
ST003348,exercise,AN005484,Reversed phase NEGATIVE ION MODE,ME875663,ST003348|AN005484|ME875663,2-Hydroxymyristic acid(FFA(14:0-OH),2-Hydroxymyristic acid,RM0153127,Fatty Acyls,Fatty acids,Hydroxy FA,mapped_by_repository_refmet_field,repository-provided; exact class-name lookup; not independently verified,MW /data refmet_name; RefMet classification cache exact-name match,False,No explicit stable-isotope suffix detected,Retain as biological candidate; preserve analysis identity
ST003348,exercise,AN005484,Reversed phase NEGATIVE ION MODE,ME875724,ST003348|AN005484|ME875724,2-Hydroxystearic acid,2-Hydroxystearic acid,RM0139462,Fatty Acyls,Fatty acids,Hydroxy FA,mapped_by_repository_refmet_field,repository-provided; exact class-name lookup; not independently verified,MW /data refmet_name; RefMet classification cache exact-name match,False,No explicit stable-isotope suffix detected,Retain as biological candidate; preserve analysis identity
ST003348,exercise,AN005484,Reversed phase NEGATIVE ION MODE,ME875644,ST003348|AN005484|ME875644,2-Methylcitric acid,2-Methylcitric acid,RM0137020,Organic acids,Carboxylic acids,Tricarboxylic acids,mapped_by_repository_refmet_field,repository-provided; exact class-name lookup; not independently verified,MW /data refmet_name; RefMet classification cache exact-name match,False,No explicit stable-isotope suffix detected,Retain as biological candidate; preserve analysis identity
ST003348,exercise,AN005484,Reversed phase NEGATIVE ION MODE,ME875624,ST003348|AN005484|ME875624,2-O-Methylascorbic acid,2-O-Methylascorbic acid,RM0158902,Organoheterocyclic compounds,Lactones,Gamma butyrolactones,mapped_by_repository_refmet_field,repository-provided; exact class-name lookup; not independently verified,MW /data refmet_name; RefMet classification cache exact-name match,False,No explicit stable-isotope suffix detected,Retain as biological candidate; preserve analysis identity
ST003348,exercise,AN005484,Reversed phase NEGATIVE ION MODE,ME875579,ST003348|AN005484|ME875579,"3,4-Dihydroxybutyric acid","3,4-Dihydroxybutyric acid",RM0153368,Fatty Acyls,Fatty acids,Hydroxy FA,mapped_by_repository_refmet_field,repository-provided; exact class-name lookup; not independently verified,MW /data refmet_name; RefMet classification cache exact-name match,False,No explicit stable-isotope suffix detected,Retain as biological candidate; preserve analysis identity
ST003348,exercise,AN005484,Reversed phase NEGATIVE ION MODE,ME875687,ST003348|AN005484|ME875687,3-Carboxy-4-methyl-5-pentyl-2-furanpropanoic acid,3-Carboxy-4-methyl-5-pentyl-2-furanpropanoic acid,RM0153253,Fatty Acyls,Fatty acids,Heterocyclic FA,mapped_by_repository_refmet_field,repository-provided; exact class-name lookup; not independently verified,MW /data refmet_name; RefMet classification cache exact-name match,False,No explicit stable-isotope suffix detected,Retain as biological candidate; preserve analysis identity
ST003348,exercise,AN005484,Reversed phase NEGATIVE ION MODE,ME875779,ST003348|AN005484|ME875779,3-Epideoxycholic acidacid,,,Unclassified,Unclassified,Unclassified,unmapped_no_refmet_name,not mapped,MW /data refmet_name; no exact classification-cache match,False,No explicit stable-isotope suffix detected,Retain for within-study PCA; omit from RefMet overlap
ST003348,exercise,AN005484,Reversed phase NEGATIVE ION MODE,ME875623,ST003348|AN005484|ME875623,3-Hydroxycapric acid(FFA(10:0-OH),3-Hydroxydecanoic acid,RM0138800,Fatty Acyls,Fatty acids,Hydroxy FA,mapped_by_repository_refmet_field,repository-provided; exact class-name lookup; not independently verified,MW /data refmet_name; RefMet classification cache exact-name match,False,No explicit stable-isotope suffix detected,Retain as biological candidate; preserve analysis identity
ST003348,exercise,AN005484,Reversed phase NEGATIVE ION MODE,ME875647,ST003348|AN005484|ME875647,3-Hydroxydodecanoic acid,3-Hydroxydodecanoic acid,RM0155761,Fatty Acyls,Fatty acids,Hydroxy FA,mapped_by_repository_refmet_field,repository-provided; exact class-name lookup; not independently verified,MW /data refmet_name; RefMet classification cache exact-name match,False,No explicit stable-isotope suffix detected,Retain as biological candidate; preserve analysis identity
ST003348,exercise,AN005484,Reversed phase NEGATIVE ION MODE,ME875691,ST003348|AN005484|ME875691,3-Hydroxyhexadecanoic acid,3-Hydroxyhexadecanoic acid,RM0134969,Fatty Acyls,Fatty acids,Hydroxy FA,mapped_by_repository_refmet_field,repository-provided; exact class-name lookup; not independently verified,MW /data refmet_name; RefMet classification cache exact-name match,False,No explicit stable-isotope suffix detected,Retain as biological candidate; preserve analysis identity
ST003348,exercise,AN005484,Reversed phase NEGATIVE ION MODE,ME875585,ST003348|AN005484|ME875585,3-Hydroxyhexanoic acid,3-Hydroxycaproic acid,RM0153179,Fatty Acyls,Fatty acids,Hydroxy FA,mapped_by_repository_refmet_field,repository-provided; exact class-name lookup; not independently verified,MW /data refmet_name; RefMet classification cache exact-name match,False,No explicit stable-isotope suffix detected,Retain as biological candidate; preserve analysis identity
ST003348,exercise,AN005484,Reversed phase NEGATIVE ION MODE,ME875628,ST003348|AN005484|ME875628,3-Hydroxyhippuric acid,3-Hydroxyhippuric acid,RM0136303,Benzenoids,Benzamides,Hippuric acids,mapped_by_repository_refmet_field,repository-provided; exact class-name lookup; not independently verified,MW /data refmet_name; RefMet classification cache exact-name match,False,No explicit stable-isotope suffix detected,Retain as biological candidate; preserve analysis identity
ST003348,exercise,AN005484,Reversed phase NEGATIVE ION MODE,ME875599,ST003348|AN005484|ME875599,3-Hydroxymethylglutaric acid,3-Hydroxymethylglutaric acid,RM0155771,Fatty Acyls,Fatty acids,Dicarboxylic acids,mapped_by_repository_refmet_field,repository-provided; exact class-name lookup; not independently verified,MW /data refmet_name; RefMet classification cache exact-name match,False,No explicit stable-isotope suffix detected,Retain as biological candidate; preserve analysis identity
ST003348,exercise,AN005484,Reversed phase NEGATIVE ION MODE,ME875662,ST003348|AN005484|ME875662,3-Hydroxymyristic acid(FFA(14:0-OH),3-Hydroxytetradecanoic acid,RM0138976,Fatty Acyls,Fatty acids,Hydroxy FA,mapped_by_repository_refmet_field,repository-provided; exact class-name lookup; not independently verified,MW /data refmet_name; RefMet classification cache exact-name match,False,No explicit stable-isotope suffix detected,Retain as biological candidate; preserve analysis identity
ST003348,exercise,AN005484,Reversed phase NEGATIVE ION MODE,ME875596,ST003348|AN005484|ME875596,3-Hydroxyoctanoic acid(FFA(8:0-OH),3-Hydroxyoctanoic acid,RM0139998,Fatty Acyls,Fatty acids,Hydroxy FA,mapped_by_repository_refmet_field,repository-provided; exact class-name lookup; not independently verified,MW /data refmet_name; RefMet classification cache exact-name match,False,No explicit stable-isotope suffix detected,Retain as biological candidate; preserve analysis identity
ST003348,exercise,AN005484,Reversed phase NEGATIVE ION MODE,ME875612,ST003348|AN005484|ME875612,3-Hydroxypyridine sulfate,3-Hydroxypyridine sulfate,RM0002210,Alkaloids,Pyridine alkaloids,Nicotinic acid alkaloids,mapped_by_repository_refmet_field,repository-provided; exact class-name lookup; not independently verified,MW /data refmet_name; RefMet classification cache exact-name match,False,No explicit stable-isotope suffix detected,Retain as biological candidate; preserve analysis identity
ST003348,exercise,AN005484,Reversed phase NEGATIVE ION MODE,ME875723,ST003348|AN005484|ME875723,3-Hydroxystearic acid,3-Hydroxystearic acid,RM0153735,Fatty Acyls,Octadecanoids,HODA,mapped_by_repository_refmet_field,repository-provided; exact class-name lookup; not independently verified,MW /data refmet_name; RefMet classification cache exact-name match,False,No explicit stable-isotope suffix detected,Retain as biological candidate; preserve analysis identity
ST003348,exercise,AN005484,Reversed phase NEGATIVE ION MODE,ME875581,ST003348|AN005484|ME875581,3-Methyl-2-oxovaleric acid,3-Methyl-2-oxovaleric acid,RM0118344,Organic acids,Keto acids,Short-chain keto acids,mapped_by_repository_refmet_field,repository-provided; exact class-name lookup; not independently verified,MW /data refmet_name; RefMet classification cache exact-name match,False,No explicit stable-isotope suffix detected,Retain as biological candidate; preserve analysis identity
ST003348,exercise,AN005484,Reversed phase NEGATIVE ION MODE,ME875589,ST003348|AN005484|ME875589,3-Methylglutaconic acid,3E-Methylglutaconic acid,RM0139460,Fatty Acyls,Fatty acids,Dicarboxylic acids,mapped_by_repository_refmet_field,repository-provided; exact class-name lookup; not independently verified,MW /data refmet_name; RefMet classification cache exact-name match,False,No explicit stable-isotope suffix detected,Retain as biological candidate; preserve analysis identity
ST003348,exercise,AN005484,Reversed phase NEGATIVE ION MODE,ME875657,ST003348|AN005484|ME875657,3-Oxotetradecanoic acid,3-Oxotetradecanoic acid,RM0153682,Fatty Acyls,Fatty acids,Oxo FA,mapped_by_repository_refmet_field,repository-provided; exact class-name lookup; not independently verified,MW /data refmet_name; RefMet classification cache exact-name match,False,No explicit stable-isotope suffix detected,Retain as biological candidate; preserve analysis identity
ST003348,exercise,AN005484,Reversed phase NEGATIVE ION MODE,ME875799,ST003348|AN005484|ME875799,3b-Hydroxy-5-cholenoic acid glycine conjugate,,,Unclassified,Unclassified,Unclassified,unmapped_no_refmet_name,not mapped,MW /data refmet_name; no exact classification-cache match,False,No explicit stable-isotope suffix detected,Retain for within-study PCA; omit from RefMet overlap
ST003348,exercise,AN005484,Reversed phase NEGATIVE ION MODE,ME875774,ST003348|AN005484|ME875774,3beta-Hydroxy-5-cholenoic acid,3beta-Hydroxy-5-cholenoic acid,RM0126107,Sterol Lipids,Bile acids,C24 bile acids,mapped_by_repository_refmet_field,repository-provided; exact class-name lookup; not independently verified,MW /data refmet_name; RefMet classification cache exact-name match,False,No explicit stable-isotope suffix detected,Retain as biological candidate; preserve analysis identity
ST003348,exercise,AN005484,Reversed phase NEGATIVE ION MODE,ME875673,ST003348|AN005484|ME875673,3beta-Hydroxy-5-cholenoic acid glycine conjugate 3-O-sulfate,,,Unclassified,Unclassified,Unclassified,unmapped_no_refmet_name,not mapped,MW /data refmet_name; no exact classification-cache match,False,No explicit stable-isotope suffix detected,Retain for within-study PCA; omit from RefMet overlap
ST003348,exercise,AN005484,Reversed phase NEGATIVE ION MODE,ME875704,ST003348|AN005484|ME875704,3beta-Hydroxy-5-cholenoic acid taurine conjugate 3-O-sulfate,,,Unclassified,Unclassified,Unclassified,unmapped_no_refmet_name,not mapped,MW /data refmet_name; no exact classification-cache match,False,No explicit stable-isotope suffix detected,Retain for within-study PCA; omit from RefMet overlap
ST003348,exercise,AN005484,Reversed phase NEGATIVE ION MODE,ME875795,ST003348|AN005484|ME875795,3beta-Hydroxy-5-cholestenoic acid,Cholestenoic acid,RM0002423,Sterol Lipids,Bile acids,C27 bile acids,mapped_by_repository_refmet_field,repository-provided; exact class-name lookup; not independently verified,MW /data refmet_name; RefMet classification cache exact-name match,False,No explicit stable-isotope suffix detected,Retain as biological candidate; preserve analysis identity
ST003348,exercise,AN005484,Reversed phase NEGATIVE ION MODE,ME875664,ST003348|AN005484|ME875664,4-Hydroxychlorothalonil,4-Hydroxychlorothalonil,RM0002547,Benzenoids,Benzenes,Other benzenes,mapped_by_repository_refmet_field,repository-provided; exact class-name lookup; not independently verified,MW /data refmet_name; RefMet classification cache exact-name match,False,No explicit stable-isotope suffix detected,Retain as biological candidate; preserve analysis identity
ST003348,exercise,AN005484,Reversed phase NEGATIVE ION MODE,ME875582,ST003348|AN005484|ME875582,4-Hydroxyproline,cis-4-Hydroxyproline,RM0021808,Organic acids,Amino acids and peptides,Amino acids,mapped_by_repository_refmet_field,repository-provided; exact class-name lookup; not independently verified,MW /data refmet_name; RefMet classification cache exact-name match,False,No explicit stable-isotope suffix detected,Retain as biological candidate; preserve analysis identity
ST003348,exercise,AN005484,Reversed phase NEGATIVE ION MODE,ME875640,ST003348|AN005484|ME875640,4-Methylcatechol 1-sulfate,4-Methylcatechol 1-sulfate,RM0186595,Benzenoids,Phenols,Catechols,mapped_by_repository_refmet_field,repository-provided; exact class-name lookup; not independently verified,MW /data refmet_name; RefMet classification cache exact-name match,False,No explicit stable-isotope suffix detected,Retain as biological candidate; preserve analysis identity
ST003348,exercise,AN005484,Reversed phase NEGATIVE ION MODE,ME875639,ST003348|AN005484|ME875639,4-Methylcatechol 2-sulfate,4-Methylcatechol 2-sulfate,RM0186642,Benzenoids,Phenols,Catechols,mapped_by_repository_refmet_field,repository-provided; exact class-name lookup; not independently verified,MW /data refmet_name; RefMet classification cache exact-name match,False,No explicit stable-isotope suffix detected,Retain as biological candidate; preserve analysis identity
ST003348,exercise,AN005484,Reversed phase NEGATIVE ION MODE,ME875632,ST003348|AN005484|ME875632,4-Vinylphenol sulfate,4-Hydroxystyrene,RM0161661,Benzenoids,Benzenes,Styrenes,mapped_by_repository_refmet_field,repository-provided; exact class-name lookup; not independently verified,MW /data refmet_name; RefMet classification cache exact-name match,False,No explicit stable-isotope suffix detected,Retain as biological candidate; preserve analysis identity
ST003348,exercise,AN005484,Reversed phase NEGATIVE ION MODE,ME875667,ST003348|AN005484|ME875667,"5,6-Dihydrouridine","5,6-Dihydrouridine",RM0135958,Nucleic acids,Pyrimidines,Pyrimidine ribonucleosides,mapped_by_repository_refmet_field,repository-provided; exact class-name lookup; not independently verified,MW /data refmet_name; RefMet classification cache exact-name match,False,No explicit stable-isotope suffix detected,Retain as biological candidate; preserve analysis identity
ST003348,exercise,AN005484,Reversed phase NEGATIVE ION MODE,ME875751,ST003348|AN005484|ME875751,5-HETE,5-HETE,RM0158210,Fatty Acyls,Eicosanoids,HETE,mapped_by_repository_refmet_field,repository-provided; exact class-name lookup; not independently verified,MW /data refmet_name; RefMet classification cache exact-name match,False,No explicit stable-isotope suffix detected,Retain as biological candidate; preserve analysis identity
ST003348,exercise,AN005484,Reversed phase NEGATIVE ION MODE,ME875695,ST003348|AN005484|ME875695,5-Hydroxyhexadecanoic acid,5-Hydroxyhexadecanoic acid,RM0227015,Fatty Acyls,Fatty acids,Hydroxy FA,mapped_by_repository_refmet_field,repository-provided; exact class-name lookup; not independently verified,MW /data refmet_name; RefMet classification cache exact-name match,False,No explicit stable-isotope suffix detected,Retain as biological candidate; preserve analysis identity
ST003348,exercise,AN005484,Reversed phase NEGATIVE ION MODE,ME875677,ST003348|AN005484|ME875677,5-Methyluridine,Ribothymidine,RM0138932,Nucleic acids,Pyrimidines,Pyrimidine ribonucleosides,mapped_by_repository_refmet_field,repository-provided; exact class-name lookup; not independently verified,MW /data refmet_name; RefMet classification cache exact-name match,False,No explicit stable-isotope suffix detected,Retain as biological candidate; preserve analysis identity
ST003348,exercise,AN005484,Reversed phase NEGATIVE ION MODE,ME875655,ST003348|AN005484|ME875655,"5alpha-Pregnan-3beta,20alpha-diol disulfate","5alpha-Pregnan-3beta,20alpha-diol disulfate",RM0125928,Sterol Lipids,Steroids,C21 Steroids,mapped_by_repository_refmet_field,repository-provided; exact class-name lookup; not independently verified,MW /data refmet_name; RefMet classification cache exact-name match,False,No explicit stable-isotope suffix detected,Retain as biological candidate; preserve analysis identity
ST003348,exercise,AN005484,Reversed phase NEGATIVE ION MODE,ME875796,ST003348|AN005484|ME875796,5beta-Pregnanediol sulfate,,,Unclassified,Unclassified,Unclassified,unmapped_no_refmet_name,not mapped,MW /data refmet_name; no exact classification-cache match,False,No explicit stable-isotope suffix detected,Retain for within-study PCA; omit from RefMet overlap
ST003348,exercise,AN005484,Reversed phase NEGATIVE ION MODE,ME875588,ST003348|AN005484|ME875588,6-Oxopiperidine-2-carboxylic acid,6-oxopiperidine-2-carboxylic acid,,Unclassified,Unclassified,Unclassified,mapped_by_repository_refmet_field,repository-provided; exact class-name lookup; not independently verified,MW /data refmet_name; no exact classification-cache match,False,No explicit stable-isotope suffix detected,Retain as biological candidate; preserve analysis identity
ST003348,exercise,AN005484,Reversed phase NEGATIVE ION MODE,ME875798,ST003348|AN005484|ME875798,7alpha-Hydroxy-3-oxo-4-cholestenoate,7alpha-Hydroxy-3-oxo-4-cholestenoic acid,RM0200541,Sterol Lipids,Bile acids,C27 bile acids,mapped_by_repository_refmet_field,repository-provided; exact class-name lookup; not independently verified,MW /data refmet_name; RefMet classification cache exact-name match,False,No explicit stable-isotope suffix detected,Retain as biological candidate; preserve analysis identity
ST003348,exercise,AN005484,Reversed phase NEGATIVE ION MODE,ME875825,ST003348|AN005484|ME875825,7alpha-Hydroxy-3-oxo-4-cholestenoate isomer,7alpha-Hydroxy-3-oxo-4-cholestenoic acid,RM0200541,Sterol Lipids,Bile acids,C27 bile acids,mapped_by_repository_refmet_field,repository-provided; exact class-name lookup; not independently verified,MW /data refmet_name; RefMet classification cache exact-name match,False,No explicit stable-isotope suffix detected,Retain as biological candidate; preserve analysis identity
ST003348,exercise,AN005484,Reversed phase NEGATIVE ION MODE,ME875745,ST003348|AN005484|ME875745,"9,10-DHOME","9,10-DiHOME",RM0074128,Fatty Acyls,Octadecanoids,DiHOME,mapped_by_repository_refmet_field,repository-provided; exact class-name lookup; not independently verified,MW /data refmet_name; RefMet classification cache exact-name match,False,No explicit stable-isotope suffix detected,Retain as biological candidate; preserve analysis identity
ST003348,exercise,AN005484,Reversed phase NEGATIVE ION MODE,ME875606,ST003348|AN005484|ME875606,9-Decenoic acid(FFA(10:1n1),Caproleic acid,RM0153614,Fatty Acyls,Fatty acids,Unsaturated FA,mapped_by_repository_refmet_field,repository-provided; exact class-name lookup; not independently verified,MW /data refmet_name; RefMet classification cache exact-name match,False,No explicit stable-isotope suffix detected,Retain as biological candidate; preserve analysis identity
ST003348,exercise,AN005484,Reversed phase NEGATIVE ION MODE,ME875718,ST003348|AN005484|ME875718,9-HODE,9-HODE,RM0150605,Fatty Acyls,Octadecanoids,HODE,mapped_by_repository_refmet_field,repository-provided; exact class-name lookup; not independently verified,MW /data refmet_name; RefMet classification cache exact-name match,False,No explicit stable-isotope suffix detected,Retain as biological candidate; preserve analysis identity
ST003348,exercise,AN005484,Reversed phase NEGATIVE ION MODE,ME875600,ST003348|AN005484|ME875600,Acesulfame,Acesulfame,RM0115769,Organic acids,Organic sulfuric acids,Organic sulfuric acids,mapped_by_repository_refmet_field,repository-provided; exact class-name lookup; not independently verified,MW /data refmet_name; RefMet classification cache exact-name match,False,No explicit stable-isotope suffix detected,Retain as biological candidate; preserve analysis identity
ST003348,exercise,AN005484,Reversed phase NEGATIVE ION MODE,ME875575,ST003348|AN005484|ME875575,Acetylglycine,N-Acetylglycine,RM0135964,Organic acids,Amino acids and peptides,Amino acids,mapped_by_repository_refmet_field,repository-provided; exact class-name lookup; not independently verified,MW /data refmet_name; RefMet classification cache exact-name match,False,No explicit stable-isotope suffix detected,Retain as biological candidate; preserve analysis identity
ST003348,exercise,AN005484,Reversed phase NEGATIVE ION MODE,ME875594,ST003348|AN005484|ME875594,Allantoin,Allantoin,RM0118303,Organoheterocyclic compounds,Cyclic ureas,Ureides,mapped_by_repository_refmet_field,repository-provided; exact class-name lookup; not independently verified,MW /data refmet_name; RefMet classification cache exact-name match,False,No explicit stable-isotope suffix detected,Retain as biological candidate; preserve analysis identity
ST003348,exercise,AN005484,Reversed phase NEGATIVE ION MODE,ME875701,ST003348|AN005484|ME875701,Alpha-Linolenic acid(FFA(18:3n3),alpha-Linolenic acid,RM0152834,Fatty Acyls,Fatty acids,Unsaturated FA,mapped_by_repository_refmet_field,repository-provided; exact class-name lookup; not independently verified,MW /data refmet_name; RefMet classification cache exact-name match,False,No explicit stable-isotope suffix detected,Retain as biological candidate; preserve analysis identity
ST003348,exercise,AN005484,Reversed phase NEGATIVE ION MODE,ME875597,ST003348|AN005484|ME875597,Aminoadipic acid,Aminoadipic acid,RM0049220,Organic acids,Amino acids and peptides,Amino acids,mapped_by_repository_refmet_field,repository-provided; exact class-name lookup; not independently verified,MW /data refmet_name; RefMet classification cache exact-name match,False,No explicit stable-isotope suffix detected,Retain as biological candidate; preserve analysis identity
ST003348,exercise,AN005484,Reversed phase NEGATIVE ION MODE,ME875697,ST003348|AN005484|ME875697,Androstenediol disulfate (1),Androstenediol disulfate,RM0123696,Sterol Lipids,Steroids,C19 Steroids,mapped_by_repository_refmet_field,repository-provided; exact class-name lookup; not independently verified,MW /data refmet_name; RefMet classification cache exact-name match,False,No explicit stable-isotope suffix detected,Retain as biological candidate; preserve analysis identity
ST003348,exercise,AN005484,Reversed phase NEGATIVE ION MODE,ME875700,ST003348|AN005484|ME875700,Androstenediol disulfate (2),Androstenediol disulfate,RM0123696,Sterol Lipids,Steroids,C19 Steroids,mapped_by_repository_refmet_field,repository-provided; exact class-name lookup; not independently verified,MW /data refmet_name; RefMet classification cache exact-name match,False,No explicit stable-isotope suffix detected,Retain as biological candidate; preserve analysis identity
ST003348,exercise,AN005484,Reversed phase NEGATIVE ION MODE,ME875811,ST003348|AN005484|ME875811,Androsterone O-glucuronide,,,Unclassified,Unclassified,Unclassified,unmapped_no_refmet_name,not mapped,MW /data refmet_name; no exact classification-cache match,False,No explicit stable-isotope suffix detected,Retain for within-study PCA; omit from RefMet overlap
ST003348,exercise,AN005484,Reversed phase NEGATIVE ION MODE,ME875772,ST003348|AN005484|ME875772,Androsterone sulfate (1),5alpha-Androstane-3alpha-ol-17-one sulfate,RM0125907,Sterol Lipids,Steroids,C19 Steroids,mapped_by_repository_refmet_field,repository-provided; exact class-name lookup; not independently verified,MW /data refmet_name; RefMet classification cache exact-name match,False,No explicit stable-isotope suffix detected,Retain as biological candidate; preserve analysis identity
ST003348,exercise,AN005484,Reversed phase NEGATIVE ION MODE,ME875773,ST003348|AN005484|ME875773,Androsterone sulfate (2),5alpha-Androstane-3alpha-ol-17-one sulfate,RM0125907,Sterol Lipids,Steroids,C19 Steroids,mapped_by_repository_refmet_field,repository-provided; exact class-name lookup; not independently verified,MW /data refmet_name; RefMet classification cache exact-name match,False,No explicit stable-isotope suffix detected,Retain as biological candidate; preserve analysis identity
ST003348,exercise,AN005484,Reversed phase NEGATIVE ION MODE,ME875782,ST003348|AN005484|ME875782,Androsterone sulfate (3),5alpha-Androstane-3alpha-ol-17-one sulfate,RM0125907,Sterol Lipids,Steroids,C19 Steroids,mapped_by_repository_refmet_field,repository-provided; exact class-name lookup; not independently verified,MW /data refmet_name; RefMet classification cache exact-name match,False,No explicit stable-isotope suffix detected,Retain as biological candidate; preserve analysis identity
ST003348,exercise,AN005484,Reversed phase NEGATIVE ION MODE,ME875783,ST003348|AN005484|ME875783,Androsterone sulfate (4),5alpha-Androstane-3alpha-ol-17-one sulfate,RM0125907,Sterol Lipids,Steroids,C19 Steroids,mapped_by_repository_refmet_field,repository-provided; exact class-name lookup; not independently verified,MW /data refmet_name; RefMet classification cache exact-name match,False,No explicit stable-isotope suffix detected,Retain as biological candidate; preserve analysis identity
ST003348,exercise,AN005484,Reversed phase NEGATIVE ION MODE,ME875784,ST003348|AN005484|ME875784,Androsterone sulfate (5),5alpha-Androstane-3alpha-ol-17-one sulfate,RM0125907,Sterol Lipids,Steroids,C19 Steroids,mapped_by_repository_refmet_field,repository-provided; exact class-name lookup; not independently verified,MW /data refmet_name; RefMet classification cache exact-name match,False,No explicit stable-isotope suffix detected,Retain as biological candidate; preserve analysis identity
ST003348,exercise,AN005484,Reversed phase NEGATIVE ION MODE,ME875738,ST003348|AN005484|ME875738,Arachidic acid(FFA(20:0),Arachidic acid,RM0137828,Fatty Acyls,Fatty acids,Saturated FA,mapped_by_repository_refmet_field,repository-provided; exact class-name lookup; not independently verified,MW /data refmet_name; RefMet classification cache exact-name match,False,No explicit stable-isotope suffix detected,Retain as biological candidate; preserve analysis identity
ST003348,exercise,AN005484,Reversed phase NEGATIVE ION MODE,ME875728,ST003348|AN005484|ME875728,Arachidonic acid(FFA(20:4),Arachidonic acid,RM0153612,Fatty Acyls,Fatty acids,Unsaturated FA,mapped_by_repository_refmet_field,repository-provided; exact class-name lookup; not independently verified,MW /data refmet_name; RefMet classification cache exact-name match,False,No explicit stable-isotope suffix detected,Retain as biological candidate; preserve analysis identity
ST003348,exercise,AN005484,Reversed phase NEGATIVE ION MODE,ME875614,ST003348|AN005484|ME875614,Ascorbic acid,Vitamin C,RM0118068,Organoheterocyclic compounds,Lactones,Gamma butyrolactones,mapped_by_repository_refmet_field,repository-provided; exact class-name lookup; not independently verified,MW /data refmet_name; RefMet classification cache exact-name match,False,No explicit stable-isotope suffix detected,Retain as biological candidate; preserve analysis identity
ST003348,exercise,AN005484,Reversed phase NEGATIVE ION MODE,ME875674,ST003348|AN005484|ME875674,Ascorbic acid-2-sulfate,Ascorbic acid 2-sulfate,RM0188049,Organoheterocyclic compounds,Lactones,Gamma butyrolactones,mapped_by_repository_refmet_field,repository-provided; exact class-name lookup; not independently verified,MW /data refmet_name; RefMet classification cache exact-name match,False,No explicit stable-isotope suffix detected,Retain as biological candidate; preserve analysis identity
ST003348,exercise,AN005484,Reversed phase NEGATIVE ION MODE,ME875618,ST003348|AN005484|ME875618,Aspirin,Aspirin,RM0136129,Benzenoids,Benzoic acids,Hydroxybenzoic acids,mapped_by_repository_refmet_field,repository-provided; exact class-name lookup; not independently verified,MW /data refmet_name; RefMet classification cache exact-name match,False,No explicit stable-isotope suffix detected,Retain as biological candidate; preserve analysis identity
ST003348,exercise,AN005484,Reversed phase NEGATIVE ION MODE,ME875622,ST003348|AN005484|ME875622,Azelaic acid(FFA(9:0-DC),Azelaic acid,RM0153048,Fatty Acyls,Fatty acids,Dicarboxylic acids,mapped_by_repository_refmet_field,repository-provided; exact class-name lookup; not independently verified,MW /data refmet_name; RefMet classification cache exact-name match,False,No explicit stable-isotope suffix detected,Retain as biological candidate; preserve analysis identity
ST003348,exercise,AN005484,Reversed phase NEGATIVE ION MODE,ME875759,ST003348|AN005484|ME875759,Behenic acid(FFA(22:0),Behenic acid,RM0153577,Fatty Acyls,Fatty acids,Saturated FA,mapped_by_repository_refmet_field,repository-provided; exact class-name lookup; not independently verified,MW /data refmet_name; RefMet classification cache exact-name match,False,No explicit stable-isotope suffix detected,Retain as biological candidate; preserve analysis identity
ST003348,exercise,AN005484,Reversed phase NEGATIVE ION MODE,ME875653,ST003348|AN005484|ME875653,Benzeneacetamide-4-O-sulphate,,,Unclassified,Unclassified,Unclassified,unmapped_no_refmet_name,not mapped,MW /data refmet_name; no exact classification-cache match,False,No explicit stable-isotope suffix detected,Retain for within-study PCA; omit from RefMet overlap
ST003348,exercise,AN005484,Reversed phase NEGATIVE ION MODE,ME875837,ST003348|AN005484|ME875837,Bromide,,,Unclassified,Unclassified,Unclassified,unmapped_no_refmet_name,not mapped,MW /data refmet_name; no exact classification-cache match,False,No explicit stable-isotope suffix detected,Retain for within-study PCA; omit from RefMet overlap
ST003348,exercise,AN005484,Reversed phase NEGATIVE ION MODE,ME875706,ST003348|AN005484|ME875706,Bromo-tryptophan,Bromotryptophan,RM0004023,Organic acids,Amino acids and peptides,Amino acids,mapped_by_repository_refmet_field,repository-provided; exact class-name lookup; not independently verified,MW /data refmet_name; RefMet classification cache exact-name match,False,No explicit stable-isotope suffix detected,Retain as biological candidate; preserve analysis identity
ST003348,exercise,AN005484,Reversed phase NEGATIVE ION MODE,ME875669,ST003348|AN005484|ME875669,C-Mannosyl Alanine,,,Unclassified,Unclassified,Unclassified,unmapped_no_refmet_name,not mapped,MW /data refmet_name; no exact classification-cache match,False,No explicit stable-isotope suffix detected,Retain for within-study PCA; omit from RefMet overlap
ST003348,exercise,AN005484,Reversed phase NEGATIVE ION MODE,ME875715,ST003348|AN005484|ME875715,C-Mannosyl Asparagine,,,Unclassified,Unclassified,Unclassified,unmapped_no_refmet_name,not mapped,MW /data refmet_name; no exact classification-cache match,False,No explicit stable-isotope suffix detected,Retain for within-study PCA; omit from RefMet overlap
ST003348,exercise,AN005484,Reversed phase NEGATIVE ION MODE,ME875733,ST003348|AN005484|ME875733,C-Mannosyl Glutamine,,,Unclassified,Unclassified,Unclassified,unmapped_no_refmet_name,not mapped,MW /data refmet_name; no exact classification-cache match,False,No explicit stable-isotope suffix detected,Retain for within-study PCA; omit from RefMet overlap
ST003348,exercise,AN005484,Reversed phase NEGATIVE ION MODE,ME875654,ST003348|AN005484|ME875654,C-Mannosyl Glycine,,,Unclassified,Unclassified,Unclassified,unmapped_no_refmet_name,not mapped,MW /data refmet_name; no exact classification-cache match,False,No explicit stable-isotope suffix detected,Retain for within-study PCA; omit from RefMet overlap
ST003348,exercise,AN005484,Reversed phase NEGATIVE ION MODE,ME875713,ST003348|AN005484|ME875713,C-Mannosyl Leucine,,,Unclassified,Unclassified,Unclassified,unmapped_no_refmet_name,not mapped,MW /data refmet_name; no exact classification-cache match,False,No explicit stable-isotope suffix detected,Retain for within-study PCA; omit from RefMet overlap
ST003348,exercise,AN005484,Reversed phase NEGATIVE ION MODE,ME875686,ST003348|AN005484|ME875686,C-Mannosyl Serine,,,Unclassified,Unclassified,Unclassified,unmapped_no_refmet_name,not mapped,MW /data refmet_name; no exact classification-cache match,False,No explicit stable-isotope suffix detected,Retain for within-study PCA; omit from RefMet overlap
ST003348,exercise,AN005484,Reversed phase NEGATIVE ION MODE,ME875705,ST003348|AN005484|ME875705,C-Mannosyl Threonine,,,Unclassified,Unclassified,Unclassified,unmapped_no_refmet_name,not mapped,MW /data refmet_name; no exact classification-cache match,False,No explicit stable-isotope suffix detected,Retain for within-study PCA; omit from RefMet overlap
ST003348,exercise,AN005484,Reversed phase NEGATIVE ION MODE,ME875702,ST003348|AN005484|ME875702,C-Mannosyl Valine,,,Unclassified,Unclassified,Unclassified,unmapped_no_refmet_name,not mapped,MW /data refmet_name; no exact classification-cache match,False,No explicit stable-isotope suffix detected,Retain for within-study PCA; omit from RefMet overlap
ST003348,exercise,AN005484,Reversed phase NEGATIVE ION MODE,ME875786,ST003348|AN005484|ME875786,CDCA-D4,Chenodeoxycholic acid,RM0135803,Sterol Lipids,Bile acids,C24 bile acids,excluded_isotope_labeled_or_internal_standard,repository-provided; exact class-name lookup; not independently verified,MW /data refmet_name; RefMet classification cache exact-name match,True,Explicit stable-isotope suffix in source-reported name,Exclude row from biological analyses
ST003348,exercise,AN005484,Reversed phase NEGATIVE ION MODE,ME875636,ST003348|AN005484|ME875636,Capryloylglycine,NA-Gly 8:0,RM0154276,Fatty Acyls,Fatty amides,N-acyl amines,mapped_by_repository_refmet_field,repository-provided; exact class-name lookup; not independently verified,MW /data refmet_name; RefMet classification cache exact-name match,False,No explicit stable-isotope suffix detected,Retain as biological candidate; preserve analysis identity
ST003348,exercise,AN005484,Reversed phase NEGATIVE ION MODE,ME875780,ST003348|AN005484|ME875780,Chenodeoxycholic acid,Chenodeoxycholic acid,RM0135803,Sterol Lipids,Bile acids,C24 bile acids,mapped_by_repository_refmet_field,repository-provided; exact class-name lookup; not independently verified,MW /data refmet_name; RefMet classification cache exact-name match,False,No explicit stable-isotope suffix detected,Retain as biological candidate; preserve analysis identity
ST003348,exercise,AN005484,Reversed phase NEGATIVE ION MODE,ME875805,ST003348|AN005484|ME875805,Chenodeoxycholic acid glycine conjugate,Glycochenodeoxycholic acid,RM0135850,Sterol Lipids,Bile acids,C24 bile acids,mapped_by_repository_refmet_field,repository-provided; exact class-name lookup; not independently verified,MW /data refmet_name; RefMet classification cache exact-name match,False,No explicit stable-isotope suffix detected,Retain as biological candidate; preserve analysis identity
ST003348,exercise,AN005484,Reversed phase NEGATIVE ION MODE,ME875753,ST003348|AN005484|ME875753,Chloramphenicol-D5,Chloramphenicol,RM0136445,Benzenoids,Benzenes,Nitrobenzenes,excluded_isotope_labeled_or_internal_standard,repository-provided; exact class-name lookup; not independently verified,MW /data refmet_name; RefMet classification cache exact-name match,True,Explicit stable-isotope suffix in source-reported name,Exclude row from biological analyses
ST003348,exercise,AN005484,Reversed phase NEGATIVE ION MODE,ME875812,ST003348|AN005484|ME875812,Cholesterol sulfate,Cholesterol sulfate,RM0135845,Sterol Lipids,Sterols,Cholesterols,mapped_by_repository_refmet_field,repository-provided; exact class-name lookup; not independently verified,MW /data refmet_name; RefMet classification cache exact-name match,False,No explicit stable-isotope suffix detected,Retain as biological candidate; preserve analysis identity
ST003348,exercise,AN005484,Reversed phase NEGATIVE ION MODE,ME875625,ST003348|AN005484|ME875625,Citric acid,Citric acid,RM0135884,Organic acids,TCA acids,TCA acids,mapped_by_repository_refmet_field,repository-provided; exact class-name lookup; not independently verified,MW /data refmet_name; RefMet classification cache exact-name match,False,No explicit stable-isotope suffix detected,Retain as biological candidate; preserve analysis identity
ST003348,exercise,AN005484,Reversed phase NEGATIVE ION MODE,ME875762,ST003348|AN005484|ME875762,Corticosterone,Corticosterone,RM0126032,Sterol Lipids,Steroids,C21 Steroids,mapped_by_repository_refmet_field,repository-provided; exact class-name lookup; not independently verified,MW /data refmet_name; RefMet classification cache exact-name match,False,No explicit stable-isotope suffix detected,Retain as biological candidate; preserve analysis identity
ST003348,exercise,AN005484,Reversed phase NEGATIVE ION MODE,ME875650,ST003348|AN005484|ME875650,Cys-Cys,Cys-Cys,RM0039091,Organic acids,Amino acids and peptides,Dipeptides,mapped_by_repository_refmet_field,repository-provided; exact class-name lookup; not independently verified,MW /data refmet_name; RefMet classification cache exact-name match,False,No explicit stable-isotope suffix detected,Retain as biological candidate; preserve analysis identity
ST003348,exercise,AN005484,Reversed phase NEGATIVE ION MODE,ME875634,ST003348|AN005484|ME875634,Cysteine-S-sulfate,Cysteine-S-sulfate,RM0041317,Organic acids,Amino acids and peptides,Amino acids,mapped_by_repository_refmet_field,repository-provided; exact class-name lookup; not independently verified,MW /data refmet_name; RefMet classification cache exact-name match,False,No explicit stable-isotope suffix detected,Retain as biological candidate; preserve analysis identity
ST003348,exercise,AN005484,Reversed phase NEGATIVE ION MODE,ME875671,ST003348|AN005484|ME875671,Daidzein,Daidzein,RM0040198,Polyketides,Flavonoids,Isoflavones,mapped_by_repository_refmet_field,repository-provided; exact class-name lookup; not independently verified,MW /data refmet_name; RefMet classification cache exact-name match,False,No explicit stable-isotope suffix detected,Retain as biological candidate; preserve analysis identity
ST003348,exercise,AN005484,Reversed phase NEGATIVE ION MODE,ME875767,ST003348|AN005484|ME875767,Dehydroepiandrosterone sulfate,Dehydroepiandrosterone sulfate,RM0028118,Sterol Lipids,Steroids,C19 Steroids,mapped_by_repository_refmet_field,repository-provided; exact class-name lookup; not independently verified,MW /data refmet_name; RefMet classification cache exact-name match,False,No explicit stable-isotope suffix detected,Retain as biological candidate; preserve analysis identity
ST003348,exercise,AN005484,Reversed phase NEGATIVE ION MODE,ME875781,ST003348|AN005484|ME875781,Deoxycholic acid,Deoxycholic acid,RM0126048,Sterol Lipids,Bile acids,C24 bile acids,mapped_by_repository_refmet_field,repository-provided; exact class-name lookup; not independently verified,MW /data refmet_name; RefMet classification cache exact-name match,False,No explicit stable-isotope suffix detected,Retain as biological candidate; preserve analysis identity
ST003348,exercise,AN005484,Reversed phase NEGATIVE ION MODE,ME875806,ST003348|AN005484|ME875806,Deoxycholic acid glycine conjugate,Glycodeoxycholic acid,RM0125880,Sterol Lipids,Bile acids,C24 bile acids,mapped_by_repository_refmet_field,repository-provided; exact class-name lookup; not independently verified,MW /data refmet_name; RefMet classification cache exact-name match,False,No explicit stable-isotope suffix detected,Retain as biological candidate; preserve analysis identity
ST003348,exercise,AN005484,Reversed phase NEGATIVE ION MODE,ME875787,ST003348|AN005484|ME875787,Deoxycholic acid isomer 1,Deoxycholic acid,RM0126048,Sterol Lipids,Bile acids,C24 bile acids,mapped_by_repository_refmet_field,repository-provided; exact class-name lookup; not independently verified,MW /data refmet_name; RefMet classification cache exact-name match,False,No explicit stable-isotope suffix detected,Retain as biological candidate; preserve analysis identity
ST003348,exercise,AN005484,Reversed phase NEGATIVE ION MODE,ME875788,ST003348|AN005484|ME875788,Deoxycholic acid isomer 2,Deoxycholic acid,RM0126048,Sterol Lipids,Bile acids,C24 bile acids,mapped_by_repository_refmet_field,repository-provided; exact class-name lookup; not independently verified,MW /data refmet_name; RefMet classification cache exact-name match,False,No explicit stable-isotope suffix detected,Retain as biological candidate; preserve analysis identity
ST003348,exercise,AN005484,Reversed phase NEGATIVE ION MODE,ME875789,ST003348|AN005484|ME875789,Deoxycholic acid isomer 3,Deoxycholic acid,RM0126048,Sterol Lipids,Bile acids,C24 bile acids,mapped_by_repository_refmet_field,repository-provided; exact class-name lookup; not independently verified,MW /data refmet_name; RefMet classification cache exact-name match,False,No explicit stable-isotope suffix detected,Retain as biological candidate; preserve analysis identity
ST003348,exercise,AN005484,Reversed phase NEGATIVE ION MODE,ME875603,ST003348|AN005484|ME875603,Desaminotyrosine,Desaminotyrosine,RM0050309,Organic acids,Phenylpropanoids,Cinnamic acids,mapped_by_repository_refmet_field,repository-provided; exact class-name lookup; not independently verified,MW /data refmet_name; RefMet classification cache exact-name match,False,No explicit stable-isotope suffix detected,Retain as biological candidate; preserve analysis identity
ST003348,exercise,AN005484,Reversed phase NEGATIVE ION MODE,ME875763,ST003348|AN005484|ME875763,Dihydronaringenin-O-sulphate,,,Unclassified,Unclassified,Unclassified,unmapped_no_refmet_name,not mapped,MW /data refmet_name; no exact classification-cache match,False,No explicit stable-isotope suffix detected,Retain for within-study PCA; omit from RefMet overlap
ST003348,exercise,AN005484,Reversed phase NEGATIVE ION MODE,ME875757,ST003348|AN005484|ME875757,Docosadienoate(FFA(22:2),,,Unclassified,Unclassified,Unclassified,unmapped_no_refmet_name,not mapped,MW /data refmet_name; no exact classification-cache match,False,No explicit stable-isotope suffix detected,Retain for within-study PCA; omit from RefMet overlap
ST003348,exercise,AN005484,Reversed phase NEGATIVE ION MODE,ME875754,ST003348|AN005484|ME875754,Docosahexaenoic acid(FFA(22:6),Docosahexaenoic acid,RM0137845,Fatty Acyls,Fatty acids,Unsaturated FA,mapped_by_repository_refmet_field,repository-provided; exact class-name lookup; not independently verified,MW /data refmet_name; RefMet classification cache exact-name match,False,No explicit stable-isotope suffix detected,Retain as biological candidate; preserve analysis identity
ST003348,exercise,AN005484,Reversed phase NEGATIVE ION MODE,ME875756,ST003348|AN005484|ME875756,Docosapentaenoic acid(FFA(22:5n3),Docosapentaenoic acid,RM0149942,Fatty Acyls,Fatty acids,Unsaturated FA,mapped_by_repository_refmet_field,repository-provided; exact class-name lookup; not independently verified,MW /data refmet_name; RefMet classification cache exact-name match,False,No explicit stable-isotope suffix detected,Retain as biological candidate; preserve analysis identity
ST003348,exercise,AN005484,Reversed phase NEGATIVE ION MODE,ME875755,ST003348|AN005484|ME875755,Docosapentaenoic acid(FFA(22:5n6),Docosapentaenoic acid,RM0149942,Fatty Acyls,Fatty acids,Unsaturated FA,mapped_by_repository_refmet_field,repository-provided; exact class-name lookup; not independently verified,MW /data refmet_name; RefMet classification cache exact-name match,False,No explicit stable-isotope suffix detected,Retain as biological candidate; preserve analysis identity
ST003348,exercise,AN005484,Reversed phase NEGATIVE ION MODE,ME875652,ST003348|AN005484|ME875652,Dodecanedioic acid(FFA(12:0-DC),Dodecanedioic acid,RM0153694,Fatty Acyls,Fatty acids,Dicarboxylic acids,mapped_by_repository_refmet_field,repository-provided; exact class-name lookup; not independently verified,MW /data refmet_name; RefMet classification cache exact-name match,False,No explicit stable-isotope suffix detected,Retain as biological candidate; preserve analysis identity
ST003348,exercise,AN005484,Reversed phase NEGATIVE ION MODE,ME875631,ST003348|AN005484|ME875631,Dodecenoic acid(FFA(12:1),Dodecenoic acid,RM0073943,Fatty Acyls,Fatty acids,Unsaturated FA,mapped_by_repository_refmet_field,repository-provided; exact class-name lookup; not independently verified,MW /data refmet_name; RefMet classification cache exact-name match,False,No explicit stable-isotope suffix detected,Retain as biological candidate; preserve analysis identity
ST003348,exercise,AN005484,Reversed phase NEGATIVE ION MODE,ME875712,ST003348|AN005484|ME875712,EDTA,EDTA,RM0030846,Organic acids,Carboxylic acids,Tetracarboxylic acids,mapped_by_repository_refmet_field,repository-provided; exact class-name lookup; not independently verified,MW /data refmet_name; RefMet classification cache exact-name match,False,No explicit stable-isotope suffix detected,Retain as biological candidate; preserve analysis identity
ST003348,exercise,AN005484,Reversed phase NEGATIVE ION MODE,ME875734,ST003348|AN005484|ME875734,Eicosadienoic acid(FFA(20:2n6),Eicosadienoic acid,RM0149923,Fatty Acyls,Fatty acids,Unsaturated FA,mapped_by_repository_refmet_field,repository-provided; exact class-name lookup; not independently verified,MW /data refmet_name; RefMet classification cache exact-name match,False,No explicit stable-isotope suffix detected,Retain as biological candidate; preserve analysis identity
ST003348,exercise,AN005484,Reversed phase NEGATIVE ION MODE,ME875760,ST003348|AN005484|ME875760,Eicosanedioic acid(FFA(20:0-DC),Eicosanedioic acid,RM0149936,Fatty Acyls,Fatty acids,Dicarboxylic acids,mapped_by_repository_refmet_field,repository-provided; exact class-name lookup; not independently verified,MW /data refmet_name; RefMet classification cache exact-name match,False,No explicit stable-isotope suffix detected,Retain as biological candidate; preserve analysis identity
ST003348,exercise,AN005484,Reversed phase NEGATIVE ION MODE,ME875727,ST003348|AN005484|ME875727,Eicosapentaenoic acid(FFA(20:5),Eicosapentaenoic acid,RM0151646,Fatty Acyls,Fatty acids,Unsaturated FA,mapped_by_repository_refmet_field,repository-provided; exact class-name lookup; not independently verified,MW /data refmet_name; RefMet classification cache exact-name match,False,No explicit stable-isotope suffix detected,Retain as biological candidate; preserve analysis identity
ST003348,exercise,AN005484,Reversed phase NEGATIVE ION MODE,ME875730,ST003348|AN005484|ME875730,Eicosatrienoic acid(FFA(20:3n3),Eicosatrienoic acid,RM0152308,Fatty Acyls,Fatty acids,Unsaturated FA,mapped_by_repository_refmet_field,repository-provided; exact class-name lookup; not independently verified,MW /data refmet_name; RefMet classification cache exact-name match,False,No explicit stable-isotope suffix detected,Retain as biological candidate; preserve analysis identity
ST003348,exercise,AN005484,Reversed phase NEGATIVE ION MODE,ME875731,ST003348|AN005484|ME875731,Eicosatrienoic acid(FFA(20:3n6),Eicosatrienoic acid,RM0152308,Fatty Acyls,Fatty acids,Unsaturated FA,mapped_by_repository_refmet_field,repository-provided; exact class-name lookup; not independently verified,MW /data refmet_name; RefMet classification cache exact-name match,False,No explicit stable-isotope suffix detected,Retain as biological candidate; preserve analysis identity
ST003348,exercise,AN005484,Reversed phase NEGATIVE ION MODE,ME875732,ST003348|AN005484|ME875732,Eicosatrienoic acid(FFA(20:3n9),Eicosatrienoic acid,RM0152308,Fatty Acyls,Fatty acids,Unsaturated FA,mapped_by_repository_refmet_field,repository-provided; exact class-name lookup; not independently verified,MW /data refmet_name; RefMet classification cache exact-name match,False,No explicit stable-isotope suffix detected,Retain as biological candidate; preserve analysis identity
ST003348,exercise,AN005484,Reversed phase NEGATIVE ION MODE,ME875735,ST003348|AN005484|ME875735,Eicosenoic acid(FFA(20:1),Eicosenoic acid,RM0150389,Fatty Acyls,Fatty acids,Unsaturated FA,mapped_by_repository_refmet_field,repository-provided; exact class-name lookup; not independently verified,MW /data refmet_name; RefMet classification cache exact-name match,False,No explicit stable-isotope suffix detected,Retain as biological candidate; preserve analysis identity
ST003348,exercise,AN005484,Reversed phase NEGATIVE ION MODE,ME875775,ST003348|AN005484|ME875775,Enterolactone sulfate,Enterolactone sulfate,RM0188093,Lignans,Furanoid lignans,Tetrahydrofuran lignans,mapped_by_repository_refmet_field,repository-provided; exact class-name lookup; not independently verified,MW /data refmet_name; RefMet classification cache exact-name match,False,No explicit stable-isotope suffix detected,Retain as biological candidate; preserve analysis identity
ST003348,exercise,AN005484,Reversed phase NEGATIVE ION MODE,ME875758,ST003348|AN005484|ME875758,Erucic acid(FFA(22:1n9),cis-Erucic acid,RM0153624,Fatty Acyls,Fatty acids,Unsaturated FA,mapped_by_repository_refmet_field,repository-provided; exact class-name lookup; not independently verified,MW /data refmet_name; RefMet classification cache exact-name match,False,No explicit stable-isotope suffix detected,Retain as biological candidate; preserve analysis identity
ST003348,exercise,AN005484,Reversed phase NEGATIVE ION MODE,ME875645,ST003348|AN005484|ME875645,Ethyl beta-D-glucopyranoside,Ethyl glucoside,RM0188039,Carbohydrates,Monosaccharides,Hexoses,mapped_by_repository_refmet_field,repository-provided; exact class-name lookup; not independently verified,MW /data refmet_name; RefMet classification cache exact-name match,False,No explicit stable-isotope suffix detected,Retain as biological candidate; preserve analysis identity
ST003348,exercise,AN005484,Reversed phase NEGATIVE ION MODE,ME875665,ST003348|AN005484|ME875665,Ethylparaben sufate,Ethylparaben sulfate,RM0188067,Benzenoids,Benzoic acids,Hydroxybenzoic acids,mapped_by_repository_refmet_field,repository-provided; exact class-name lookup; not independently verified,MW /data refmet_name; RefMet classification cache exact-name match,False,No explicit stable-isotope suffix detected,Retain as biological candidate; preserve analysis identity
ST003348,exercise,AN005484,Reversed phase NEGATIVE ION MODE,ME875729,ST003348|AN005484|ME875729,Fluconazole,Fluconazole,RM0108860,Benzenoids,Halobenzenes,Fluorobenzenes,mapped_by_repository_refmet_field,repository-provided; exact class-name lookup; not independently verified,MW /data refmet_name; RefMet classification cache exact-name match,False,No explicit stable-isotope suffix detected,Retain as biological candidate; preserve analysis identity
ST003348,exercise,AN005484,Reversed phase NEGATIVE ION MODE,ME875609,ST003348|AN005484|ME875609,Formiminoglutamic acid,Formiminoglutamic acid,RM0136010,Organic acids,Amino acids and peptides,Amino acids,mapped_by_repository_refmet_field,repository-provided; exact class-name lookup; not independently verified,MW /data refmet_name; RefMet classification cache exact-name match,False,No explicit stable-isotope suffix detected,Retain as biological candidate; preserve analysis identity
ST003348,exercise,AN005484,Reversed phase NEGATIVE ION MODE,ME875573,ST003348|AN005484|ME875573,Fumaric acid,Fumaric acid,RM0135891,Organic acids,TCA acids,TCA acids,mapped_by_repository_refmet_field,repository-provided; exact class-name lookup; not independently verified,MW /data refmet_name; RefMet classification cache exact-name match,False,No explicit stable-isotope suffix detected,Retain as biological candidate; preserve analysis identity
ST003348,exercise,AN005484,Reversed phase NEGATIVE ION MODE,ME875629,ST003348|AN005484|ME875629,Gluconic acid,Gluconic acid,RM0155944,Carbohydrates,Monosaccharides,Sugar acids,mapped_by_repository_refmet_field,repository-provided; exact class-name lookup; not independently verified,MW /data refmet_name; RefMet classification cache exact-name match,False,No explicit stable-isotope suffix detected,Retain as biological candidate; preserve analysis identity
ST003348,exercise,AN005484,Reversed phase NEGATIVE ION MODE,ME875617,ST003348|AN005484|ME875617,Gluconolactone,Gluconolactone,RM0049636,Carbohydrates,Monosaccharides,Hexoses,mapped_by_repository_refmet_field,repository-provided; exact class-name lookup; not independently verified,MW /data refmet_name; RefMet classification cache exact-name match,False,No explicit stable-isotope suffix detected,Retain as biological candidate; preserve analysis identity
ST003348,exercise,AN005484,Reversed phase NEGATIVE ION MODE,ME875619,ST003348|AN005484|ME875619,Glucose+myo-Inositol,Glucose,RM0135901,Carbohydrates,Monosaccharides,Hexoses,mapped_by_repository_refmet_field,repository-provided; exact class-name lookup; not independently verified,MW /data refmet_name; RefMet classification cache exact-name match,False,No explicit stable-isotope suffix detected,Retain as biological candidate; preserve analysis identity
ST003348,exercise,AN005484,Reversed phase NEGATIVE ION MODE,ME875626,ST003348|AN005484|ME875626,Glucuronic acid,Glucuronic acid,RM0155912,Carbohydrates,Monosaccharides,Sugar acids,mapped_by_repository_refmet_field,repository-provided; exact class-name lookup; not independently verified,MW /data refmet_name; RefMet classification cache exact-name match,False,No explicit stable-isotope suffix detected,Retain as biological candidate; preserve analysis identity
ST003348,exercise,AN005484,Reversed phase NEGATIVE ION MODE,ME875583,ST003348|AN005484|ME875583,Glutaric acid,Glutaric acid,RM0155778,Fatty Acyls,Fatty acids,Dicarboxylic acids,mapped_by_repository_refmet_field,repository-provided; exact class-name lookup; not independently verified,MW /data refmet_name; RefMet classification cache exact-name match,False,No explicit stable-isotope suffix detected,Retain as biological candidate; preserve analysis identity
ST003348,exercise,AN005484,Reversed phase NEGATIVE ION MODE,ME875842,ST003348|AN005484|ME875842,Glycerol,Glycerol,RM0135887,Organic oxygen compounds,Alcohols and polyols,"1,2-diols",mapped_by_repository_refmet_field,repository-provided; exact class-name lookup; not independently verified,MW /data refmet_name; RefMet classification cache exact-name match,False,No explicit stable-isotope suffix detected,Retain as biological candidate; preserve analysis identity
ST003348,exercise,AN005484,Reversed phase NEGATIVE ION MODE,ME875820,ST003348|AN005484|ME875820,Glycochenodeoxycholate-3-sulfate,Glycochenodeoxycholic acid 3-sulfate,RM0138951,Sterol Lipids,Bile acids,C24 bile acids,mapped_by_repository_refmet_field,repository-provided; exact class-name lookup; not independently verified,MW /data refmet_name; RefMet classification cache exact-name match,False,No explicit stable-isotope suffix detected,Retain as biological candidate; preserve analysis identity
ST003348,exercise,AN005484,Reversed phase NEGATIVE ION MODE,ME875810,ST003348|AN005484|ME875810,Glycocholic acid,Glycocholic acid,RM0135849,Sterol Lipids,Bile acids,C24 bile acids,mapped_by_repository_refmet_field,repository-provided; exact class-name lookup; not independently verified,MW /data refmet_name; RefMet classification cache exact-name match,False,No explicit stable-isotope suffix detected,Retain as biological candidate; preserve analysis identity
ST003348,exercise,AN005484,Reversed phase NEGATIVE ION MODE,ME875839,ST003348|AN005484|ME875839,Glycodeoxycholate-3-sulfate,Glycodeoxycholic acid 3-sulfate,RM0156465,Sterol Lipids,Bile acids,C24 bile acids,mapped_by_repository_refmet_field,repository-provided; exact class-name lookup; not independently verified,MW /data refmet_name; RefMet classification cache exact-name match,False,No explicit stable-isotope suffix detected,Retain as biological candidate; preserve analysis identity
ST003348,exercise,AN005484,Reversed phase NEGATIVE ION MODE,ME875809,ST003348|AN005484|ME875809,Glycohyocholic acid,Glycohyocholic acid,RM0128383,Sterol Lipids,Bile acids,C24 bile acids,mapped_by_repository_refmet_field,repository-provided; exact class-name lookup; not independently verified,MW /data refmet_name; RefMet classification cache exact-name match,False,No explicit stable-isotope suffix detected,Retain as biological candidate; preserve analysis identity
ST003348,exercise,AN005484,Reversed phase NEGATIVE ION MODE,ME875819,ST003348|AN005484|ME875819,Glycoursodeoxycholate-3-sulfate,Glycoursodeoxycholic acid 3-sulfate,RM0135852,Sterol Lipids,Bile acids,C24 bile acids,mapped_by_repository_refmet_field,repository-provided; exact class-name lookup; not independently verified,MW /data refmet_name; RefMet classification cache exact-name match,False,No explicit stable-isotope suffix detected,Retain as biological candidate; preserve analysis identity
ST003348,exercise,AN005484,Reversed phase NEGATIVE ION MODE,ME875804,ST003348|AN005484|ME875804,Glycoursodeoxycholic acid,Glycoursodeoxycholic acid,RM0126064,Sterol Lipids,Bile acids,C24 bile acids,mapped_by_repository_refmet_field,repository-provided; exact class-name lookup; not independently verified,MW /data refmet_name; RefMet classification cache exact-name match,False,No explicit stable-isotope suffix detected,Retain as biological candidate; preserve analysis identity
ST003348,exercise,AN005484,Reversed phase NEGATIVE ION MODE,ME875690,ST003348|AN005484|ME875690,Heptadecanoic acid(FFA(17:0),Margaric acid,RM0149933,Fatty Acyls,Fatty acids,Saturated FA,mapped_by_repository_refmet_field,repository-provided; exact class-name lookup; not independently verified,MW /data refmet_name; RefMet classification cache exact-name match,False,No explicit stable-isotope suffix detected,Retain as biological candidate; preserve analysis identity
ST003348,exercise,AN005484,Reversed phase NEGATIVE ION MODE,ME875688,ST003348|AN005484|ME875688,Heptadecenoic acid(FFA(17:1),Heptadecenoic acid,RM0072192,Fatty Acyls,Fatty acids,Unsaturated FA,mapped_by_repository_refmet_field,repository-provided; exact class-name lookup; not independently verified,MW /data refmet_name; RefMet classification cache exact-name match,False,No explicit stable-isotope suffix detected,Retain as biological candidate; preserve analysis identity
ST003348,exercise,AN005484,Reversed phase NEGATIVE ION MODE,ME875670,ST003348|AN005484|ME875670,Hexadecadienoic acid(FFA(16:2),Hexadecadienoic acid,RM0139363,Fatty Acyls,Fatty acids,Unsaturated FA,mapped_by_repository_refmet_field,repository-provided; exact class-name lookup; not independently verified,MW /data refmet_name; RefMet classification cache exact-name match,False,No explicit stable-isotope suffix detected,Retain as biological candidate; preserve analysis identity
ST003348,exercise,AN005484,Reversed phase NEGATIVE ION MODE,ME875709,ST003348|AN005484|ME875709,Hexadecanedioate(FFA(16:1-DC),,,Unclassified,Unclassified,Unclassified,unmapped_no_refmet_name,not mapped,MW /data refmet_name; no exact classification-cache match,False,No explicit stable-isotope suffix detected,Retain for within-study PCA; omit from RefMet overlap
ST003348,exercise,AN005484,Reversed phase NEGATIVE ION MODE,ME875711,ST003348|AN005484|ME875711,Hexadecanedioic acid(FFA(16:0-DC),Hexadecanedioic acid,RM0139429,Fatty Acyls,Fatty acids,Dicarboxylic acids,mapped_by_repository_refmet_field,repository-provided; exact class-name lookup; not independently verified,MW /data refmet_name; RefMet classification cache exact-name match,False,No explicit stable-isotope suffix detected,Retain as biological candidate; preserve analysis identity
ST003348,exercise,AN005484,Reversed phase NEGATIVE ION MODE,ME875607,ST003348|AN005484|ME875607,Hexanoylglycine,NA-Gly 6:0,RM0153690,Fatty Acyls,Fatty amides,N-acyl amines,mapped_by_repository_refmet_field,repository-provided; exact class-name lookup; not independently verified,MW /data refmet_name; RefMet classification cache exact-name match,False,No explicit stable-isotope suffix detected,Retain as biological candidate; preserve analysis identity
ST003348,exercise,AN005484,Reversed phase NEGATIVE ION MODE,ME875836,ST003348|AN005484|ME875836,"Human Fibrinopeptide A residual [2-16, DSGEGDFLAEGGGVR]",,,Unclassified,Unclassified,Unclassified,unmapped_no_refmet_name,not mapped,MW /data refmet_name; no exact classification-cache match,False,No explicit stable-isotope suffix detected,Retain for within-study PCA; omit from RefMet overlap
ST003348,exercise,AN005484,Reversed phase NEGATIVE ION MODE,ME875835,ST003348|AN005484|ME875835,"Human Fibrinopeptide B residual [1-13, XGVNDNEEGFFSA]",,,Unclassified,Unclassified,Unclassified,unmapped_no_refmet_name,not mapped,MW /data refmet_name; no exact classification-cache match,False,No explicit stable-isotope suffix detected,Retain for within-study PCA; omit from RefMet overlap
ST003348,exercise,AN005484,Reversed phase NEGATIVE ION MODE,ME875716,ST003348|AN005484|ME875716,Hydroxy-CMPF,,,Unclassified,Unclassified,Unclassified,unmapped_no_refmet_name,not mapped,MW /data refmet_name; no exact classification-cache match,False,No explicit stable-isotope suffix detected,Retain for within-study PCA; omit from RefMet overlap
ST003348,exercise,AN005484,Reversed phase NEGATIVE ION MODE,ME875736,ST003348|AN005484|ME875736,Hydroxyhexadecanoic acid isomer1,Hydroxyhexadecanoic acid,RM0073971,Fatty Acyls,Fatty acids,Hydroxy FA,mapped_by_repository_refmet_field,repository-provided; exact class-name lookup; not independently verified,MW /data refmet_name; RefMet classification cache exact-name match,False,No explicit stable-isotope suffix detected,Retain as biological candidate; preserve analysis identity
ST003348,exercise,AN005484,Reversed phase NEGATIVE ION MODE,ME875739,ST003348|AN005484|ME875739,Hydroxyhexadecanoic acid isomer2,Hydroxyhexadecanoic acid,RM0073971,Fatty Acyls,Fatty acids,Hydroxy FA,mapped_by_repository_refmet_field,repository-provided; exact class-name lookup; not independently verified,MW /data refmet_name; RefMet classification cache exact-name match,False,No explicit stable-isotope suffix detected,Retain as biological candidate; preserve analysis identity
ST003348,exercise,AN005484,Reversed phase NEGATIVE ION MODE,ME875791,ST003348|AN005484|ME875791,Hyocholic acid,Hyocholic acid,RM0128406,Sterol Lipids,Bile acids,C24 bile acids,mapped_by_repository_refmet_field,repository-provided; exact class-name lookup; not independently verified,MW /data refmet_name; RefMet classification cache exact-name match,False,No explicit stable-isotope suffix detected,Retain as biological candidate; preserve analysis identity
ST003348,exercise,AN005484,Reversed phase NEGATIVE ION MODE,ME875778,ST003348|AN005484|ME875778,Hyodeoxycholic acid,Hyodeoxycholic acid,RM0135802,Sterol Lipids,Bile acids,C24 bile acids,mapped_by_repository_refmet_field,repository-provided; exact class-name lookup; not independently verified,MW /data refmet_name; RefMet classification cache exact-name match,False,No explicit stable-isotope suffix detected,Retain as biological candidate; preserve analysis identity
ST003348,exercise,AN005484,Reversed phase NEGATIVE ION MODE,ME875593,ST003348|AN005484|ME875593,Imidazolelactic acid,Imidazolelactic acid,RM0136144,Alkaloids,Histidine alkaloids,Imidazole alkaloids,mapped_by_repository_refmet_field,repository-provided; exact class-name lookup; not independently verified,MW /data refmet_name; RefMet classification cache exact-name match,False,No explicit stable-isotope suffix detected,Retain as biological candidate; preserve analysis identity
ST003348,exercise,AN005484,Reversed phase NEGATIVE ION MODE,ME875637,ST003348|AN005484|ME875637,Indole-3-pyruvic acid,Indolepyruvic acid,RM0028186,Alkaloids,Tryptophan alkaloids,Indolecarboxylic acids,mapped_by_repository_refmet_field,repository-provided; exact class-name lookup; not independently verified,MW /data refmet_name; RefMet classification cache exact-name match,False,No explicit stable-isotope suffix detected,Retain as biological candidate; preserve analysis identity
ST003348,exercise,AN005484,Reversed phase NEGATIVE ION MODE,ME875580,ST003348|AN005484|ME875580,Iodide,,,Unclassified,Unclassified,Unclassified,unmapped_no_refmet_name,not mapped,MW /data refmet_name; no exact classification-cache match,False,No explicit stable-isotope suffix detected,Retain for within-study PCA; omit from RefMet overlap
ST003348,exercise,AN005484,Reversed phase NEGATIVE ION MODE,ME875770,ST003348|AN005484|ME875770,Isooctadecanedioic acid(FFA(18:0-DC),,,Unclassified,Unclassified,Unclassified,unmapped_no_refmet_name,not mapped,MW /data refmet_name; no exact classification-cache match,False,No explicit stable-isotope suffix detected,Retain for within-study PCA; omit from RefMet overlap
ST003348,exercise,AN005484,Reversed phase NEGATIVE ION MODE,ME875776,ST003348|AN005484|ME875776,Isoursodeoxycholic acid,Isoursodeoxycholic acid,RM0135805,Sterol Lipids,Bile acids,C24 bile acids,mapped_by_repository_refmet_field,repository-provided; exact class-name lookup; not independently verified,MW /data refmet_name; RefMet classification cache exact-name match,False,No explicit stable-isotope suffix detected,Retain as biological candidate; preserve analysis identity
ST003348,exercise,AN005484,Reversed phase NEGATIVE ION MODE,ME875721,ST003348|AN005484|ME875721,L-Cysteinylglycine disulfide,Cysteinylglycine disulfide,RM0135979,Organic acids,Amino acids and peptides,Dipeptides,mapped_by_repository_refmet_field,repository-provided; exact class-name lookup; not independently verified,MW /data refmet_name; RefMet classification cache exact-name match,False,No explicit stable-isotope suffix detected,Retain as biological candidate; preserve analysis identity
ST003348,exercise,AN005484,Reversed phase NEGATIVE ION MODE,ME875576,ST003348|AN005484|ME875576,L-Valine,Valine,RM0136018,Organic acids,Amino acids and peptides,Amino acids,mapped_by_repository_refmet_field,repository-provided; exact class-name lookup; not independently verified,MW /data refmet_name; RefMet classification cache exact-name match,False,No explicit stable-isotope suffix detected,Retain as biological candidate; preserve analysis identity
ST003348,exercise,AN005484,Reversed phase NEGATIVE ION MODE,ME875841,ST003348|AN005484|ME875841,Lactic acid,Lactic acid,RM0135904,Organic acids,Short-chain acids,Short-chain acids,mapped_by_repository_refmet_field,repository-provided; exact class-name lookup; not independently verified,MW /data refmet_name; RefMet classification cache exact-name match,False,No explicit stable-isotope suffix detected,Retain as biological candidate; preserve analysis identity
ST003348,exercise,AN005484,Reversed phase NEGATIVE ION MODE,ME875682,ST003348|AN005484|ME875682,Leu-Glu,Leu-Glu,RM0131718,Organic acids,Amino acids and peptides,Dipeptides,mapped_by_repository_refmet_field,repository-provided; exact class-name lookup; not independently verified,MW /data refmet_name; RefMet classification cache exact-name match,False,No explicit stable-isotope suffix detected,Retain as biological candidate; preserve analysis identity
ST003348,exercise,AN005484,Reversed phase NEGATIVE ION MODE,ME875703,ST003348|AN005484|ME875703,Linoleic acid(FFA(18:2n6),Linoleic acid,RM0149976,Fatty Acyls,Fatty acids,Unsaturated FA,mapped_by_repository_refmet_field,repository-provided; exact class-name lookup; not independently verified,MW /data refmet_name; RefMet classification cache exact-name match,False,No explicit stable-isotope suffix detected,Retain as biological candidate; preserve analysis identity
ST003348,exercise,AN005484,Reversed phase NEGATIVE ION MODE,ME875802,ST003348|AN005484|ME875802,LysoPA(0:0/18:1),LPA 0:0/18:1,RM0133353,Glycerophospholipids,Glycerophosphates,LPA,mapped_by_repository_refmet_field,repository-provided; exact class-name lookup; not independently verified,MW /data refmet_name; RefMet classification cache exact-name match,False,No explicit stable-isotope suffix detected,Retain as biological candidate; preserve analysis identity
ST003348,exercise,AN005484,Reversed phase NEGATIVE ION MODE,ME875800,ST003348|AN005484|ME875800,LysoPA(0:0/18:2),LPA 0:0/18:2,RM0179663,Glycerophospholipids,Glycerophosphates,LPA,mapped_by_repository_refmet_field,repository-provided; exact class-name lookup; not independently verified,MW /data refmet_name; RefMet classification cache exact-name match,False,No explicit stable-isotope suffix detected,Retain as biological candidate; preserve analysis identity
ST003348,exercise,AN005484,Reversed phase NEGATIVE ION MODE,ME875807,ST003348|AN005484|ME875807,LysoPA(0:0/20:4),LPA 0:0/20:4,RM0179664,Glycerophospholipids,Glycerophosphates,LPA,mapped_by_repository_refmet_field,repository-provided; exact class-name lookup; not independently verified,MW /data refmet_name; RefMet classification cache exact-name match,False,No explicit stable-isotope suffix detected,Retain as biological candidate; preserve analysis identity
ST003348,exercise,AN005484,Reversed phase NEGATIVE ION MODE,ME875792,ST003348|AN005484|ME875792,LysoPA(16:0/0:0),LPA 16:0/0:0,RM0134426,Glycerophospholipids,Glycerophosphates,LPA,mapped_by_repository_refmet_field,repository-provided; exact class-name lookup; not independently verified,MW /data refmet_name; RefMet classification cache exact-name match,False,No explicit stable-isotope suffix detected,Retain as biological candidate; preserve analysis identity
ST003348,exercise,AN005484,Reversed phase NEGATIVE ION MODE,ME875803,ST003348|AN005484|ME875803,LysoPA(18:1/0:0),LPA 18:1/0:0,RM0007328,Glycerophospholipids,Glycerophosphates,LPA,mapped_by_repository_refmet_field,repository-provided; exact class-name lookup; not independently verified,MW /data refmet_name; RefMet classification cache exact-name match,False,No explicit stable-isotope suffix detected,Retain as biological candidate; preserve analysis identity
ST003348,exercise,AN005484,Reversed phase NEGATIVE ION MODE,ME875801,ST003348|AN005484|ME875801,LysoPA(18:2/0:0),LPA 18:2/0:0,RM0134428,Glycerophospholipids,Glycerophosphates,LPA,mapped_by_repository_refmet_field,repository-provided; exact class-name lookup; not independently verified,MW /data refmet_name; RefMet classification cache exact-name match,False,No explicit stable-isotope suffix detected,Retain as biological candidate; preserve analysis identity
ST003348,exercise,AN005484,Reversed phase NEGATIVE ION MODE,ME875808,ST003348|AN005484|ME875808,LysoPA(20:4/0:0),LPA 20:4/0:0,RM0007329,Glycerophospholipids,Glycerophosphates,LPA,mapped_by_repository_refmet_field,repository-provided; exact class-name lookup; not independently verified,MW /data refmet_name; RefMet classification cache exact-name match,False,No explicit stable-isotope suffix detected,Retain as biological candidate; preserve analysis identity
ST003348,exercise,AN005484,Reversed phase NEGATIVE ION MODE,ME875830,ST003348|AN005484|ME875830,LysoPI(0:0/18:0),LPI 0:0/18:0,RM0163314,Glycerophospholipids,Glycerophosphoinositols,LPI,mapped_by_repository_refmet_field,repository-provided; exact class-name lookup; not independently verified,MW /data refmet_name; RefMet classification cache exact-name match,False,No explicit stable-isotope suffix detected,Retain as biological candidate; preserve analysis identity
ST003348,exercise,AN005484,Reversed phase NEGATIVE ION MODE,ME875827,ST003348|AN005484|ME875827,LysoPI(0:0/18:2),LPI 0:0/18:2,RM0161636,Glycerophospholipids,Glycerophosphoinositols,LPI,mapped_by_repository_refmet_field,repository-provided; exact class-name lookup; not independently verified,MW /data refmet_name; RefMet classification cache exact-name match,False,No explicit stable-isotope suffix detected,Retain as biological candidate; preserve analysis identity
ST003348,exercise,AN005484,Reversed phase NEGATIVE ION MODE,ME875832,ST003348|AN005484|ME875832,LysoPI(0:0/20:4),LPI 0:0/20:4,RM0161678,Glycerophospholipids,Glycerophosphoinositols,LPI,mapped_by_repository_refmet_field,repository-provided; exact class-name lookup; not independently verified,MW /data refmet_name; RefMet classification cache exact-name match,False,No explicit stable-isotope suffix detected,Retain as biological candidate; preserve analysis identity
ST003348,exercise,AN005484,Reversed phase NEGATIVE ION MODE,ME875823,ST003348|AN005484|ME875823,LysoPI(16:0/0:0),LPI 16:0/0:0,RM0007322,Glycerophospholipids,Glycerophosphoinositols,LPI,mapped_by_repository_refmet_field,repository-provided; exact class-name lookup; not independently verified,MW /data refmet_name; RefMet classification cache exact-name match,False,No explicit stable-isotope suffix detected,Retain as biological candidate; preserve analysis identity
ST003348,exercise,AN005484,Reversed phase NEGATIVE ION MODE,ME875831,ST003348|AN005484|ME875831,LysoPI(18:0/0:0),LPI 18:0/0:0,RM0034220,Glycerophospholipids,Glycerophosphoinositols,LPI,mapped_by_repository_refmet_field,repository-provided; exact class-name lookup; not independently verified,MW /data refmet_name; RefMet classification cache exact-name match,False,No explicit stable-isotope suffix detected,Retain as biological candidate; preserve analysis identity
ST003348,exercise,AN005484,Reversed phase NEGATIVE ION MODE,ME875829,ST003348|AN005484|ME875829,LysoPI(18:1),LPI 18:1,RM0134407,Glycerophospholipids,Glycerophosphoinositols,LPI,mapped_by_repository_refmet_field,repository-provided; exact class-name lookup; not independently verified,MW /data refmet_name; RefMet classification cache exact-name match,False,No explicit stable-isotope suffix detected,Retain as biological candidate; preserve analysis identity
ST003348,exercise,AN005484,Reversed phase NEGATIVE ION MODE,ME875828,ST003348|AN005484|ME875828,LysoPI(18:2/0:0),LPI 18:2/0:0,RM0007321,Glycerophospholipids,Glycerophosphoinositols,LPI,mapped_by_repository_refmet_field,repository-provided; exact class-name lookup; not independently verified,MW /data refmet_name; RefMet classification cache exact-name match,False,No explicit stable-isotope suffix detected,Retain as biological candidate; preserve analysis identity
ST003348,exercise,AN005484,Reversed phase NEGATIVE ION MODE,ME875834,ST003348|AN005484|ME875834,LysoPI(20:3),LPI 20:3,RM0091874,Glycerophospholipids,Glycerophosphoinositols,LPI,mapped_by_repository_refmet_field,repository-provided; exact class-name lookup; not independently verified,MW /data refmet_name; RefMet classification cache exact-name match,False,No explicit stable-isotope suffix detected,Retain as biological candidate; preserve analysis identity
ST003348,exercise,AN005484,Reversed phase NEGATIVE ION MODE,ME875833,ST003348|AN005484|ME875833,LysoPI(20:4/0:0),LPI 20:4/0:0,RM0134410,Glycerophospholipids,Glycerophosphoinositols,LPI,mapped_by_repository_refmet_field,repository-provided; exact class-name lookup; not independently verified,MW /data refmet_name; RefMet classification cache exact-name match,False,No explicit stable-isotope suffix detected,Retain as biological candidate; preserve analysis identity
ST003348,exercise,AN005484,Reversed phase NEGATIVE ION MODE,ME875586,ST003348|AN005484|ME875586,Malic acid,Malic acid,RM0135894,Organic acids,TCA acids,TCA acids,mapped_by_repository_refmet_field,repository-provided; exact class-name lookup; not independently verified,MW /data refmet_name; RefMet classification cache exact-name match,False,No explicit stable-isotope suffix detected,Retain as biological candidate; preserve analysis identity
ST003348,exercise,AN005484,Reversed phase NEGATIVE ION MODE,ME875621,ST003348|AN005484|ME875621,Mannitol+Sorbitol,Mannitol,RM0155938,Carbohydrates,Monosaccharides,Sugar alcohols,mapped_by_repository_refmet_field,repository-provided; exact class-name lookup; not independently verified,MW /data refmet_name; RefMet classification cache exact-name match,False,No explicit stable-isotope suffix detected,Retain as biological candidate; preserve analysis identity
ST003348,exercise,AN005484,Reversed phase NEGATIVE ION MODE,ME875627,ST003348|AN005484|ME875627,Methyl beta-D-glucopyranoside,Methyl glucose,RM0155822,Carbohydrates,Monosaccharides,Hexoses,mapped_by_repository_refmet_field,repository-provided; exact class-name lookup; not independently verified,MW /data refmet_name; RefMet classification cache exact-name match,False,No explicit stable-isotope suffix detected,Retain as biological candidate; preserve analysis identity
ST003348,exercise,AN005484,Reversed phase NEGATIVE ION MODE,ME875689,ST003348|AN005484|ME875689,Methyl hexadecanoic acid(FFA(17:0-CH3),Methylhexadecanoic acid,RM0140455,Fatty Acyls,Fatty acids,Branched FA,mapped_by_repository_refmet_field,repository-provided; exact class-name lookup; not independently verified,MW /data refmet_name; RefMet classification cache exact-name match,False,No explicit stable-isotope suffix detected,Retain as biological candidate; preserve analysis identity
ST003348,exercise,AN005484,Reversed phase NEGATIVE ION MODE,ME875646,ST003348|AN005484|ME875646,Methyldodecanoic acid(FFA(13:0-CH3),,,Unclassified,Unclassified,Unclassified,unmapped_no_refmet_name,not mapped,MW /data refmet_name; no exact classification-cache match,False,No explicit stable-isotope suffix detected,Retain for within-study PCA; omit from RefMet overlap
ST003348,exercise,AN005484,Reversed phase NEGATIVE ION MODE,ME875658,ST003348|AN005484|ME875658,Methylmyristic acid(FFA(15:0-CH3),,,Unclassified,Unclassified,Unclassified,unmapped_no_refmet_name,not mapped,MW /data refmet_name; no exact classification-cache match,False,No explicit stable-isotope suffix detected,Retain for within-study PCA; omit from RefMet overlap
ST003348,exercise,AN005484,Reversed phase NEGATIVE ION MODE,ME875649,ST003348|AN005484|ME875649,Methylpyrogallol sulfate,3-Methoxycatechol sulfate,RM0186650,Benzenoids,Phenols,Benzenetriols,mapped_by_repository_refmet_field,repository-provided; exact class-name lookup; not independently verified,MW /data refmet_name; RefMet classification cache exact-name match,False,No explicit stable-isotope suffix detected,Retain as biological candidate; preserve analysis identity
ST003348,exercise,AN005484,Reversed phase NEGATIVE ION MODE,ME875584,ST003348|AN005484|ME875584,Methylsuccinic acid,Methylsuccinic acid,RM0134990,Fatty Acyls,Fatty acids,Dicarboxylic acids,mapped_by_repository_refmet_field,repository-provided; exact class-name lookup; not independently verified,MW /data refmet_name; RefMet classification cache exact-name match,False,No explicit stable-isotope suffix detected,Retain as biological candidate; preserve analysis identity
ST003348,exercise,AN005484,Reversed phase NEGATIVE ION MODE,ME875699,ST003348|AN005484|ME875699,Monoethylhexyl phthalic acid,Monoethylhexyl phthalic acid,RM0022048,Benzenoids,Benzoic acids,Hydroxybenzoic acids,mapped_by_repository_refmet_field,repository-provided; exact class-name lookup; not independently verified,MW /data refmet_name; RefMet classification cache exact-name match,False,No explicit stable-isotope suffix detected,Retain as biological candidate; preserve analysis identity
ST003348,exercise,AN005484,Reversed phase NEGATIVE ION MODE,ME875651,ST003348|AN005484|ME875651,Myristoleic acid(FFA(14:1n5),Myristoleic acid,RM0153354,Fatty Acyls,Fatty acids,Unsaturated FA,mapped_by_repository_refmet_field,repository-provided; exact class-name lookup; not independently verified,MW /data refmet_name; RefMet classification cache exact-name match,False,No explicit stable-isotope suffix detected,Retain as biological candidate; preserve analysis identity
ST003348,exercise,AN005484,Reversed phase NEGATIVE ION MODE,ME875613,ST003348|AN005484|ME875613,N-Acetyl-L-aspartic acid,N-Acetylaspartic acid,RM0136005,Organic acids,Amino acids and peptides,Amino acids,mapped_by_repository_refmet_field,repository-provided; exact class-name lookup; not independently verified,MW /data refmet_name; RefMet classification cache exact-name match,False,No explicit stable-isotope suffix detected,Retain as biological candidate; preserve analysis identity
ST003348,exercise,AN005484,Reversed phase NEGATIVE ION MODE,ME875635,ST003348|AN005484|ME875635,N-Acetylaminooctanoic acid,N-Acetyl-2-aminooctanoic acid,RM0034891,Organic acids,Amino acids and peptides,Amino acids,mapped_by_repository_refmet_field,repository-provided; exact class-name lookup; not independently verified,MW /data refmet_name; RefMet classification cache exact-name match,False,No explicit stable-isotope suffix detected,Retain as biological candidate; preserve analysis identity
ST003348,exercise,AN005484,Reversed phase NEGATIVE ION MODE,ME875742,ST003348|AN005484|ME875742,N-Acetylglucosamine sulfate,,,Unclassified,Unclassified,Unclassified,unmapped_no_refmet_name,not mapped,MW /data refmet_name; no exact classification-cache match,False,No explicit stable-isotope suffix detected,Retain for within-study PCA; omit from RefMet overlap
ST003348,exercise,AN005484,Reversed phase NEGATIVE ION MODE,ME875605,ST003348|AN005484|ME875605,N-Acetyltaurine,N-Acetyltaurine,RM0023264,Organic acids,Organosulfonic acids,Organosulfonic acids,mapped_by_repository_refmet_field,repository-provided; exact class-name lookup; not independently verified,MW /data refmet_name; RefMet classification cache exact-name match,False,No explicit stable-isotope suffix detected,Retain as biological candidate; preserve analysis identity
ST003348,exercise,AN005484,Reversed phase NEGATIVE ION MODE,ME875598,ST003348|AN005484|ME875598,N-Acetylthreonine,N-Acetylthreonine,RM0139149,Organic acids,Amino acids and peptides,Amino acids,mapped_by_repository_refmet_field,repository-provided; exact class-name lookup; not independently verified,MW /data refmet_name; RefMet classification cache exact-name match,False,No explicit stable-isotope suffix detected,Retain as biological candidate; preserve analysis identity
ST003348,exercise,AN005484,Reversed phase NEGATIVE ION MODE,ME875615,ST003348|AN005484|ME875615,N-Formyl-L-methionine,N-Formylmethionine,RM0136031,Organic acids,Amino acids and peptides,Amino acids,mapped_by_repository_refmet_field,repository-provided; exact class-name lookup; not independently verified,MW /data refmet_name; RefMet classification cache exact-name match,False,No explicit stable-isotope suffix detected,Retain as biological candidate; preserve analysis identity
ST003348,exercise,AN005484,Reversed phase NEGATIVE ION MODE,ME875769,ST003348|AN005484|ME875769,N-Oleoyl-Serine,NA-Ser 18:1(9Z),RM0154289,Fatty Acyls,Fatty amides,N-acyl amines,mapped_by_repository_refmet_field,repository-provided; exact class-name lookup; not independently verified,MW /data refmet_name; RefMet classification cache exact-name match,False,No explicit stable-isotope suffix detected,Retain as biological candidate; preserve analysis identity
ST003348,exercise,AN005484,Reversed phase NEGATIVE ION MODE,ME875761,ST003348|AN005484|ME875761,N-Palmitoyl Serine,NA-Ser 16:0,RM0154259,Fatty Acyls,Fatty amides,N-acyl amines,mapped_by_repository_refmet_field,repository-provided; exact class-name lookup; not independently verified,MW /data refmet_name; RefMet classification cache exact-name match,False,No explicit stable-isotope suffix detected,Retain as biological candidate; preserve analysis identity
ST003348,exercise,AN005484,Reversed phase NEGATIVE ION MODE,ME875717,ST003348|AN005484|ME875717,N4-Acetylsulfamethoxazole,N-Acetylsulfamethoxazole,RM0137022,Benzenoids,Benzenes,Benzenesulfonamides,mapped_by_repository_refmet_field,repository-provided; exact class-name lookup; not independently verified,MW /data refmet_name; RefMet classification cache exact-name match,False,No explicit stable-isotope suffix detected,Retain as biological candidate; preserve analysis identity
ST003348,exercise,AN005484,Reversed phase NEGATIVE ION MODE,ME875611,ST003348|AN005484|ME875611,N5-Acetylornithine,N(5)-Acetyl-ornithine,RM0128766,Organic acids,Amino acids and peptides,Amino acids,mapped_by_repository_refmet_field,repository-provided; exact class-name lookup; not independently verified,MW /data refmet_name; RefMet classification cache exact-name match,False,No explicit stable-isotope suffix detected,Retain as biological candidate; preserve analysis identity
ST003348,exercise,AN005484,Reversed phase NEGATIVE ION MODE,ME875694,ST003348|AN005484|ME875694,NegX-RT171MZ00,,,Unclassified,Unclassified,Unclassified,unmapped_no_refmet_name,not mapped,MW /data refmet_name; no exact classification-cache match,False,No explicit stable-isotope suffix detected,Retain for within-study PCA; omit from RefMet overlap
ST003348,exercise,AN005484,Reversed phase NEGATIVE ION MODE,ME875680,ST003348|AN005484|ME875680,NegX-RT295MZ165,,,Unclassified,Unclassified,Unclassified,unmapped_no_refmet_name,not mapped,MW /data refmet_name; no exact classification-cache match,False,No explicit stable-isotope suffix detected,Retain for within-study PCA; omit from RefMet overlap
ST003348,exercise,AN005484,Reversed phase NEGATIVE ION MODE,ME875668,ST003348|AN005484|ME875668,NegX-RT32MZ129,,,Unclassified,Unclassified,Unclassified,unmapped_no_refmet_name,not mapped,MW /data refmet_name; no exact classification-cache match,False,No explicit stable-isotope suffix detected,Retain for within-study PCA; omit from RefMet overlap
ST003348,exercise,AN005484,Reversed phase NEGATIVE ION MODE,ME875693,ST003348|AN005484|ME875693,NegX-RT37MZ197,,,Unclassified,Unclassified,Unclassified,unmapped_no_refmet_name,not mapped,MW /data refmet_name; no exact classification-cache match,False,No explicit stable-isotope suffix detected,Retain for within-study PCA; omit from RefMet overlap
ST003348,exercise,AN005484,Reversed phase NEGATIVE ION MODE,ME875684,ST003348|AN005484|ME875684,NegX-RT385MZ193,,,Unclassified,Unclassified,Unclassified,unmapped_no_refmet_name,not mapped,MW /data refmet_name; no exact classification-cache match,False,No explicit stable-isotope suffix detected,Retain for within-study PCA; omit from RefMet overlap
ST003348,exercise,AN005484,Reversed phase NEGATIVE ION MODE,ME875675,ST003348|AN005484|ME875675,NegX-RT40MZ141,,,Unclassified,Unclassified,Unclassified,unmapped_no_refmet_name,not mapped,MW /data refmet_name; no exact classification-cache match,False,No explicit stable-isotope suffix detected,Retain for within-study PCA; omit from RefMet overlap
ST003348,exercise,AN005484,Reversed phase NEGATIVE ION MODE,ME875821,ST003348|AN005484|ME875821,NegX-RT413MZ424(containing nitrate),,,Unclassified,Unclassified,Unclassified,unmapped_no_refmet_name,not mapped,MW /data refmet_name; no exact classification-cache match,False,No explicit stable-isotope suffix detected,Retain for within-study PCA; omit from RefMet overlap
ST003348,exercise,AN005484,Reversed phase NEGATIVE ION MODE,ME875746,ST003348|AN005484|ME875746,NegX-RT439MZ313,,,Unclassified,Unclassified,Unclassified,unmapped_no_refmet_name,not mapped,MW /data refmet_name; no exact classification-cache match,False,No explicit stable-isotope suffix detected,Retain for within-study PCA; omit from RefMet overlap
ST003348,exercise,AN005484,Reversed phase NEGATIVE ION MODE,ME875714,ST003348|AN005484|ME875714,NegX-RT464MZ239,,,Unclassified,Unclassified,Unclassified,unmapped_no_refmet_name,not mapped,MW /data refmet_name; no exact classification-cache match,False,No explicit stable-isotope suffix detected,Retain for within-study PCA; omit from RefMet overlap
ST003348,exercise,AN005484,Reversed phase NEGATIVE ION MODE,ME875741,ST003348|AN005484|ME875741,NegX-RT539MZ295,,,Unclassified,Unclassified,Unclassified,unmapped_no_refmet_name,not mapped,MW /data refmet_name; no exact classification-cache match,False,No explicit stable-isotope suffix detected,Retain for within-study PCA; omit from RefMet overlap
ST003348,exercise,AN005484,Reversed phase NEGATIVE ION MODE,ME875771,ST003348|AN005484|ME875771,NegX-RT573-C18H34O4,,,Unclassified,Unclassified,Unclassified,unmapped_no_refmet_name,not mapped,MW /data refmet_name; no exact classification-cache match,False,No explicit stable-isotope suffix detected,Retain for within-study PCA; omit from RefMet overlap
ST003348,exercise,AN005484,Reversed phase NEGATIVE ION MODE,ME875766,ST003348|AN005484|ME875766,Nervonic acid(FFA(24:1),Nervonic acid,RM0153255,Fatty Acyls,Fatty acids,Unsaturated FA,mapped_by_repository_refmet_field,repository-provided; exact class-name lookup; not independently verified,MW /data refmet_name; RefMet classification cache exact-name match,False,No explicit stable-isotope suffix detected,Retain as biological candidate; preserve analysis identity
ST003348,exercise,AN005484,Reversed phase NEGATIVE ION MODE,ME875720,ST003348|AN005484|ME875720,Nonadecenoic acid(FFA(19:1),Nonadecenoic acid,RM0138767,Fatty Acyls,Fatty acids,Unsaturated FA,mapped_by_repository_refmet_field,repository-provided; exact class-name lookup; not independently verified,MW /data refmet_name; RefMet classification cache exact-name match,False,No explicit stable-isotope suffix detected,Retain as biological candidate; preserve analysis identity
ST003348,exercise,AN005484,Reversed phase NEGATIVE ION MODE,ME875638,ST003348|AN005484|ME875638,O-Methoxycatechol-O-sulphate,Guaiacol sulfate,RM0002544,Organic acids,Arylsulfates,Phenylsulfates,mapped_by_repository_refmet_field,repository-provided; exact class-name lookup; not independently verified,MW /data refmet_name; RefMet classification cache exact-name match,False,No explicit stable-isotope suffix detected,Retain as biological candidate; preserve analysis identity
ST003348,exercise,AN005484,Reversed phase NEGATIVE ION MODE,ME875683,ST003348|AN005484|ME875683,O-Sulfotyrosine,Sulfotyrosine,RM0132220,Organic acids,Amino acids and peptides,Amino acids,mapped_by_repository_refmet_field,repository-provided; exact class-name lookup; not independently verified,MW /data refmet_name; RefMet classification cache exact-name match,False,No explicit stable-isotope suffix detected,Retain as biological candidate; preserve analysis identity
ST003348,exercise,AN005484,Reversed phase NEGATIVE ION MODE,ME875743,ST003348|AN005484|ME875743,Octadecanedioic acid(FFA(18:0-DC),Octadecanedioic acid,RM0153696,Fatty Acyls,Fatty acids,Dicarboxylic acids,mapped_by_repository_refmet_field,repository-provided; exact class-name lookup; not independently verified,MW /data refmet_name; RefMet classification cache exact-name match,False,No explicit stable-isotope suffix detected,Retain as biological candidate; preserve analysis identity
ST003348,exercise,AN005484,Reversed phase NEGATIVE ION MODE,ME875737,ST003348|AN005484|ME875737,Octadecendioic acid(FFA(18:1-DC),Octadecanedioic acid,RM0153696,Fatty Acyls,Fatty acids,Dicarboxylic acids,mapped_by_repository_refmet_field,repository-provided; exact class-name lookup; not independently verified,MW /data refmet_name; RefMet classification cache exact-name match,False,No explicit stable-isotope suffix detected,Retain as biological candidate; preserve analysis identity
ST003348,exercise,AN005484,Reversed phase NEGATIVE ION MODE,ME875633,ST003348|AN005484|ME875633,Octyl butanoate,Octyl butanoate,RM0140023,Fatty Acyls,Fatty esters,Short fatty esters,mapped_by_repository_refmet_field,repository-provided; exact class-name lookup; not independently verified,MW /data refmet_name; RefMet classification cache exact-name match,False,No explicit stable-isotope suffix detected,Retain as biological candidate; preserve analysis identity
ST003348,exercise,AN005484,Reversed phase NEGATIVE ION MODE,ME875707,ST003348|AN005484|ME875707,Oleic acid(FFA(18:1n9),Oleic acid,RM0151650,Fatty Acyls,Fatty acids,Unsaturated FA,mapped_by_repository_refmet_field,repository-provided; exact class-name lookup; not independently verified,MW /data refmet_name; RefMet classification cache exact-name match,False,No explicit stable-isotope suffix detected,Retain as biological candidate; preserve analysis identity
ST003348,exercise,AN005484,Reversed phase NEGATIVE ION MODE,ME875752,ST003348|AN005484|ME875752,Oleoylethanolamide,Oleoyl-EA,RM0153033,Fatty Acyls,Fatty amides,NAE,mapped_by_repository_refmet_field,repository-provided; exact class-name lookup; not independently verified,MW /data refmet_name; RefMet classification cache exact-name match,False,No explicit stable-isotope suffix detected,Retain as biological candidate; preserve analysis identity
ST003348,exercise,AN005484,Reversed phase NEGATIVE ION MODE,ME875840,ST003348|AN005484|ME875840,Oxalic acid,Oxalic acid,RM0149940,Fatty Acyls,Fatty acids,Dicarboxylic acids,mapped_by_repository_refmet_field,repository-provided; exact class-name lookup; not independently verified,MW /data refmet_name; RefMet classification cache exact-name match,False,No explicit stable-isotope suffix detected,Retain as biological candidate; preserve analysis identity
ST003348,exercise,AN005484,Reversed phase NEGATIVE ION MODE,ME875590,ST003348|AN005484|ME875590,Oxoglutaric acid,2-Oxoglutaric acid,RM0135911,Organic acids,TCA acids,TCA acids,mapped_by_repository_refmet_field,repository-provided; exact class-name lookup; not independently verified,MW /data refmet_name; RefMet classification cache exact-name match,False,No explicit stable-isotope suffix detected,Retain as biological candidate; preserve analysis identity
ST003348,exercise,AN005484,Reversed phase NEGATIVE ION MODE,ME875676,ST003348|AN005484|ME875676,Palmitic acid(FFA(16:0),Palmitic acid,RM0153571,Fatty Acyls,Fatty acids,Saturated FA,mapped_by_repository_refmet_field,repository-provided; exact class-name lookup; not independently verified,MW /data refmet_name; RefMet classification cache exact-name match,False,No explicit stable-isotope suffix detected,Retain as biological candidate; preserve analysis identity
ST003348,exercise,AN005484,Reversed phase NEGATIVE ION MODE,ME875696,ST003348|AN005484|ME875696,Palmitic acid-[13C]16,Palmitic acid,RM0153571,Fatty Acyls,Fatty acids,Saturated FA,excluded_isotope_labeled_or_internal_standard,repository-provided; exact class-name lookup; not independently verified,MW /data refmet_name; RefMet classification cache exact-name match,True,Explicit stable-isotope suffix in source-reported name,Exclude row from biological analyses
ST003348,exercise,AN005484,Reversed phase NEGATIVE ION MODE,ME875672,ST003348|AN005484|ME875672,Palmitoleic acid(FFA(16:1),Palmitoleic acid,RM0153617,Fatty Acyls,Fatty acids,Unsaturated FA,mapped_by_repository_refmet_field,repository-provided; exact class-name lookup; not independently verified,MW /data refmet_name; RefMet classification cache exact-name match,False,No explicit stable-isotope suffix detected,Retain as biological candidate; preserve analysis identity
ST003348,exercise,AN005484,Reversed phase NEGATIVE ION MODE,ME875620,ST003348|AN005484|ME875620,Paraxanthine,Paraxanthine,RM0047891,Nucleic acids,Purines,Xanthines,mapped_by_repository_refmet_field,repository-provided; exact class-name lookup; not independently verified,MW /data refmet_name; RefMet classification cache exact-name match,False,No explicit stable-isotope suffix detected,Retain as biological candidate; preserve analysis identity
ST003348,exercise,AN005484,Reversed phase NEGATIVE ION MODE,ME875659,ST003348|AN005484|ME875659,Pentadecanoic acid(FFA(15:0),Pentadecylic acid,RM0153573,Fatty Acyls,Fatty acids,Saturated FA,mapped_by_repository_refmet_field,repository-provided; exact class-name lookup; not independently verified,MW /data refmet_name; RefMet classification cache exact-name match,False,No explicit stable-isotope suffix detected,Retain as biological candidate; preserve analysis identity
ST003348,exercise,AN005484,Reversed phase NEGATIVE ION MODE,ME875793,ST003348|AN005484|ME875793,Perfluorooctanoic acid(PFOA),,,Unclassified,Unclassified,Unclassified,unmapped_no_refmet_name,not mapped,MW /data refmet_name; no exact classification-cache match,False,No explicit stable-isotope suffix detected,Retain for within-study PCA; omit from RefMet overlap
ST003348,exercise,AN005484,Reversed phase NEGATIVE ION MODE,ME875740,ST003348|AN005484|ME875740,Phe-Leu,Phe-Leu,RM0131722,Organic acids,Amino acids and peptides,Dipeptides,mapped_by_repository_refmet_field,repository-provided; exact class-name lookup; not independently verified,MW /data refmet_name; RefMet classification cache exact-name match,False,No explicit stable-isotope suffix detected,Retain as biological candidate; preserve analysis identity
ST003348,exercise,AN005484,Reversed phase NEGATIVE ION MODE,ME875604,ST003348|AN005484|ME875604,Phenyllactic acid,Phenyllactic acid,RM0012471,Organic acids,Phenylpropanoids,Cinnamic acids,mapped_by_repository_refmet_field,repository-provided; exact class-name lookup; not independently verified,MW /data refmet_name; RefMet classification cache exact-name match,False,No explicit stable-isotope suffix detected,Retain as biological candidate; preserve analysis identity
ST003348,exercise,AN005484,Reversed phase NEGATIVE ION MODE,ME875844,ST003348|AN005484|ME875844,Phosphate,Phosphoric acid,RM0032341,Inorganic compounds,Phosphorus inorganic compounds,Phosphates,mapped_by_repository_refmet_field,repository-provided; exact class-name lookup; not independently verified,MW /data refmet_name; RefMet classification cache exact-name match,False,No explicit stable-isotope suffix detected,Retain as biological candidate; preserve analysis identity
ST003348,exercise,AN005484,Reversed phase NEGATIVE ION MODE,ME875816,ST003348|AN005484|ME875816,Pregnandiol sulfate (1),,,Unclassified,Unclassified,Unclassified,unmapped_no_refmet_name,not mapped,MW /data refmet_name; no exact classification-cache match,False,No explicit stable-isotope suffix detected,Retain for within-study PCA; omit from RefMet overlap
ST003348,exercise,AN005484,Reversed phase NEGATIVE ION MODE,ME875813,ST003348|AN005484|ME875813,Pregnanediol O-glucuronide,,,Unclassified,Unclassified,Unclassified,unmapped_no_refmet_name,not mapped,MW /data refmet_name; no exact classification-cache match,False,No explicit stable-isotope suffix detected,Retain for within-study PCA; omit from RefMet overlap
ST003348,exercise,AN005484,Reversed phase NEGATIVE ION MODE,ME875797,ST003348|AN005484|ME875797,Pregnanediol monosulfate,,,Unclassified,Unclassified,Unclassified,unmapped_no_refmet_name,not mapped,MW /data refmet_name; no exact classification-cache match,False,No explicit stable-isotope suffix detected,Retain for within-study PCA; omit from RefMet overlap
ST003348,exercise,AN005484,Reversed phase NEGATIVE ION MODE,ME875785,ST003348|AN005484|ME875785,Pregnenolone sulfate,Pregnenolone sulfate,RM0138917,Sterol Lipids,Steroids,C21 Steroids,mapped_by_repository_refmet_field,repository-provided; exact class-name lookup; not independently verified,MW /data refmet_name; RefMet classification cache exact-name match,False,No explicit stable-isotope suffix detected,Retain as biological candidate; preserve analysis identity
ST003348,exercise,AN005484,Reversed phase NEGATIVE ION MODE,ME875666,ST003348|AN005484|ME875666,"Pregnenolone-3,21-disulfate",,,Unclassified,Unclassified,Unclassified,unmapped_no_refmet_name,not mapped,MW /data refmet_name; no exact classification-cache match,False,No explicit stable-isotope suffix detected,Retain for within-study PCA; omit from RefMet overlap
ST003348,exercise,AN005484,Reversed phase NEGATIVE ION MODE,ME875681,ST003348|AN005484|ME875681,Propylparaben sulfate,Propylparaben sulfate,RM0188110,Benzenoids,Benzoic acids,Hydroxybenzoic acids,mapped_by_repository_refmet_field,repository-provided; exact class-name lookup; not independently verified,MW /data refmet_name; RefMet classification cache exact-name match,False,No explicit stable-isotope suffix detected,Retain as biological candidate; preserve analysis identity
ST003348,exercise,AN005484,Reversed phase NEGATIVE ION MODE,ME875642,ST003348|AN005484|ME875642,Pyrogallol-1-O-sulphate,Pyrogallol 1-sulfate,RM0186628,Benzenoids,Phenols,Benzenetriols,mapped_by_repository_refmet_field,repository-provided; exact class-name lookup; not independently verified,MW /data refmet_name; RefMet classification cache exact-name match,False,No explicit stable-isotope suffix detected,Retain as biological candidate; preserve analysis identity
ST003348,exercise,AN005484,Reversed phase NEGATIVE ION MODE,ME875643,ST003348|AN005484|ME875643,Pyrogallol-2-O-sulphate,Pyrogallol 2-sulfate,RM0186629,Benzenoids,Phenols,Benzenetriols,mapped_by_repository_refmet_field,repository-provided; exact class-name lookup; not independently verified,MW /data refmet_name; RefMet classification cache exact-name match,False,No explicit stable-isotope suffix detected,Retain as biological candidate; preserve analysis identity
ST003348,exercise,AN005484,Reversed phase NEGATIVE ION MODE,ME875838,ST003348|AN005484|ME875838,Pyruvic acid,Pyruvic acid,RM0134967,Organic acids,Short-chain acids,Short-chain acids,mapped_by_repository_refmet_field,repository-provided; exact class-name lookup; not independently verified,MW /data refmet_name; RefMet classification cache exact-name match,False,No explicit stable-isotope suffix detected,Retain as biological candidate; preserve analysis identity
ST003348,exercise,AN005484,Reversed phase NEGATIVE ION MODE,ME875602,ST003348|AN005484|ME875602,Ribonic acid+Xylonate,Ribonic acid,RM0138937,Carbohydrates,Monosaccharides,Sugar acids,mapped_by_repository_refmet_field,repository-provided; exact class-name lookup; not independently verified,MW /data refmet_name; RefMet classification cache exact-name match,False,No explicit stable-isotope suffix detected,Retain as biological candidate; preserve analysis identity
ST003348,exercise,AN005484,Reversed phase NEGATIVE ION MODE,ME875592,ST003348|AN005484|ME875592,Ribose,Ribose,RM0006551,Carbohydrates,Monosaccharides,Pentoses,mapped_by_repository_refmet_field,repository-provided; exact class-name lookup; not independently verified,MW /data refmet_name; RefMet classification cache exact-name match,False,No explicit stable-isotope suffix detected,Retain as biological candidate; preserve analysis identity
ST003348,exercise,AN005484,Reversed phase NEGATIVE ION MODE,ME875710,ST003348|AN005484|ME875710,Stearic acid(FFA(18:0),Stearic acid,RM0153574,Fatty Acyls,Fatty acids,Saturated FA,mapped_by_repository_refmet_field,repository-provided; exact class-name lookup; not independently verified,MW /data refmet_name; RefMet classification cache exact-name match,False,No explicit stable-isotope suffix detected,Retain as biological candidate; preserve analysis identity
ST003348,exercise,AN005484,Reversed phase NEGATIVE ION MODE,ME875747,ST003348|AN005484|ME875747,Stearic acid-D35,Stearic acid,RM0153574,Fatty Acyls,Fatty acids,Saturated FA,excluded_isotope_labeled_or_internal_standard,repository-provided; exact class-name lookup; not independently verified,MW /data refmet_name; RefMet classification cache exact-name match,True,Explicit stable-isotope suffix in source-reported name,Exclude row from biological analyses
ST003348,exercise,AN005484,Reversed phase NEGATIVE ION MODE,ME875698,ST003348|AN005484|ME875698,Stearidonic acid(FFA(18:4n3),Stearidonic acid,RM0153201,Fatty Acyls,Fatty acids,Unsaturated FA,mapped_by_repository_refmet_field,repository-provided; exact class-name lookup; not independently verified,MW /data refmet_name; RefMet classification cache exact-name match,False,No explicit stable-isotope suffix detected,Retain as biological candidate; preserve analysis identity
ST003348,exercise,AN005484,Reversed phase NEGATIVE ION MODE,ME875794,ST003348|AN005484|ME875794,Steroid-C21H34O3 monosulfate,,,Unclassified,Unclassified,Unclassified,unmapped_no_refmet_name,not mapped,MW /data refmet_name; no exact classification-cache match,False,No explicit stable-isotope suffix detected,Retain for within-study PCA; omit from RefMet overlap
ST003348,exercise,AN005484,Reversed phase NEGATIVE ION MODE,ME875610,ST003348|AN005484|ME875610,Suberic acid(FFA(8:0-DC),Suberic acid,RM0134985,Fatty Acyls,Fatty acids,Dicarboxylic acids,mapped_by_repository_refmet_field,repository-provided; exact class-name lookup; not independently verified,MW /data refmet_name; RefMet classification cache exact-name match,False,No explicit stable-isotope suffix detected,Retain as biological candidate; preserve analysis identity
ST003348,exercise,AN005484,Reversed phase NEGATIVE ION MODE,ME875577,ST003348|AN005484|ME875577,Succinic acid,Succinic acid,RM0134982,Organic acids,TCA acids,TCA acids,mapped_by_repository_refmet_field,repository-provided; exact class-name lookup; not independently verified,MW /data refmet_name; RefMet classification cache exact-name match,False,No explicit stable-isotope suffix detected,Retain as biological candidate; preserve analysis identity
ST003348,exercise,AN005484,Reversed phase NEGATIVE ION MODE,ME875843,ST003348|AN005484|ME875843,Sulfate,Sulfate,RM0071714,Inorganic compounds,Sulfur inorganic compounds,Sulfates,mapped_by_repository_refmet_field,repository-provided; exact class-name lookup; not independently verified,MW /data refmet_name; RefMet classification cache exact-name match,False,No explicit stable-isotope suffix detected,Retain as biological candidate; preserve analysis identity
ST003348,exercise,AN005484,Reversed phase NEGATIVE ION MODE,ME875817,ST003348|AN005484|ME875817,Sulfolithocholylglycine,Glycolithocholic acid 3-sulfate,RM0028402,Sterol Lipids,Bile acids,C24 bile acids,mapped_by_repository_refmet_field,repository-provided; exact class-name lookup; not independently verified,MW /data refmet_name; RefMet classification cache exact-name match,False,No explicit stable-isotope suffix detected,Retain as biological candidate; preserve analysis identity
ST003348,exercise,AN005484,Reversed phase NEGATIVE ION MODE,ME875814,ST003348|AN005484|ME875814,Taurochenodesoxycholic acid,Taurochenodeoxycholic acid,RM0128369,Sterol Lipids,Bile acids,C24 bile acids,mapped_by_repository_refmet_field,repository-provided; exact class-name lookup; not independently verified,MW /data refmet_name; RefMet classification cache exact-name match,False,No explicit stable-isotope suffix detected,Retain as biological candidate; preserve analysis identity
ST003348,exercise,AN005484,Reversed phase NEGATIVE ION MODE,ME875818,ST003348|AN005484|ME875818,Taurocholic acid,Taurocholic acid,RM0033602,Sterol Lipids,Bile acids,C24 bile acids,mapped_by_repository_refmet_field,repository-provided; exact class-name lookup; not independently verified,MW /data refmet_name; RefMet classification cache exact-name match,False,No explicit stable-isotope suffix detected,Retain as biological candidate; preserve analysis identity
ST003348,exercise,AN005484,Reversed phase NEGATIVE ION MODE,ME875815,ST003348|AN005484|ME875815,Taurodeoxycholic acid,Taurodeoxycholic acid,RM0135855,Sterol Lipids,Bile acids,C24 bile acids,mapped_by_repository_refmet_field,repository-provided; exact class-name lookup; not independently verified,MW /data refmet_name; RefMet classification cache exact-name match,False,No explicit stable-isotope suffix detected,Retain as biological candidate; preserve analysis identity
ST003348,exercise,AN005484,Reversed phase NEGATIVE ION MODE,ME875822,ST003348|AN005484|ME875822,Taurolithocholic acid 3-sulfate,Taurolithocholic acid 3-sulfate,RM0135843,Sterol Lipids,Bile acids,C24 bile acids,mapped_by_repository_refmet_field,repository-provided; exact class-name lookup; not independently verified,MW /data refmet_name; RefMet classification cache exact-name match,False,No explicit stable-isotope suffix detected,Retain as biological candidate; preserve analysis identity
ST003348,exercise,AN005484,Reversed phase NEGATIVE ION MODE,ME875768,ST003348|AN005484|ME875768,Testosterone sulfate (1),Testosterone sulfate,RM0126068,Sterol Lipids,Steroids,C19 Steroids,mapped_by_repository_refmet_field,repository-provided; exact class-name lookup; not independently verified,MW /data refmet_name; RefMet classification cache exact-name match,False,No explicit stable-isotope suffix detected,Retain as biological candidate; preserve analysis identity
ST003348,exercise,AN005484,Reversed phase NEGATIVE ION MODE,ME875765,ST003348|AN005484|ME875765,Tetracosahexaenoic acid(FFA(24:6),Tetracosahexaenoic acid,RM0150295,Fatty Acyls,Fatty acids,Unsaturated FA,mapped_by_repository_refmet_field,repository-provided; exact class-name lookup; not independently verified,MW /data refmet_name; RefMet classification cache exact-name match,False,No explicit stable-isotope suffix detected,Retain as biological candidate; preserve analysis identity
ST003348,exercise,AN005484,Reversed phase NEGATIVE ION MODE,ME875679,ST003348|AN005484|ME875679,Tetradecanedioic acid(FFA(14:2-DC),Tetradecanedioic acid,RM0153229,Fatty Acyls,Fatty acids,Dicarboxylic acids,mapped_by_repository_refmet_field,repository-provided; exact class-name lookup; not independently verified,MW /data refmet_name; RefMet classification cache exact-name match,False,No explicit stable-isotope suffix detected,Retain as biological candidate; preserve analysis identity
ST003348,exercise,AN005484,Reversed phase NEGATIVE ION MODE,ME875719,ST003348|AN005484|ME875719,Tetradecanedioic acid(FFA(14:2-DC) isomer1,Tetradecanedioic acid,RM0153229,Fatty Acyls,Fatty acids,Dicarboxylic acids,mapped_by_repository_refmet_field,repository-provided; exact class-name lookup; not independently verified,MW /data refmet_name; RefMet classification cache exact-name match,False,No explicit stable-isotope suffix detected,Retain as biological candidate; preserve analysis identity
ST003348,exercise,AN005484,Reversed phase NEGATIVE ION MODE,ME875722,ST003348|AN005484|ME875722,Tetradecanedioic acid(FFA(14:2-DC) isomer2,Tetradecanedioic acid,RM0153229,Fatty Acyls,Fatty acids,Dicarboxylic acids,mapped_by_repository_refmet_field,repository-provided; exact class-name lookup; not independently verified,MW /data refmet_name; RefMet classification cache exact-name match,False,No explicit stable-isotope suffix detected,Retain as biological candidate; preserve analysis identity
ST003348,exercise,AN005484,Reversed phase NEGATIVE ION MODE,ME875726,ST003348|AN005484|ME875726,Tetradecanedioic acid(FFA(14:2-DC) isomer3,Tetradecanedioic acid,RM0153229,Fatty Acyls,Fatty acids,Dicarboxylic acids,mapped_by_repository_refmet_field,repository-provided; exact class-name lookup; not independently verified,MW /data refmet_name; RefMet classification cache exact-name match,False,No explicit stable-isotope suffix detected,Retain as biological candidate; preserve analysis identity
ST003348,exercise,AN005484,Reversed phase NEGATIVE ION MODE,ME875587,ST003348|AN005484|ME875587,Threonic acid,Threonic acid,RM0049431,Carbohydrates,Monosaccharides,Sugar acids,mapped_by_repository_refmet_field,repository-provided; exact class-name lookup; not independently verified,MW /data refmet_name; RefMet classification cache exact-name match,False,No explicit stable-isotope suffix detected,Retain as biological candidate; preserve analysis identity
ST003348,exercise,AN005484,Reversed phase NEGATIVE ION MODE,ME875656,ST003348|AN005484|ME875656,Thymidine,Thymidine,RM0135927,Nucleic acids,Pyrimidines,Pyrimidine deoxyribonucleosides,mapped_by_repository_refmet_field,repository-provided; exact class-name lookup; not independently verified,MW /data refmet_name; RefMet classification cache exact-name match,False,No explicit stable-isotope suffix detected,Retain as biological candidate; preserve analysis identity
ST003348,exercise,AN005484,Reversed phase NEGATIVE ION MODE,ME875764,ST003348|AN005484|ME875764,Tricosanoic acid(FFA(23:0),Tricosylic acid,RM0153578,Fatty Acyls,Fatty acids,Saturated FA,mapped_by_repository_refmet_field,repository-provided; exact class-name lookup; not independently verified,MW /data refmet_name; RefMet classification cache exact-name match,False,No explicit stable-isotope suffix detected,Retain as biological candidate; preserve analysis identity
ST003348,exercise,AN005484,Reversed phase NEGATIVE ION MODE,ME875660,ST003348|AN005484|ME875660,Uridine,Uridine,RM0135933,Nucleic acids,Pyrimidines,Pyrimidine ribonucleosides,mapped_by_repository_refmet_field,repository-provided; exact class-name lookup; not independently verified,MW /data refmet_name; RefMet classification cache exact-name match,False,No explicit stable-isotope suffix detected,Retain as biological candidate; preserve analysis identity
ST003348,exercise,AN005484,Reversed phase NEGATIVE ION MODE,ME875790,ST003348|AN005484|ME875790,Ursocholic acid+Alpha-Muricholic acid+Beta-Muricholic acid,,,Unclassified,Unclassified,Unclassified,unmapped_no_refmet_name,not mapped,MW /data refmet_name; no exact classification-cache match,False,No explicit stable-isotope suffix detected,Retain for within-study PCA; omit from RefMet overlap
ST003348,exercise,AN005484,Reversed phase NEGATIVE ION MODE,ME875777,ST003348|AN005484|ME875777,Ursodeoxycholic acid,Ursodeoxycholic acid,RM0160855,Sterol Lipids,Bile acids,C24 bile acids,mapped_by_repository_refmet_field,repository-provided; exact class-name lookup; not independently verified,MW /data refmet_name; RefMet classification cache exact-name match,False,No explicit stable-isotope suffix detected,Retain as biological candidate; preserve analysis identity
ST003348,exercise,AN005484,Reversed phase NEGATIVE ION MODE,ME875571,ST003348|AN005484|ME875571,Valeric acid(FFA(5:0),Valeric acid,RM0139464,Fatty Acyls,Fatty acids,Saturated FA,mapped_by_repository_refmet_field,repository-provided; exact class-name lookup; not independently verified,MW /data refmet_name; RefMet classification cache exact-name match,False,No explicit stable-isotope suffix detected,Retain as biological candidate; preserve analysis identity
ST003348,exercise,AN005484,Reversed phase NEGATIVE ION MODE,ME875595,ST003348|AN005484|ME875595,Valerylglycine,,,Unclassified,Unclassified,Unclassified,unmapped_no_refmet_name,not mapped,MW /data refmet_name; no exact classification-cache match,False,No explicit stable-isotope suffix detected,Retain for within-study PCA; omit from RefMet overlap
ST003348,exercise,AN005484,Reversed phase NEGATIVE ION MODE,ME875574,ST003348|AN005484|ME875574,alpha-Ketoisovaleric acid,Ketoisovaleric acid,RM0153610,Fatty Acyls,Fatty acids,Branched FA,mapped_by_repository_refmet_field,repository-provided; exact class-name lookup; not independently verified,MW /data refmet_name; RefMet classification cache exact-name match,False,No explicit stable-isotope suffix detected,Retain as biological candidate; preserve analysis identity
ST003348,exercise,AN005484,Reversed phase NEGATIVE ION MODE,ME875608,ST003348|AN005484|ME875608,cis-Aconitic acid,cis-Aconitic acid,RM0021619,Organic acids,TCA acids,TCA acids,mapped_by_repository_refmet_field,repository-provided; exact class-name lookup; not independently verified,MW /data refmet_name; RefMet classification cache exact-name match,False,No explicit stable-isotope suffix detected,Retain as biological candidate; preserve analysis identity
ST003348,exercise,AN005484,Reversed phase NEGATIVE ION MODE,ME875685,ST003348|AN005484|ME875685,gamma-CEHC,gamma-CEHC,RM0133221,Benzenoids,Benzopyrans,1-benzopyrans,mapped_by_repository_refmet_field,repository-provided; exact class-name lookup; not independently verified,MW /data refmet_name; RefMet classification cache exact-name match,False,No explicit stable-isotope suffix detected,Retain as biological candidate; preserve analysis identity
ST003348,exercise,AN005484,Reversed phase NEGATIVE ION MODE,ME875641,ST003348|AN005484|ME875641,gamma-Glu-Gly,gamma-Glutamylglycine,RM0043089,Organic acids,Amino acids and peptides,Dipeptides,mapped_by_repository_refmet_field,repository-provided; exact class-name lookup; not independently verified,MW /data refmet_name; RefMet classification cache exact-name match,False,No explicit stable-isotope suffix detected,Retain as biological candidate; preserve analysis identity
ST003348,exercise,AN005484,Reversed phase NEGATIVE ION MODE,ME875708,ST003348|AN005484|ME875708,p-Cresol glucuronide,P-Cresol glucuronide,RM0013100,Carbohydrates,Monosaccharides,Sugar acids,mapped_by_repository_refmet_field,repository-provided; exact class-name lookup; not independently verified,MW /data refmet_name; RefMet classification cache exact-name match,False,No explicit stable-isotope suffix detected,Retain as biological candidate; preserve analysis identity
